id,nome,squadra,ruolo,fonti_squadra,peso_titolare,titolarita_web,accordo,presenze_web,fonti_che_lo_schierano,ballottaggio_con,ballottaggio_id,ballottaggio_pct,rigorista_web,rigorista_fonti,stato,rientro_stimato,partite_saltate,fuori_lista
3,Radunovic,Cagliari,P,6.0,0.1,0.017,0.967,2.8,1,,,,,0,,,,0
4,Sportiello,Atalanta,P,5.5,0.1,0.018,0.964,2.9,1,,,,,0,,,,0
22,De Roon,Roma,C,5.5,1.2,0.218,0.564,18.0,2,,,,,0,,,,0
133,Skorupski,Bologna,P,5.5,4.7,0.855,0.709,29.5,5,,,,,0,,,,0
152,Zielinski,Inter,C,5.5,4.0,0.727,0.455,26.1,3,Jones C.|Sucic P.,5172|7070,42|,2,3,,,,0
158,Lezzerini,Fiorentina,P,5.5,0.02,0.004,0.993,2.4,1,,,,,0,,,,0
184,Bernardeschi,Bologna,C,5.5,4.6,0.836,0.673,27.9,4,,,,2,3,,,,0
218,Perin,Juventus,P,6.0,0.0,0.0,1.0,0.0,0,,,,,0,,,,1
219,Sommariva,Genoa,P,5.5,0.02,0.004,0.993,2.4,1,,,,,0,,,,0
252,Biraghi,Torino,D,5.5,0.4,0.073,0.855,14.6,1,,,,,0,,,,0
254,Dimarco,Inter,D,5.5,5.1,0.927,0.855,29.2,5,,,,,0,,,,0
256,Juan Jesus,Venezia,D,5.5,4.1,0.745,0.491,26.1,5,,,,,0,,,,0
283,Neto,Juventus,P,6.0,0.1,0.017,0.967,2.8,1,,,,,0,,,,0
294,Rugani,Juventus,D,6.0,0.5,0.083,0.833,14.8,1,,,,,0,,,,0
309,Dybala,Roma,A,5.5,5.1,0.927,0.855,28.9,5,,,,2,3,,,,0
313,Morata,Como,A,5.5,0.0,0.0,1.0,0.0,0,,,,,0,,,,1
327,Patric,Lazio,D,6.0,0.0,0.0,1.0,13.4,0,,,,,0,,,,0
333,Cataldi,Lazio,C,6.0,0.0,0.0,1.0,14.1,0,,,,,0,problema al quadricipite,2026-10-12,1,0
383,Petagna,Monza,A,5.5,0.0,0.0,1.0,0.0,0,,,,,0,,,,1
418,Goldaniga,Como,D,5.5,0.4,0.073,0.855,14.6,1,,,,,0,,,,0
460,Romagnoli,Lazio,D,6.0,0.0,0.0,1.0,0.0,0,,,,,0,,,,1
487,De Silvestri,Bologna,D,5.5,1.2,0.218,0.564,17.1,2,,,,,0,,,,0
526,Duncan,Venezia,C,5.5,0.0,0.0,1.0,14.5,0,,,,,0,,,,0
530,Pellegrini Lo.,Roma,C,5.5,0.5,0.091,0.818,16.0,1,,,,,0,,,,0
531,Berardi,Sassuolo,A,5.5,4.9,0.891,0.782,28.3,5,,,,1,3,,,,0
536,Politano,Napoli,C,5.5,5.3,0.964,0.927,29.9,5,Neres,6831,67,3,2,,,,0
543,Padelli,Udinese,P,6.0,0.02,0.003,0.993,2.4,1,,,,,0,,,,0
554,Zappacosta,Atalanta,D,5.5,3.4,0.618,0.236,23.9,4,Bellanova,4887,,,0,,,,0
572,Meret,Napoli,P,5.5,4.1,0.745,0.491,26.0,5,,,,,0,,,,0
608,Zapata D.,Torino,A,5.5,1.2,0.218,0.564,16.9,2,,,,,0,,,,0
610,Gollini,Roma,P,5.5,0.1,0.018,0.964,2.9,1,,,,,0,,,,0
632,Zaccagni,Lazio,C,6.0,5.8,0.967,0.933,30.0,6,,,,1,4,,,,0
779,Cristante,Roma,C,5.5,5.1,0.927,0.855,29.3,5,,,,,0,,,,0
787,Djimsiti,Atalanta,D,5.5,0.0,0.0,1.0,0.0,0,,,,,0,,,,1
791,Sabelli,Genoa,D,5.5,0.9,0.164,0.673,16.2,2,,,,,0,,,,0
795,El Shaarawy,Genoa,C,5.5,2.5,0.455,0.091,21.8,3,Vitinha O.,6164,,,0,,,,0
801,Gagliardini,Cagliari,C,6.0,1.5,0.25,0.5,18.5,2,,,,,0,,,,0
827,Locatelli,Juventus,C,6.0,3.2,0.533,0.067,14.0,5,,,,,0,rottura del menisco esterno del ginocchio,2027-01-06,13,0
1850,Kessiè,Atalanta,C,5.5,3.7,0.673,0.345,25.3,5,Samardzic|Pasalic,5119|2077,73|,2,2,,,,0
1852,Spinazzola,Napoli,D,5.5,4.1,0.745,0.491,26.1,5,,,,,0,,,,0
1870,Barella,Inter,C,5.5,5.3,0.964,0.927,29.9,5,,,,,0,,,,0
1871,Deiola,Cagliari,C,6.0,2.5,0.417,0.167,17.3,2,,,,,0,"lesione del menisco laterale del ginocchio sinistro, operato",2026-11-15,6,0
1926,Di Gennaro,Inter,P,5.5,0.02,0.004,0.993,2.4,1,,,,,0,,,,0
1930,Pinsoglio,Juventus,P,6.0,0.02,0.003,0.993,2.4,1,,,,,0,,,,0
1933,Mandragora,Torino,C,5.5,5.3,0.964,0.927,29.9,5,Braganca,7624,,3,2,,,,0
2012,Milik,Juventus,A,6.0,0.0,0.0,1.0,0.0,0,,,,,0,,,,1
2038,Pinamonti,Lazio,A,6.0,4.0,0.667,0.333,24.5,6,Isaksen,6398,85,,0,,,,0
2061,Simeone,Torino,A,5.5,5.3,0.964,0.927,29.5,5,,,,2,3,,,,0
2077,Pasalic,Atalanta,C,5.5,2.3,0.418,0.164,21.2,2,Kessiè,1850,,,0,,,,0
2097,Kean,Como,A,5.5,4.0,0.727,0.455,25.5,4,Douvikas,7017,62,2,2,,,,0
2115,Delli Carri,Monza,D,5.5,0.4,0.0,0.855,0.0,1,,,,,0,,,,1
2120,Bastoni,Inter,D,5.5,5.3,0.964,0.927,29.8,5,,,,,0,,,,0
2127,Satalino,Sassuolo,P,5.5,0.02,0.004,0.993,2.4,1,,,,,0,,,,0
2134,Falcone,Lecce,P,6.0,5.8,0.967,0.933,33.0,6,,,,,0,,,,0
2137,Scamacca,Atalanta,A,5.5,5.1,0.927,0.855,28.9,5,Krstovic,6435,,1,3,,,,0
2155,Cutrone,Monza,A,5.5,4.0,0.727,0.455,25.5,4,Ngonge,6145,,2,3,,,,0
2167,Orsolini,Bologna,C,5.5,4.1,0.745,0.491,26.4,5,,,,1,3,,,,0
2169,Rodriguez R.,Torino,D,5.5,1.7,0.309,0.382,18.7,3,,,,,0,,,,0
2170,Milinkovic-Savic V.,Napoli,P,5.5,0.9,0.164,0.673,7.5,2,,,,,0,,,,0
2188,Marusic,Lazio,D,6.0,2.3,0.383,0.233,19.9,5,,,,,0,,,,0
2194,Calhanoglu,Inter,C,5.5,3.7,0.673,0.345,25.3,5,,,,1,3,,,,0
2263,Lazzari,Lazio,D,6.0,0.8,0.133,0.733,15.7,1,Floriani Mussolini,7131,,,0,,,,0
2296,Mancini,Roma,D,5.5,5.3,0.964,0.927,29.8,5,,,,,0,,,,0
2297,Rossi F.,Atalanta,P,5.5,0.0,0.0,1.0,2.3,0,,,,,0,,,,0
2379,Rabiot,Milan,C,6.0,5.8,0.967,0.933,30.0,6,Saelemaekers|Loftus-Cheek,4892|4199,|,,0,,,,0
2401,Fruchtl,Lecce,P,6.0,0.0,0.0,1.0,0.0,0,,,,,0,,,,1
2404,Alaba,Udinese,D,6.0,0.7,0.117,0.767,15.4,1,,,,,0,,,,0
2423,Pulisic,Milan,C,6.0,4.1,0.683,0.367,25.4,5,Saelemaekers,4892,92,2,3,,,,0
2514,Stones,Inter,D,5.5,2.6,0.473,0.055,21.4,4,Akanji|Bisseck,4159|6217,69|,,0,,,,0
2517,De Bruyne,Napoli,C,5.5,4.3,0.782,0.564,27.0,3,Zambo Anguissa,4220,58,1,3,,,,0
2521,De Gea,Fiorentina,P,5.5,5.3,0.964,0.927,32.9,5,,,,,0,,,,0
2528,Matic,Sassuolo,C,5.5,5.3,0.964,0.927,29.9,5,,,,,0,,,,0
2529,Mkhitaryan,Inter,C,5.5,1.1,0.2,0.6,17.7,2,,,,,0,,,,0
2531,Lukaku,Napoli,A,5.5,0.0,0.0,1.0,0.0,0,,,,,0,,,,1
2593,Martin,Genoa,D,5.5,0.0,0.0,1.0,0.0,0,,,,,0,,,,1
2606,Modric,Milan,C,6.0,5.8,0.967,0.933,30.0,6,Jashari,7203,,3,2,,,,0
2640,Kolasinac,Atalanta,D,5.5,2.4,0.436,0.127,20.8,2,Bernasconi,7219,10,,0,,,,0
2724,Buongiorno,Napoli,D,5.5,0.0,0.0,1.0,8.9,0,,,,,0,"menisco del ginocchio destro, operato",2026-12-27,11,0
2728,Pellegrini Lu.,Lazio,D,6.0,0.0,0.0,1.0,13.4,0,,,,,0,,,,0
2741,Pessina,Monza,C,5.5,1.0,0.182,0.636,14.8,2,,,,3,2,lussazione della rotula del ginocchio destro,2026-11-02,5,0
2764,Martinez L.,Inter,A,5.5,4.9,0.891,0.782,28.3,5,,,,3,3,,,,0
2765,Odgaard,Bologna,C,5.5,2.5,0.455,0.091,20.5,2,,,,,0,lesione ai flessori della coscia destra,2026-10-18,2,0
2766,Zaniolo,Udinese,C,6.0,3.7,0.617,0.233,24.4,5,,,,3,3,,,,0
2788,Bremer,Juventus,D,6.0,5.8,0.967,0.933,29.8,6,,,,,0,,,,0
2809,Vigorito,Como,P,5.5,0.02,0.004,0.993,2.4,1,,,,,0,,,,0
2814,Provedel,Inter,P,5.5,0.1,0.018,0.964,2.9,1,,,,,0,,,,0
2815,Terracciano,Milan,P,6.0,0.1,0.017,0.967,2.8,1,,,,,0,,,,0
2816,Di Lorenzo,Napoli,D,5.5,5.3,0.964,0.927,29.8,5,,,,,0,,,,0
2832,Boga,Juventus,A,6.0,2.2,0.367,0.267,15.9,3,Alajbegovic,7436,,,0,lesione di medio grado del bicipite femorale,2026-11-15,6,0
2845,Contini,Napoli,P,5.5,0.02,0.004,0.993,2.4,1,,,,,0,,,,0
2848,Frattesi,Lazio,C,6.0,5.8,0.967,0.933,30.0,6,,,,,0,,,,0
2857,Traorè Hj.,Genoa,C,5.5,0.8,0.145,0.709,16.8,1,Baldanzi,5823,,,0,,,,0
2874,Ghidotti,Parma,P,5.5,0.02,0.004,0.993,2.4,1,,,,,0,,,,0
4137,Diego Carlos,Parma,D,5.5,4.5,0.818,0.636,27.3,5,,,,,0,,,,0
4147,Caleta-Car,Sassuolo,D,5.5,2.2,0.4,0.2,20.2,2,,,,,0,,,,0
4159,Akanji,Inter,D,5.5,5.3,0.964,0.927,29.8,5,Stones,2514,96,,0,,,,0
4177,Pavard,Inter,D,5.5,1.6,0.291,0.418,18.3,2,,,,,0,,,,0
4179,Gonzalez N.,Juventus,C,6.0,3.9,0.65,0.3,24.9,3,,,,,0,,,,0
4199,Loftus-Cheek,Milan,C,6.0,3.1,0.517,0.033,22.8,2,Rabiot,2379,,,0,,,,0
4210,Mina,Cagliari,D,6.0,3.6,0.6,0.2,23.6,5,,,,3,2,,,,0
4220,Zambo Anguissa,Napoli,C,5.5,2.2,0.4,0.2,20.9,3,De Bruyne,2517,65,,0,lesione miofasciale di basso grado dell adduttore lungo,2026-10-10,0,0
4236,Muric,Sassuolo,P,5.5,4.9,0.891,0.782,30.6,5,,,,,0,,,,0
4260,Winks,Cagliari,C,6.0,5.8,0.967,0.933,30.0,6,,,,,0,,,,0
4263,Kabasele,Udinese,D,6.0,5.0,0.833,0.667,27.6,6,Palma,6925,95,,0,,,,0
4287,Lobotka,Napoli,C,5.5,5.3,0.964,0.927,29.9,5,,,,,0,,,,0
4312,Maignan,Milan,P,6.0,5.8,0.967,0.933,33.0,6,,,,,0,,,,0
4317,N'Dicka,Roma,D,5.5,3.9,0.709,0.418,25.5,5,,,,,0,,,,0
4349,Nicolussi Caviglia,Parma,C,5.5,0.0,0.0,1.0,11.0,0,,,,,0,"lesione alla coscia destra, operato",2026-12-05,8,0
4359,Piccoli,Bologna,A,5.5,4.1,0.745,0.491,25.8,3,Dovbyk,6675,,,0,,,,0
4360,Caprile,Cagliari,P,6.0,5.8,0.967,0.933,33.0,6,,,,,0,,,,0
4364,Gaetano,Atalanta,C,5.5,4.3,0.782,0.564,27.0,5,,,,,0,,,,0
4371,Raspadori,Atalanta,A,5.5,3.2,0.582,0.164,23.0,3,Rowe,6844,40,,0,,,,0
4374,Walukiewicz,Sassuolo,D,5.5,0.5,0.091,0.818,14.5,1,,,,,0,trauma contusivo alla gamba destra,2026-10-15,1,0
4375,Terzic,Frosinone,D,5.5,1.3,0.236,0.527,17.4,2,,,,,0,lesione di basso grado del bicipite femorale,2026-10-10,0,0
4378,Ranieri L.,Fiorentina,D,5.5,3.0,0.545,0.091,22.7,2,,,,,0,,,,0
4387,Adorante,Venezia,A,5.5,0.0,0.0,1.0,12.8,0,,,,,0,"schiena, operato",2026-10-15,1,0
4401,Gabbia,Milan,D,6.0,2.4,0.4,0.2,20.2,4,,,,,0,,,,0
4409,Rrahmani,Napoli,D,5.5,5.3,0.964,0.927,29.8,5,,,,,0,,,,0
4431,Carnesecchi,Atalanta,P,5.5,5.3,0.964,0.927,32.9,5,,,,,0,,,,0
4433,Zortea,Bologna,D,5.5,4.5,0.818,0.636,27.3,5,Holm,5678,62,,0,,,,0
4436,Cambiaghi,Bologna,C,5.5,4.7,0.855,0.709,28.2,5,,,,,0,,,,0
4459,Rovella,Lazio,C,6.0,2.3,0.383,0.233,20.0,4,,,,,0,lesione muscolare al polpaccio,2026-10-15,1,0
4461,Zappa,Cagliari,D,6.0,0.4,0.0,0.867,0.0,1,,,,,0,,,,1
4463,Esposito Se.,Sassuolo,A,5.5,2.7,0.491,0.018,21.5,3,Bowie,7347,,2,3,,,,0
4465,Fagioli,Fiorentina,C,5.5,4.3,0.782,0.564,27.0,3,Oulai,7464,38,,0,,,,0
4468,Bleve,Lecce,P,6.0,0.1,0.017,0.967,2.8,1,,,,,0,,,,0
4479,Elmas,Atalanta,C,5.5,1.8,0.327,0.345,19.7,2,,,,,0,,,,0
4485,Thiam,Monza,P,5.5,1.3,0.236,0.527,9.8,2,Tornqvist,7301,42,,0,,,,0
4502,Gallo,Lecce,D,6.0,5.4,0.9,0.8,28.7,6,Ndaba,7182,,,0,,,,0
4510,Leao,Milan,A,6.0,0.0,0.0,1.0,0.0,0,,,,,0,,,,1
4518,Russo A.,Sassuolo,P,5.5,0.0,0.0,1.0,2.3,0,,,,,0,,,,0
4657,Celik,Juventus,D,6.0,5.8,0.967,0.933,29.8,6,,,,,0,,,,0
4664,Badiashile,Napoli,D,5.5,2.6,0.473,0.055,21.4,5,Beukema,6202,68,,0,,,,0
4686,Fofana Y.,Milan,C,6.0,0.0,0.0,1.0,0.0,0,,,,,0,,,,1
4705,Balerdi,Roma,D,5.5,2.6,0.473,0.055,21.4,2,,,,,0,,,,0
4728,Nkunku,Milan,A,6.0,0.0,0.0,1.0,0.0,0,,,,,0,,,,1
4734,Miranda J.,Bologna,D,5.5,4.9,0.891,0.782,28.5,5,,,,,0,,,,0
4751,Tomori,Milan,D,6.0,0.5,0.083,0.833,14.8,1,,,,,0,,,,0
4772,Angelino,Roma,D,5.5,0.0,0.0,1.0,0.0,0,,,,,0,,,,1
4777,McTominay,Napoli,C,5.5,3.3,0.6,0.2,24.1,5,,,,,0,,,,0
4807,Hermoso,Roma,D,5.5,5.3,0.964,0.927,29.8,5,Koulierakis,7529,,,0,,,,0
4817,Pedraza,Lazio,D,6.0,2.4,0.4,0.2,20.2,3,Tavares N.,5620,,,0,,,,0
4845,Correia T.,Venezia,D,5.5,3.6,0.655,0.309,24.5,3,Hainaut|Haps,6821|5695,72|,,0,,,,0
4856,Chukwueze,Milan,C,6.0,5.6,0.933,0.867,29.4,6,,,,,0,,,,0
4867,Turati,Sassuolo,P,5.5,0.1,0.018,0.964,2.9,1,,,,,0,,,,0
4870,Adopo,Cagliari,C,6.0,5.8,0.967,0.933,30.0,6,,,,,0,,,,0
4871,Thuram,Inter,A,5.5,4.7,0.855,0.709,27.6,5,Esposito F.P.,7071,,,0,,,,0
4887,Bellanova,Atalanta,D,5.5,3.4,0.618,0.236,23.9,3,Zappacosta,554,,,0,,,,0
4892,Saelemaekers,Milan,C,6.0,2.8,0.467,0.067,22.0,2,Pulisic|Rabiot|Cissè A.,2423|2379|6618,38||,,0,,,,0
4896,Maldini,Cagliari,A,6.0,5.8,0.967,0.933,29.5,6,,,,2,2,,,,0
4911,Douglas Luiz,Juventus,C,6.0,5.3,0.883,0.767,28.6,5,Sarr P.,5680,,,0,,,,0
4923,Colombo,Genoa,A,5.5,5.0,0.909,0.818,28.6,5,,,,1,4,,,,0
4925,Carboni A.,Monza,D,5.5,5.3,0.964,0.927,29.8,5,,,,,0,,,,0
4929,Ciocci,Cagliari,P,6.0,0.0,0.0,1.0,0.0,0,,,,,0,,,,1
4947,Brescianini,Fiorentina,C,5.5,2.0,0.364,0.273,20.3,2,,,,,0,,,,0
4952,Monterisi,Frosinone,D,5.5,4.5,0.818,0.636,27.3,5,,,,,0,,,,0
4957,Montipò,Venezia,P,5.5,0.1,0.018,0.964,2.9,1,,,,,0,,,,0
4964,Vicario,Juventus,P,6.0,5.8,0.967,0.933,33.0,6,,,,,0,,,,0
4970,Messias,Genoa,C,5.5,3.2,0.582,0.164,23.8,2,,,,3,2,,,,0
4973,McKennie,Juventus,C,6.0,3.6,0.6,0.2,24.1,4,,,,,0,,,,0
4976,Kalulu,Juventus,D,6.0,5.8,0.967,0.933,29.8,6,,,,,0,,,,0
4994,Vojvoda,Udinese,D,6.0,5.6,0.933,0.867,29.3,6,,,,,0,,,,0
4998,Molina N.,Roma,D,5.5,4.7,0.855,0.709,27.9,5,Lulli,7599,,,0,,,,0
5007,Ilic,Lecce,C,6.0,5.4,0.9,0.8,28.9,6,Ngom,7322,,,0,,,,0
5010,Ismajli,Torino,D,5.5,2.6,0.473,0.055,21.4,2,,,,,0,,,,0
5022,Pavlovic,Milan,D,6.0,5.8,0.967,0.933,29.8,6,,,,,0,,,,0
5029,Geubbels,Lecce,A,6.0,2.8,0.467,0.067,21.1,4,Stulic,7252,,1,3,,,,0
5036,Caqueret,Como,C,5.5,2.0,0.364,0.273,20.3,2,,,,,0,,,,0
5116,Martinez Jo.,Inter,P,5.5,5.3,0.964,0.927,32.9,5,,,,,0,,,,0
5119,Samardzic,Atalanta,C,5.5,3.4,0.618,0.236,24.4,2,Kessiè,1850,29,,0,,,,0
5131,Gilmour,Napoli,C,5.5,2.4,0.436,0.127,21.5,2,,,,,0,,,,0
5172,Jones C.,Inter,C,5.5,4.0,0.727,0.455,26.1,4,Zielinski,152,56,,0,,,,0
5273,Estupinan,Milan,D,6.0,3.5,0.583,0.167,23.3,3,Bartesaghi,6496,,,0,,,,0
5295,Musah,Milan,C,6.0,3.8,0.633,0.267,24.6,4,,,,,0,,,,0
5298,Pobega,Bologna,C,5.5,3.7,0.673,0.345,25.3,3,Amondarain,7528,,,0,,,,0
5301,Luis Henrique,Inter,C,5.5,2.2,0.4,0.2,20.9,2,,,,,0,,,,0
5307,Valenti,Parma,D,5.5,0.8,0.145,0.709,15.9,2,,,,,0,,,,0
5319,Sohm,Venezia,C,5.5,4.9,0.891,0.782,28.8,5,Perez K.,6994,56,,0,,,,0
5320,Paleari,Torino,P,5.5,0.0,0.0,1.0,0.0,0,,,,,0,,,,1
5336,Nzola,Cagliari,A,6.0,0.6,0.1,0.8,14.9,1,Kevin Carlos,7547,17,1,3,,,,0
5365,Dragusin,Fiorentina,D,5.5,5.3,0.964,0.927,29.8,5,,,,,0,,,,0
5399,Antov,Monza,D,5.5,0.4,0.073,0.855,14.6,1,,,,,0,,,,0
5422,Zalewski,Atalanta,C,5.5,2.4,0.436,0.127,21.5,3,,,,,0,,,,0
5424,Amey,Frosinone,D,5.5,0.8,0.145,0.709,15.9,1,,,,,0,,,,0
5427,Gutierrez,Napoli,D,5.5,0.0,0.0,1.0,0.0,0,,,,,0,,,,1
5436,Raimondo,Frosinone,A,5.5,4.4,0.8,0.6,26.7,4,,,,3,2,,,,0
5449,Parisi,Fiorentina,D,5.5,0.0,0.0,1.0,11.0,0,,,,,0,infortunio al legamento crociato,2026-11-10,6,0
5453,Ricci S.,Como,C,5.5,1.5,0.273,0.455,18.9,2,,,,,0,,,,0
5457,Maleh,Lecce,C,6.0,3.4,0.567,0.133,23.6,2,Gorter,7248,,,0,,,,0
5462,Ciervo,Cagliari,C,6.0,1.0,0.167,0.667,17.2,1,,,,,0,,,,0
5481,Mazzocchi,Venezia,D,5.5,2.1,0.382,0.236,19.9,3,Hainaut,6821,,,0,,,,0
5485,Bjarkason,Venezia,C,5.5,0.0,0.0,1.0,0.0,0,,,,,0,,,,1
5498,Casale,Bologna,D,5.5,0.6,0.109,0.782,15.3,1,,,,,0,,,,0
5500,Cancellieri,Lazio,C,6.0,3.2,0.533,0.067,23.0,2,Gudmundsson A.,5800,,,0,,,,0
5504,Coulibaly L.,Lecce,C,6.0,5.8,0.967,0.933,30.0,6,Berisha M.,6015,,,0,,,,0
5507,Busio,Venezia,C,5.5,2.6,0.473,0.055,20.7,3,,,,1,3,distrazione intratendinea del bicipite femorale destro,2026-10-18,2,0
5514,Vasquez,Genoa,D,5.5,4.9,0.891,0.782,28.5,5,,,,,0,,,,0
5520,Cambiaso,Juventus,D,6.0,1.4,0.233,0.533,17.4,2,,,,,0,,,,0
5526,Scalvini,Atalanta,D,5.5,5.3,0.964,0.927,29.8,5,,,,,0,,,,0
5527,Zanoli,Udinese,D,6.0,1.6,0.267,0.467,17.9,2,,,,,0,,,,0
5544,David,Juventus,A,6.0,0.4,0.0,0.867,0.0,1,,,,,0,,,,1
5555,Kamara H.,Udinese,D,6.0,5.8,0.967,0.933,29.8,6,,,,,0,,,,0
5559,Da Cunha,Como,C,5.5,5.1,0.927,0.855,29.3,5,,,,1,3,,,,0
5562,Thuram K.,Juventus,C,6.0,0.0,0.0,1.0,0.0,0,,,,,0,"sindrome femoro-rotulea, operato il 3 settembre",2027-01-06,13,1
5578,Kossounou,Atalanta,D,5.5,1.6,0.291,0.418,14.5,1,Kristensen T.,6485,11,,0,lesione di medio-alto grado del bicipite femorale della coscia sinistra,2026-11-27,7,0
5585,Malen,Roma,A,5.5,5.1,0.927,0.855,28.9,5,,,,1,3,,,,0
5589,Konè M.,Roma,C,5.5,5.3,0.964,0.927,29.9,5,,,,,0,,,,0
5603,Pongracic,Fiorentina,D,5.5,1.7,0.309,0.382,18.7,3,Viery,7410,,,0,,,,0
5620,Tavares N.,Lazio,D,6.0,4.9,0.817,0.633,27.3,5,Pedraza,4817,,,0,,,,0
5637,Davis K.,Udinese,A,6.0,5.0,0.833,0.667,27.3,6,,,,1,3,,,,0
5641,Chalobah T.,Como,D,5.5,4.9,0.891,0.782,28.5,5,,,,,0,,,,0
5672,Dia,Lazio,A,6.0,0.8,0.0,0.733,0.0,1,,,,,0,,,,1
5674,Basic,Venezia,C,5.5,2.3,0.418,0.164,21.2,4,,,,,0,noie fisiche,2026-10-10,0,0
5675,Theate,Bologna,D,5.5,4.5,0.818,0.636,27.3,5,,,,,0,,,,0
5678,Holm,Bologna,D,5.5,1.6,0.291,0.418,17.8,1,Zortea,4433,38,,0,problema muscolare alla coscia in nazionale,2026-10-12,1,0
5680,Sarr P.,Juventus,C,6.0,2.5,0.417,0.167,21.2,3,Douglas Luiz,4911,,,0,,,,0
5685,Koopmeiners,Juventus,C,6.0,2.7,0.45,0.1,21.7,2,,,,,0,,,,0
5687,Vlasic,Torino,C,5.5,5.3,0.964,0.927,29.9,5,,,,1,3,,,,0
5694,Beto,Fiorentina,A,5.5,2.9,0.527,0.055,22.1,3,Pellegrino M.,7023,58,,0,,,,0
5695,Haps,Venezia,D,5.5,2.6,0.473,0.055,21.4,3,Correia T.,4845,,,0,,,,0
5701,Obert,Cagliari,D,6.0,5.8,0.967,0.933,29.8,6,,,,,0,,,,0
5707,Piana,Udinese,P,6.0,0.0,0.0,1.0,2.3,0,,,,,0,,,,0
5725,Kone B.,Frosinone,C,5.5,0.0,0.0,1.0,14.5,0,,,,,0,,,,0
5734,Soulè,Roma,A,5.5,3.4,0.618,0.236,23.6,2,Mora,7556,,3,2,,,,0
5735,Volpato,Sassuolo,C,5.5,1.2,0.218,0.564,18.0,1,,,,,0,lesione di grado moderato al flessore della gamba destra,2026-10-10,0,0
5739,De Winter,Milan,D,6.0,4.6,0.767,0.533,26.4,4,,,,,0,,,,0
5742,Drameh,Genoa,D,5.5,2.1,0.382,0.236,19.9,4,,,,,0,,,,0
5750,Ostigard,Genoa,D,5.5,5.3,0.964,0.927,29.8,5,,,,2,1,,,,0
5751,Patterson,Torino,D,5.5,1.6,0.291,0.418,18.3,2,,,,,0,,,,0
5757,Cittadini,Frosinone,D,5.5,3.1,0.564,0.127,23.0,2,,,,,0,,,,0
5761,Zhegrova,Juventus,C,6.0,2.4,0.4,0.2,20.9,2,,,,,0,,,,0
5791,Frendrup,Genoa,C,5.5,5.3,0.964,0.927,29.9,5,,,,,0,,,,0
5792,Ederson D.S.,Atalanta,C,5.5,5.3,0.964,0.927,29.9,5,,,,,0,,,,0
5800,Gudmundsson A.,Lazio,C,6.0,2.2,0.367,0.267,19.7,3,Isaksen|Cancellieri,6398|5500,|,3,2,problema alla spalla sinistra in nazionale,2026-10-12,1,0
5812,Terracciano F.,Milan,D,6.0,0.6,0.1,0.8,15.1,1,,,,,0,,,,0
5813,Miretti,Juventus,C,6.0,0.0,0.0,1.0,0.0,0,,,,,0,,,,1
5820,Bertola,Udinese,D,6.0,1.8,0.3,0.4,18.5,3,,,,,0,,,,0
5823,Baldanzi,Genoa,C,5.5,5.3,0.964,0.927,29.9,5,Traorè Hj.,2857,,,0,,,,0
5831,Gatti,Juventus,D,6.0,1.1,0.183,0.633,16.5,2,,,,,0,,,,0
5833,Gila,Milan,D,6.0,5.8,0.967,0.933,29.8,6,,,,,0,,,,0
5838,Birindelli,Monza,D,5.5,4.8,0.873,0.745,28.2,4,,,,,0,,,,0
5840,Olivera,Napoli,D,5.5,2.2,0.4,0.2,20.2,2,,,,,0,,,,0
5841,Svilar,Roma,P,5.5,5.3,0.964,0.927,32.9,5,,,,,0,,,,0
5844,Thorstvedt,Sassuolo,C,5.5,4.2,0.764,0.527,26.7,3,Adzic,6677,,,0,,,,0
5850,Lovric,Udinese,C,6.0,0.6,0.1,0.8,16.1,1,,,,,0,,,,0
5851,Doig,Sassuolo,D,5.5,3.9,0.709,0.418,25.5,3,,,,,0,,,,0
5858,Ferguson,Bologna,C,5.5,4.8,0.873,0.745,28.5,4,,,,,0,,,,0
5862,Valeri,Parma,D,5.5,5.3,0.964,0.927,29.8,5,,,,3,1,,,,0
5872,Helgason,Venezia,C,5.5,2.4,0.436,0.127,21.5,2,,,,,0,,,,0
5876,Di Gregorio,Juventus,P,6.0,0.0,0.0,1.0,0.0,0,,,,,0,,,,1
5877,Carlos Augusto,Inter,D,5.5,2.4,0.436,0.127,20.8,2,,,,,0,,,,0
5878,Colpani,Monza,C,5.5,3.7,0.673,0.345,25.3,4,Ngonge|Zeballos,6145|7620,44|,,0,,,,0
5880,Ciurria,Monza,C,5.5,0.0,0.0,1.0,14.1,0,,,,,0,noie fisiche,2026-10-12,1,0
5882,Mota,Monza,A,5.5,2.0,0.364,0.273,19.3,2,,,,,0,,,,0
5885,Dodò,Fiorentina,D,5.5,0.8,0.145,0.709,15.9,2,,,,,0,,,,0
5888,Casadei,Torino,C,5.5,3.3,0.6,0.2,24.1,5,Adams C.,6646,72,,0,,,,0
5918,Sulemana K.,Atalanta,A,5.5,0.0,0.0,1.0,13.2,0,,,,,0,lesione del collaterale mediale del ginocchio sinistro,2026-10-05,0,0
5946,Sow,Genoa,C,5.5,5.3,0.964,0.927,29.9,5,,,,,0,,,,0
5951,Kolo Muani,Juventus,A,6.0,5.4,0.9,0.8,28.4,6,Woltemade,6752,,1,3,,,,0
5982,Spence,Inter,D,5.5,1.6,0.291,0.418,18.3,3,,,,,0,,,,0
5994,Ebosse,Udinese,D,6.0,2.8,0.467,0.067,21.3,2,,,,,0,,,,0
5995,De Ketelaere,Atalanta,A,5.5,5.3,0.964,0.927,29.5,5,,,,,0,,,,0
5998,Zerbin,Frosinone,C,5.5,2.0,0.364,0.273,20.3,2,Fini ,6506,,,0,,,,0
6005,Ilkhan,Torino,C,5.5,2.0,0.364,0.273,20.3,2,,,,,0,,,,0
6010,Fazzini,Cagliari,C,6.0,5.1,0.85,0.7,28.1,6,Fadera,6815,,,0,,,,0
6015,Berisha M.,Lecce,C,6.0,0.0,0.0,1.0,14.5,0,Coulibaly L.,5504,,3,1,sovraccarico muscolare alla gamba,2026-10-05,0,0
6020,Ellertsson,Genoa,C,5.5,4.3,0.782,0.564,27.0,3,Mitaj,7537,77,,0,,,,0
6021,Abankwah,Udinese,D,6.0,4.9,0.817,0.633,27.3,5,,,,,0,,,,0
6024,Sulemana I.,Sassuolo,C,5.5,1.1,0.2,0.6,17.7,2,,,,,0,,,,0
6039,Cabal,Juventus,D,6.0,0.5,0.083,0.833,14.8,1,,,,,0,,,,0
6042,Lucumì,Juventus,D,6.0,5.2,0.867,0.733,28.1,6,Kelly L.,6766,,,0,,,,0
6046,Hien,Atalanta,D,5.5,0.0,0.0,1.0,12.2,0,,,,,0,"lesione del tendine prossimale del semimembranoso, operato",2026-10-27,3,0
6047,Ehizibue,Genoa,D,5.5,2.8,0.509,0.018,22.1,2,,,,,0,,,,0
6052,Hojlund,Napoli,A,5.5,5.3,0.964,0.927,29.5,5,,,,2,3,,,,0
6054,Moro N.,Bologna,C,5.5,2.9,0.527,0.055,22.9,3,,,,,0,,,,0
6060,Laurientè,Sassuolo,A,5.5,5.3,0.964,0.927,29.5,5,,,,3,2,,,,0
6145,Ngonge,Monza,A,5.5,1.3,0.236,0.527,17.2,2,Colpani|Cutrone,5878|2155,59|,,0,,,,0
6149,Carboni F.,Parma,D,5.5,0.6,0.109,0.782,15.3,1,,,,,0,,,,0
6151,Perrone,Como,C,5.5,4.6,0.836,0.673,27.9,4,,,,,0,,,,0
6164,Vitinha O.,Genoa,A,5.5,3.8,0.691,0.382,24.9,4,El Shaarawy,795,,,0,,,,0
6170,Gineitis,Torino,C,5.5,2.7,0.491,0.018,22.4,2,Fitz-Jim,7535,,,0,,,,0
6189,Missori,Sassuolo,D,5.5,0.0,0.0,1.0,0.0,0,,,,,0,,,,1
6190,Pisilli,Roma,C,5.5,2.8,0.509,0.018,22.6,2,,,,,0,,,,0
6191,Belahyane,Lazio,C,6.0,3.7,0.617,0.233,24.4,3,,,,,0,,,,0
6202,Beukema,Napoli,D,5.5,0.8,0.145,0.709,15.9,1,Badiashile,4664,21,,0,,,,0
6204,Kvernadze,Frosinone,A,5.5,5.3,0.964,0.927,29.5,5,,,,,0,,,,0
6206,Fabbian,Parma,C,5.5,3.5,0.636,0.273,24.7,5,Lontani,7561,56,,0,,,,0
6207,Almqvist,Parma,C,5.5,3.3,0.6,0.2,24.1,3,,,,,0,,,,0
6212,Zarraga,Udinese,C,6.0,1.8,0.3,0.4,19.3,2,,,,,0,,,,0
6215,Lucca,Napoli,A,5.5,2.8,0.509,0.018,21.8,2,,,,,0,,,,0
6217,Bisseck,Inter,D,5.5,3.7,0.673,0.345,24.8,3,Stones,2514,,,0,,,,0
6218,Oristanio,Torino,C,5.5,1.5,0.273,0.455,18.9,2,,,,,0,,,,0
6219,Boloca,Sassuolo,C,5.5,0.0,0.0,1.0,14.1,0,,,,,0,problema al ginocchio,2026-10-15,1,0
6225,El Azzouzi O.,Bologna,C,5.5,1.0,0.182,0.636,17.4,2,,,,,0,,,,0
6229,Tourè E.,Parma,A,5.5,5.1,0.927,0.855,28.9,5,,,,1,3,,,,0
6238,Oyono A.,Frosinone,D,5.5,3.8,0.691,0.382,25.1,2,,,,,0,,,,0
6241,Gelli F.,Frosinone,C,5.5,0.0,0.0,1.0,14.5,0,,,,,0,,,,0
6243,Borrelli,Cagliari,A,6.0,0.4,0.0,0.867,0.0,1,,,,,0,,,,1
6244,Matturro,Genoa,D,5.5,0.0,0.0,1.0,0.0,0,,,,,0,,,,1
6245,Vogliacco,Genoa,D,5.5,0.0,0.0,1.0,0.0,0,,,,,0,,,,1
6246,Lipani,Sassuolo,C,5.5,2.4,0.436,0.127,21.5,2,,,,,0,,,,0
6248,Stankovic F.,Venezia,P,5.5,5.3,0.964,0.927,32.9,5,,,,,0,,,,0
6252,Folorunsho,Monza,C,5.5,4.9,0.891,0.782,28.8,5,,,,,0,,,,0
6271,El Aynaoui,Roma,C,5.5,0.0,0.0,1.0,0.0,0,,,,,0,,,,1
6274,Diouf,Inter,C,5.5,3.9,0.709,0.418,25.8,3,,,,,0,,,,0
6294,Ndour,Fiorentina,C,5.5,5.3,0.964,0.927,29.9,5,,,,,0,,,,0
6319,Leite,Lazio,D,6.0,0.6,0.1,0.8,15.1,1,,,,,0,,,,0
6320,Doekhi,Lazio,D,6.0,3.2,0.533,0.067,22.5,4,Sutalo J.,7580,69,,0,,,,0
6344,Sanchez Ro.,Como,P,5.5,0.5,0.091,0.818,5.2,2,,,,,0,,,,0
6372,Moreira,Milan,C,6.0,3.3,0.55,0.1,23.3,3,,,,,0,,,,0
6397,Ramos G.,Milan,A,6.0,5.8,0.967,0.933,29.5,6,,,,1,3,,,,0
6398,Isaksen,Lazio,C,6.0,4.0,0.667,0.333,25.2,4,Pinamonti|Gudmundsson A.,2038|5800,68|,,0,,,,0
6403,Christensen O.,Fiorentina,P,5.5,0.1,0.018,0.964,2.9,1,,,,,0,,,,0
6410,Kaba,Lecce,C,6.0,1.0,0.167,0.667,17.2,2,,,,,0,,,,0
6415,Palmisani,Frosinone,P,5.5,5.3,0.964,0.927,32.9,5,,,,,0,,,,0
6424,Prati,Cagliari,C,6.0,0.0,0.0,1.0,0.0,0,,,,,0,,,,1
6426,Pedersen,Torino,D,5.5,0.4,0.0,0.855,0.0,1,,,,,0,,,,1
6434,Yildiz,Juventus,A,6.0,1.4,0.233,0.533,13.5,3,,,,2,1,"frattura del quinto metatarso, operato",2026-11-27,7,0
6435,Krstovic,Atalanta,A,5.5,3.2,0.582,0.164,23.0,2,Scamacca,2137,,3,1,,,,0
6462,Okoye,Udinese,P,6.0,5.8,0.967,0.933,33.0,6,,,,,0,,,,0
6482,Mandas,Lazio,P,6.0,5.3,0.883,0.767,30.4,5,,,,,0,,,,0
6485,Kristensen T.,Atalanta,D,5.5,3.5,0.636,0.273,24.2,5,Kossounou,5578,74,,0,,,,0
6495,Comuzzo,Torino,D,5.5,4.7,0.855,0.709,27.9,5,,,,,0,,,,0
6496,Bartesaghi,Milan,D,6.0,2.6,0.433,0.133,20.8,4,Estupinan,5273,,,0,,,,0
6503,Stankovic A.,Inter,C,5.5,0.5,0.091,0.818,16.0,1,,,,,0,,,,0
6506,Fini ,Frosinone,C,5.5,3.1,0.564,0.127,23.5,3,Zerbin,5998,,,0,,,,0
6519,Camarda,Milan,A,6.0,0.6,0.1,0.8,14.9,1,,,,,0,,,,0
6523,Samooja,Lecce,P,6.0,0.0,0.0,1.0,0.0,0,,,,,0,,,,1
6530,Ghedjemis,Frosinone,A,5.5,3.5,0.636,0.273,24.0,3,,,,,0,,,,0
6531,Jimenez A.,Fiorentina,D,5.5,4.9,0.891,0.782,28.5,5,,,,,0,,,,0
6534,Perri,Torino,P,5.5,4.5,0.818,0.636,28.3,5,,,,,0,,,,0
6537,Goglichidze,Monza,D,5.5,1.6,0.291,0.418,18.3,3,,,,,0,,,,0
6549,Pierotti,Lecce,C,6.0,5.6,0.933,0.867,29.4,6,Monteiro J.,7619,,,0,,,,0
6556,Noslin,Lazio,A,6.0,2.6,0.433,0.133,20.5,2,,,,,0,,,,0
6569,Stolz,Genoa,P,5.5,0.1,0.018,0.964,2.9,1,,,,,0,,,,0
6572,Castro S.,Roma,A,5.5,2.7,0.491,0.018,21.5,2,,,,,0,,,,0
6592,Forson O.,Monza,C,5.5,2.0,0.364,0.273,20.3,2,,,,,0,,,,0
6593,Akinsanmiro,Monza,C,5.5,3.4,0.618,0.236,24.4,2,,,,,0,,,,0
6598,Mutandwa,Cagliari,A,6.0,0.0,0.0,1.0,0.0,0,,,,,0,,,,1
6601,Kambwala,Como,D,5.5,0.5,0.091,0.818,14.9,1,,,,,0,,,,0
6618,Cissè A.,Milan,C,6.0,3.2,0.533,0.067,23.0,3,Saelemaekers,4892,,,0,,,,0
6629,Dele-Bashiru,Lazio,C,6.0,1.4,0.233,0.533,18.2,2,,,,,0,,,,0
6631,Ghilardi,Roma,D,5.5,1.9,0.345,0.309,19.3,2,,,,,0,,,,0
6632,Gaspar K.,Lecce,D,6.0,5.0,0.833,0.667,27.6,6,,,,,0,,,,0
6638,Marin R.,Napoli,D,5.5,3.6,0.655,0.309,24.5,2,,,,,0,,,,0
6640,Felici,Cagliari,C,6.0,0.4,0.067,0.867,5.2,1,,,,,0,rottura del legamento crociato anteriore,2027-03-07,22,0
6641,Suzuki,Parma,P,5.5,0.0,0.0,1.0,0.0,0,,,,,0,,,,1
6642,Coco,Torino,D,5.5,5.3,0.964,0.927,29.8,5,,,,,0,,,,0
6643,Dallinga,Bologna,A,5.5,0.0,0.0,1.0,0.0,0,,,,,0,,,,1
6646,Adams C.,Torino,A,5.5,1.2,0.218,0.564,16.9,1,Casadei,5888,18,,0,lesione distrattiva di basso grado all adduttore,2026-10-10,0,0
6650,Sherri,Cagliari,P,6.0,0.02,0.003,0.993,2.4,1,,,,,0,,,,0
6659,Lucchesi,Monza,D,5.5,3.8,0.691,0.382,25.1,2,,,,,0,,,,0
6660,Marcandalli,Genoa,D,5.5,5.3,0.964,0.927,29.8,5,,,,,0,,,,0
6662,Corvi,Parma,P,5.5,5.3,0.964,0.927,32.9,5,Daffara,7411,58,,0,,,,0
6663,Circati,Parma,D,5.5,0.0,0.0,1.0,0.0,0,,,,,0,,,,1
6664,Delprato,Parma,D,5.5,5.3,0.964,0.927,29.8,5,,,,,0,,,,0
6666,Bernabè,Parma,C,5.5,3.7,0.673,0.345,25.3,5,,,,2,3,,,,0
6669,Bonny,Inter,A,5.5,1.9,0.345,0.309,19.0,2,,,,,0,,,,0
6671,Grandi,Venezia,P,5.5,0.02,0.004,0.993,2.4,1,,,,,0,,,,0
6672,Idzes,Sassuolo,D,5.5,2.7,0.491,0.018,20.4,4,,,,,0,lesione di grado moderato al quadricipite,2026-10-18,2,0
6673,Sverko,Venezia,D,5.5,0.0,0.0,1.0,12.2,0,,,,,0,"anca, operato",2026-10-27,3,0
6675,Dovbyk,Bologna,A,5.5,3.4,0.618,0.236,23.6,4,Piccoli,4359,,3,3,,,,0
6677,Adzic,Sassuolo,C,5.5,4.2,0.764,0.527,26.7,4,Bakola|Thorstvedt,7036|5844,74|,,0,,,,0
6678,Liberali,Como,C,5.5,1.0,0.182,0.636,17.4,2,,,,,0,,,,0
6680,Karlstrom,Udinese,C,6.0,5.8,0.967,0.933,30.0,6,,,,,0,,,,0
6681,Sagrado,Venezia,D,5.5,2.0,0.364,0.273,19.6,2,,,,,0,,,,0
6682,Pizzignacco,Monza,P,5.5,0.4,0.0,0.855,0.0,1,,,,,0,,,,1
6684,Ekkelenkamp,Udinese,C,6.0,5.8,0.967,0.933,30.0,6,,,,,0,,,,0
6717,Konè I.,Sassuolo,C,5.5,0.0,0.0,1.0,11.0,0,,,,,0,"rottura di tibia e perone, operato",2026-12-05,8,0
6727,Couto,Como,D,5.5,5.1,0.927,0.855,29.2,5,,,,,0,,,,0
6752,Woltemade,Juventus,A,6.0,2.5,0.417,0.167,20.2,3,Kolo Muani,5951,,3,2,,,,0
6766,Kelly L.,Juventus,D,6.0,2.2,0.367,0.267,19.6,2,Lucumì,6042,,,0,,,,0
6783,Unai Gomez,Udinese,C,6.0,3.3,0.55,0.1,23.3,3,,,,,0,,,,0
6809,Marianucci,Napoli,D,5.5,0.0,0.0,1.0,12.6,0,,,,,0,lesione di alto grado del collaterale mediale del ginocchio sinistro,2026-10-18,2,0
6813,Torriani,Milan,P,6.0,0.02,0.003,0.993,2.4,1,,,,,0,,,,0
6814,Norton-Cuffy,Genoa,D,5.5,0.8,0.0,0.709,0.0,1,,,,,0,,,,1
6815,Fadera,Cagliari,C,6.0,2.4,0.4,0.2,20.9,2,Fazzini,6010,,,0,,,,0
6821,Hainaut,Venezia,D,5.5,4.1,0.745,0.491,26.1,3,Correia T.|Mazzocchi,4845|5481,68|,,0,,,,0
6822,Ekhator,Juventus,A,6.0,0.0,0.0,1.0,10.8,0,,,,,0,lesione di medio grado del semitendinoso,2026-11-15,6,0
6826,Dembelè A.,Lecce,D,6.0,0.6,0.1,0.8,15.1,1,,,,,0,,,,0
6827,Njie,Fiorentina,C,5.5,3.0,0.545,0.091,23.2,2,Goncalves P.,7625,38,,0,,,,0
6831,Neres,Napoli,A,5.5,2.0,0.364,0.273,19.3,2,Politano|Santos A.,536|7351,10|,,0,,,,0
6833,Mbangula,Bologna,C,5.5,1.1,0.2,0.6,17.7,1,,,,,0,,,,0
6844,Rowe,Atalanta,C,5.5,4.0,0.727,0.455,26.1,4,Raspadori,4371,65,,0,,,,0
6867,Valle,Como,D,5.5,4.5,0.818,0.636,27.3,5,Kaiki,7414,42,,0,,,,0
6869,Ramon,Como,D,5.5,5.3,0.964,0.927,29.8,5,,,,,0,,,,0
6875,Paz N.,Como,C,5.5,5.3,0.964,0.927,29.9,5,,,,,0,,,,0
6883,Jean,Lecce,D,6.0,0.4,0.067,0.867,14.5,1,,,,,0,,,,0
6884,Conceicao,Juventus,C,6.0,5.8,0.967,0.933,30.0,6,,,,,0,,,,0
6889,Anjorin,Torino,C,5.5,0.0,0.0,1.0,0.0,0,,,,,0,,,,1
6890,Moreno M.,Venezia,D,5.5,2.6,0.473,0.055,21.4,2,,,,,0,,,,0
6892,Schingtienne,Venezia,D,5.5,5.3,0.964,0.927,29.8,5,,,,,0,,,,0
6893,Kempf,Como,D,5.5,1.5,0.273,0.455,18.0,2,,,,,0,,,,0
6895,Dominguez B.,Sassuolo,C,5.5,2.6,0.473,0.055,22.1,2,,,,,0,,,,0
6896,Van Der Brempt,Sassuolo,D,5.5,2.3,0.418,0.164,20.5,4,,,,,0,,,,0
6898,Keita M.,Parma,C,5.5,5.3,0.964,0.927,29.9,5,,,,,0,,,,0
6903,Hasa,Frosinone,C,5.5,1.5,0.273,0.455,18.9,2,,,,,0,,,,0
6904,Yeboah J.,Venezia,A,5.5,5.3,0.964,0.927,29.5,5,,,,2,1,,,,0
6908,Atta,Fiorentina,C,5.5,5.3,0.964,0.927,29.9,5,,,,,0,,,,0
6916,Ahanor,Atalanta,D,5.5,0.0,0.0,1.0,0.0,0,,,,,0,,,,1
6917,Masini,Frosinone,C,5.5,4.8,0.873,0.745,28.5,4,,,,,0,,,,0
6925,Palma,Udinese,D,6.0,1.0,0.167,0.667,16.2,2,Kabasele,4263,41,,0,,,,0
6956,Solet,Udinese,D,6.0,4.7,0.783,0.567,26.7,6,,,,2,3,,,,0
6966,Butez,Como,P,5.5,4.7,0.855,0.709,29.5,5,,,,,0,,,,0
6967,Diao,Como,A,5.5,5.3,0.964,0.927,29.5,5,,,,,0,,,,0
6977,Otoa,Genoa,D,5.5,1.5,0.273,0.455,18.0,2,,,,,0,,,,0
6980,Venturino,Genoa,C,5.5,0.0,0.0,1.0,13.2,0,,,,,0,"tendine rotuleo, operato",2026-10-27,3,0
6981,Vaz,Roma,A,5.5,0.0,0.0,1.0,0.0,0,,,,,0,,,,1
6984,Ondrejka,Parma,C,5.5,0.0,0.0,1.0,0.0,0,,,,,0,,,,1
6985,Candè,Sassuolo,D,5.5,0.0,0.0,1.0,13.0,0,,,,,0,rottura del legamento crociato anteriore,2026-10-15,1,0
6986,Rensch,Roma,D,5.5,1.4,0.255,0.491,17.7,2,,,,,0,,,,0
6989,Tiago Gabriel,Lecce,D,6.0,4.6,0.767,0.533,26.4,6,,,,,0,,,,0
6990,Veiga D.,Lecce,D,6.0,5.8,0.967,0.933,29.8,6,,,,,0,,,,0
6994,Perez K.,Venezia,C,5.5,4.3,0.782,0.564,27.0,3,Sohm,5319,54,,0,,,,0
7001,N'Dri,Lecce,A,6.0,3.3,0.55,0.1,22.5,3,,,,,0,,,,0
7008,Gimenez,Milan,A,6.0,0.0,0.0,1.0,0.0,0,,,,,0,,,,1
7012,Provstgaard,Lazio,D,6.0,5.3,0.883,0.767,28.4,5,,,,,0,,,,0
7014,Smolcic I.,Como,D,5.5,1.2,0.218,0.564,17.1,2,,,,,0,,,,0
7017,Douvikas,Como,A,5.5,3.7,0.673,0.345,24.6,3,Kean,2097,46,3,3,,,,0
7023,Pellegrino M.,Fiorentina,A,5.5,4.4,0.8,0.6,26.7,4,Beto,5694,51,3,2,,,,0
7027,Azon,Como,A,5.5,0.0,0.0,1.0,0.0,0,,,,,0,,,,1
7036,Bakola,Sassuolo,C,5.5,4.5,0.818,0.636,27.6,5,Adzic,6677,65,,0,,,,0
7048,De Marzi,Roma,P,5.5,0.02,0.004,0.993,2.4,1,,,,,0,,,,0
7060,Cacciamani,Torino,C,5.5,4.6,0.836,0.673,27.9,4,Belghali,7220,71,,0,,,,0
7068,Vitik,Bologna,D,5.5,0.6,0.109,0.782,15.3,1,,,,,0,,,,0
7069,Fortini,Torino,D,5.5,3.7,0.673,0.345,24.8,3,,,,,0,,,,0
7070,Sucic P.,Inter,C,5.5,2.8,0.509,0.018,22.6,2,Zielinski,152,,,0,,,,0
7071,Esposito F.P.,Inter,A,5.5,2.8,0.509,0.018,21.8,2,Thuram,4871,,,0,,,,0
7078,Mastantuono,Fiorentina,C,5.5,5.3,0.964,0.927,29.9,5,,,,2,3,,,,0
7092,Jovanovic,Udinese,C,6.0,0.4,0.067,0.867,15.6,1,,,,,0,,,,0
7120,Lang,Napoli,A,5.5,3.0,0.545,0.091,22.4,2,,,,,0,,,,0
7125,Idrissi R.,Cagliari,D,6.0,0.0,0.0,1.0,12.2,0,,,,,0,rottura del legamento crociato,2026-10-27,3,0
7126,Baturina,Como,C,5.5,5.2,0.945,0.891,29.6,5,,,,,0,,,,0
7127,Addai,Como,C,5.5,0.7,0.127,0.745,16.5,1,,,,,0,,,,0
7128,Kuhn,Como,A,5.5,0.0,0.0,1.0,0.0,0,,,,,0,,,,1
7129,Rodriguez Je.,Como,C,5.5,2.4,0.436,0.127,21.5,2,,,,,0,,,,0
7131,Floriani Mussolini,Lazio,D,6.0,4.1,0.683,0.367,25.0,3,Lazzari,2263,,,0,,,,0
7138,Ordonez C.,Parma,C,5.5,2.4,0.436,0.127,21.5,2,,,,,0,,,,0
7146,Tourè I.,Monza,C,5.5,0.9,0.164,0.673,17.1,2,,,,,0,,,,0
7154,Odenthal,Sassuolo,D,5.5,0.9,0.164,0.673,16.2,2,,,,,0,,,,0
7156,Pieragnolo,Sassuolo,D,5.5,0.0,0.0,1.0,12.2,0,,,,,0,lesione del legamento crociato anteriore,2026-10-27,3,0
7157,Iannoni,Sassuolo,C,5.5,0.0,0.0,1.0,0.0,0,,,,,0,,,,1
7158,Moro L.,Sassuolo,A,5.5,0.0,0.0,1.0,0.0,0,,,,,0,,,,1
7161,Bayo V.,Udinese,A,6.0,2.4,0.4,0.2,20.0,2,,,,,0,,,,0
7162,Giovane,Napoli,A,5.5,0.0,0.0,1.0,13.2,0,,,,,0,"ernia inguinale, operato",2026-10-05,0,0
7164,Perez M.,Lecce,D,6.0,0.0,0.0,1.0,0.0,0,,,,,0,,,,1
7165,Liteta,Cagliari,C,6.0,0.4,0.067,0.867,15.6,1,,,,,0,,,,0
7172,Pessina Mas.,Bologna,P,5.5,0.5,0.091,0.818,5.2,2,,,,,0,,,,0
7175,Joao Mario,Fiorentina,D,5.5,1.8,0.327,0.345,19.0,2,,,,,0,,,,0
7181,Wesley,Roma,D,5.5,4.7,0.855,0.709,27.9,5,,,,,0,,,,0
7182,Ndaba,Lecce,D,6.0,1.6,0.267,0.467,17.9,2,Gallo,4502,,,0,,,,0
7183,Aboukhlal,Torino,C,5.5,1.4,0.255,0.491,18.6,2,,,,,0,,,,0
7198,Piotrowski,Udinese,C,6.0,2.8,0.467,0.067,20.0,5,Miller L.,7208,61,,0,"aritmia, ablazione cardiaca",2026-10-27,3,0
7202,Ndiaye,Parma,D,5.5,1.2,0.218,0.564,17.1,2,,,,,0,,,,0
7203,Jashari,Milan,C,6.0,1.6,0.267,0.467,18.8,2,Modric,2606,,,0,,,,0
7208,Miller L.,Udinese,C,6.0,3.8,0.633,0.267,24.6,2,Piotrowski,7198,28,,0,,,,0
7209,Sorensen O.,Parma,C,5.5,0.0,0.0,1.0,0.0,0,,,,,0,,,,1
7211,Athekame,Milan,D,6.0,0.0,0.0,1.0,0.0,0,,,,,0,,,,1
7212,Heggem,Bologna,D,5.5,5.3,0.964,0.927,29.8,5,,,,,0,,,,0
7213,Frigan,Parma,A,5.5,1.8,0.327,0.345,18.7,2,,,,,0,,,,0
7219,Bernasconi,Atalanta,D,5.5,3.6,0.655,0.309,24.5,4,Kolasinac,2640,67,,0,,,,0
7220,Belghali,Torino,D,5.5,4.1,0.745,0.491,26.1,5,Cacciamani,7060,52,,0,,,,0
7223,Vergara,Napoli,C,5.5,2.4,0.436,0.127,21.5,2,,,,,0,,,,0
7232,Fernandez T.,Venezia,C,5.5,1.6,0.291,0.418,19.2,2,,,,,0,,,,0
7235,Troilo,Parma,D,5.5,5.3,0.964,0.927,29.8,5,,,,,0,,,,0
7238,Kouadio,Monza,D,5.5,4.3,0.782,0.564,26.7,3,,,,,0,,,,0
7240,Siebert,Lecce,D,6.0,4.1,0.683,0.367,25.0,3,,,,,0,,,,0
7248,Gorter,Lecce,C,6.0,3.4,0.567,0.133,23.6,5,Maleh,5457,,,0,,,,0
7249,Buksa,Udinese,A,6.0,0.0,0.0,1.0,0.0,0,,,,,0,,,,1
7252,Stulic,Lecce,A,6.0,4.4,0.733,0.467,25.6,4,Geubbels,5029,,2,3,,,,0
7253,Bella-Kotchap,Venezia,D,5.5,2.3,0.418,0.164,20.5,4,,,,,0,risentimento all adduttore della gamba destra,2026-10-05,0,0
7255,Britschgi,Parma,D,5.5,2.6,0.473,0.055,21.4,2,,,,,0,,,,0
7260,Ziolkowski,Monza,D,5.5,1.5,0.273,0.455,17.5,3,,,,,0,fascite plantare,2026-10-12,1,0
7268,Rodriguez Ju.,Cagliari,D,6.0,5.8,0.967,0.933,29.8,6,,,,,0,,,,0
7272,Gueye,Udinese,A,6.0,1.6,0.267,0.467,17.2,1,,,,,0,problema alla caviglia,2026-10-12,1,0
7274,Zè Pedro,Cagliari,D,6.0,5.1,0.85,0.7,27.9,5,,,,,0,,,,0
7276,Cremaschi,Parma,C,5.5,1.1,0.2,0.6,17.7,2,,,,,0,,,,0
7294,Valdepenas,Fiorentina,D,5.5,3.8,0.691,0.382,25.1,5,,,,,0,,,,0
7301,Tornqvist,Monza,P,5.5,3.7,0.673,0.345,23.7,5,Thiam,4485,58,,0,,,,0
7311,Romano,Cagliari,C,6.0,5.8,0.967,0.933,30.0,6,,,,,0,,,,0
7312,Arizala,Udinese,D,6.0,0.5,0.083,0.833,14.8,1,,,,,0,,,,0
7313,Ratkov,Lazio,A,6.0,0.0,0.0,1.0,0.0,0,,,,,0,,,,1
7314,Taylor K.,Lazio,C,6.0,5.8,0.967,0.933,30.0,6,,,,2,2,,,,0
7317,Trepy,Cagliari,A,6.0,0.0,0.0,1.0,12.8,0,,,,,0,in ripresa dopo il ricovero di agosto,2026-10-15,1,0
7318,Gandelman,Lecce,C,6.0,0.6,0.1,0.8,16.1,1,,,,,0,,,,0
7319,Fofana Sa.,Lecce,C,6.0,0.5,0.083,0.833,15.8,1,,,,,0,,,,0
7322,Ngom,Lecce,C,6.0,3.7,0.617,0.233,24.4,3,Ilic,5007,,,0,,,,0
7326,Helland,Bologna,D,5.5,2.8,0.509,0.018,22.1,2,,,,,0,,,,0
7329,Obrador,Sassuolo,D,5.5,2.5,0.455,0.091,21.1,4,,,,,0,,,,0
7332,Bijlow,Genoa,P,5.5,5.3,0.964,0.927,32.9,5,,,,,0,,,,0
7337,Motta,Lazio,P,6.0,1.1,0.183,0.633,8.1,3,,,,,0,,,,0
7338,Albarracin,Cagliari,A,6.0,0.0,0.0,1.0,0.0,0,,,,,0,,,,1
7341,Amorim,Genoa,C,5.5,1.9,0.345,0.309,20.0,2,,,,,0,,,,0
7342,Elphege,Parma,A,5.5,2.4,0.436,0.127,20.6,2,Romero D.,7554,,,0,,,,0
7345,Przyborek,Lazio,C,6.0,0.0,0.0,1.0,14.5,0,,,,,0,,,,0
7346,Raterink,Cagliari,D,6.0,0.0,0.0,1.0,0.0,0,,,,,0,,,,1
7347,Bowie,Sassuolo,A,5.5,3.7,0.673,0.345,24.6,3,Esposito Se.,4463,,,0,,,,0
7349,Kulenovic,Torino,A,5.5,2.0,0.364,0.273,19.3,2,,,,,0,,,,0
7351,Santos A.,Napoli,A,5.5,2.7,0.491,0.018,20.2,4,Neres,6831,,,0,lesione di medio grado al bicipite femorale sinistro,2026-10-18,2,0
7356,Mlacic,Udinese,D,6.0,0.0,0.0,1.0,0.0,0,,,,,0,,,,1
7357,Lahdo,Como,C,5.5,0.0,0.0,1.0,14.5,0,,,,,0,,,,0
7363,Siviero,Torino,P,5.5,0.02,0.004,0.993,2.4,1,,,,,0,,,,0
7374,Mendy P.,Cagliari,A,6.0,4.3,0.717,0.433,25.3,3,Kevin Carlos,7547,,,0,,,,0
7392,Camara A.,Udinese,C,6.0,0.0,0.0,1.0,0.0,0,,,,,0,,,,1
7396,Macchioni,Sassuolo,D,5.5,0.0,0.0,1.0,0.0,0,,,,,0,,,,1
7407,Cuenca A.,Como,D,5.5,0.0,0.0,1.0,0.0,0,,,,,0,,,,1
7408,Lisman,Venezia,A,5.5,0.3,0.055,0.891,14.1,1,,,,,0,,,,0
7409,Meichtry,Genoa,C,5.5,0.8,0.145,0.709,16.3,1,,,,,0,noie fisiche da valutare,2026-10-12,1,0
7410,Viery,Fiorentina,D,5.5,4.4,0.8,0.6,27.0,4,Pongracic,5603,,,0,,,,0
7411,Daffara,Parma,P,5.5,0.1,0.018,0.964,2.9,1,Corvi,6662,42,,0,,,,0
7412,Milla,Como,C,5.5,2.9,0.527,0.055,22.9,3,,,,,0,,,,0
7413,Puczka,Genoa,D,5.5,1.0,0.182,0.636,16.5,2,,,,,0,,,,0
7414,Kaiki,Como,D,5.5,1.9,0.345,0.309,19.3,2,Valle,6867,50,,0,,,,0
7418,Chakvetadze,Udinese,C,6.0,2.0,0.333,0.333,19.8,2,,,,,0,,,,0
7436,Alajbegovic,Juventus,C,6.0,3.1,0.517,0.033,22.8,2,Boga,2832,,,0,,,,0
7449,Rrahmani Al.,Venezia,A,5.5,2.0,0.364,0.273,19.3,2,,,,,0,,,,0
7453,Havel,Genoa,A,5.5,0.0,0.0,1.0,12.8,0,,,,,0,"caviglia, operato",2026-10-15,1,0
7454,Gomes,Venezia,D,5.5,0.5,0.091,0.818,14.9,1,,,,,0,,,,0
7456,El Azzouzi A.,Frosinone,C,5.5,0.5,0.091,0.818,16.0,1,,,,,0,,,,0
7457,Mascardi,Torino,P,5.5,0.9,0.164,0.673,7.5,2,,,,,0,,,,0
7463,Desplanches,Frosinone,P,5.5,0.1,0.018,0.964,2.9,1,,,,,0,,,,0
7464,Oulai,Fiorentina,C,5.5,3.2,0.582,0.164,23.8,4,Fagioli,4465,67,,0,,,,0
7466,Lolic,Frosinone,P,5.5,0.0,0.0,1.0,2.3,0,,,,,0,,,,0
7467,Calvani,Frosinone,D,5.5,5.3,0.964,0.927,29.8,5,,,,,0,,,,0
7468,Gelli J.,Frosinone,D,5.5,0.0,0.0,1.0,0.0,0,,,,,0,,,,1
7469,Bracaglia,Frosinone,D,5.5,4.8,0.873,0.745,28.2,4,,,,,0,,,,0
7470,Oyono J.,Frosinone,D,5.5,0.0,0.0,1.0,0.0,0,,,,,0,,,,1
7471,Corrado,Frosinone,D,5.5,0.0,0.0,1.0,0.0,0,,,,,0,,,,1
7472,Calò,Frosinone,C,5.5,5.3,0.964,0.927,29.9,5,Grillitsch,7550,,1,3,,,,0
7473,Cichella,Frosinone,C,5.5,2.0,0.364,0.273,20.3,2,,,,,0,,,,0
7474,Koutsoupias,Frosinone,C,5.5,0.0,0.0,1.0,0.0,0,,,,,0,,,,1
7475,Strajnar,Monza,P,5.5,0.02,0.004,0.993,2.4,1,,,,,0,,,,0
7476,Bakoune,Monza,D,5.5,2.4,0.436,0.127,20.8,2,,,,,0,,,,0
7477,Colombo L.,Monza,C,5.5,0.9,0.164,0.673,17.1,2,,,,,0,,,,0
7478,Franjic,Venezia,D,5.5,0.8,0.145,0.709,11.1,1,,,,,0,"spalla, operato",2026-12-14,10,0
7481,Dagasso,Venezia,C,5.5,0.4,0.073,0.855,15.7,1,,,,,0,problema fisico,2026-10-10,0,0
7482,Lauberbach,Venezia,A,5.5,1.2,0.218,0.564,16.9,2,,,,,0,,,,0
7483,Alhassane,Bologna,D,5.5,1.3,0.236,0.527,17.4,2,,,,,0,,,,0
7484,Adams A.,Venezia,A,5.5,5.3,0.964,0.927,29.5,5,,,,3,3,,,,0
7485,Mangas,Monza,D,5.5,5.3,0.964,0.927,29.8,5,,,,,0,,,,0
7523,Varela G.,Monza,A,5.5,4.9,0.891,0.782,28.3,5,,,,1,4,,,,0
7525,Diawara S.,Milan,D,6.0,0.4,0.067,0.867,14.5,1,,,,,0,,,,0
7526,Comert,Torino,D,5.5,4.4,0.8,0.6,27.0,4,,,,,0,,,,0
7528,Amondarain,Bologna,C,5.5,2.8,0.509,0.018,22.6,4,Pobega,5298,,,0,,,,0
7529,Koulierakis,Roma,D,5.5,1.1,0.2,0.6,16.8,2,Hermoso,4807,,,0,,,,0
7531,Pozzi,Venezia,P,5.5,0.0,0.0,1.0,2.3,0,,,,,0,,,,0
7532,Kofler,Cagliari,D,6.0,1.5,0.25,0.5,17.6,2,,,,,0,,,,0
7533,Happonen,Bologna,P,5.5,0.02,0.004,0.993,2.4,1,,,,,0,,,,0
7534,Renzetti,Lazio,P,6.0,0.02,0.003,0.993,2.4,1,,,,,0,,,,0
7535,Fitz-Jim,Torino,C,5.5,5.3,0.964,0.927,29.9,5,Gineitis,6170,,,0,,,,0
7536,Diallo O.,Parma,C,5.5,0.8,0.145,0.709,16.8,2,,,,,0,,,,0
7537,Mitaj,Genoa,D,5.5,2.0,0.364,0.273,19.6,3,Ellertsson,6020,43,,0,,,,0
7538,Halhal,Venezia,D,5.5,1.8,0.327,0.345,19.0,2,,,,,0,,,,0
7540,Akpoguma,Frosinone,D,5.5,0.5,0.091,0.818,14.9,1,,,,,0,,,,0
7545,Vismara,Atalanta,P,5.5,0.0,0.0,1.0,0.0,0,,,,,0,,,,1
7546,Robinson J.,Monza,A,5.5,2.8,0.509,0.018,21.8,2,,,,,0,,,,0
7547,Kevin Carlos,Cagliari,A,6.0,3.5,0.583,0.167,23.1,5,Nzola|Mendy P.,5336|7374,67|,,0,,,,0
7548,Aurelio,Cagliari,D,6.0,0.5,0.083,0.833,14.8,1,,,,,0,,,,0
7550,Grillitsch,Frosinone,C,5.5,1.0,0.182,0.636,14.8,2,Calò,7472,,,0,"sindrome retto-adduttoria, operato",2026-11-02,5,0
7551,Schmid,Frosinone,C,5.5,5.3,0.964,0.927,29.9,5,,,,2,2,,,,0
7553,Omar Fayed,Frosinone,D,5.5,0.4,0.073,0.855,14.6,1,,,,,0,,,,0
7554,Romero D.,Parma,A,5.5,4.8,0.873,0.745,27.9,5,Elphege,7342,,,0,,,,0
7556,Mora,Roma,C,5.5,4.3,0.782,0.564,27.0,5,Soulè,5734,,,0,,,,0
7557,Penev,Lecce,P,6.0,0.02,0.003,0.993,2.4,1,,,,,0,,,,0
7560,Pisseri,Frosinone,P,5.5,0.02,0.004,0.993,2.4,1,,,,,0,,,,0
7561,Lontani,Parma,A,5.5,4.6,0.836,0.673,27.3,4,Fabbian,6206,47,,0,,,,0
7563,Favasuli,Napoli,D,5.5,2.0,0.364,0.273,19.6,2,,,,,0,,,,0
7564,Leysen F.,Sassuolo,D,5.5,4.8,0.873,0.745,28.2,4,,,,,0,,,,0
7568,De Martis,Parma,A,5.5,0.0,0.0,1.0,13.2,0,,,,,0,,,,0
7571,Laerke,Lecce,C,6.0,0.0,0.0,1.0,14.5,0,,,,,0,,,,0
7572,Comotto,Milan,C,6.0,0.2,0.033,0.933,15.0,1,,,,,0,,,,0
7573,Cinquegrano,Sassuolo,D,5.5,3.7,0.673,0.345,24.8,2,,,,,0,,,,0
7574,Foe Ondoa,Monza,C,5.5,1.9,0.345,0.309,20.0,2,,,,,0,,,,0
7575,Mout,Monza,C,5.5,1.9,0.345,0.309,20.0,3,,,,,0,,,,0
7579,Massolin,Cagliari,C,6.0,0.8,0.133,0.733,16.6,1,,,,,0,,,,0
7580,Sutalo J.,Lazio,D,6.0,3.2,0.533,0.067,22.5,4,Doekhi,6320,61,,0,,,,0
7599,Lulli,Roma,D,5.5,2.7,0.491,0.018,21.7,2,Molina N.,4998,,,0,,,,0
7600,Osmajic,Genoa,A,5.5,3.4,0.618,0.236,23.6,2,,,,,0,,,,0
7602,Fatah,Lecce,A,6.0,2.7,0.45,0.1,20.8,2,Monteiro J.,7619,19,,0,,,,0
7603,Grabara,Juventus,P,6.0,0.0,0.0,1.0,0.6,0,,,,,0,"lesione del crociato anteriore del ginocchio destro, operato",2027-04-05,25,0
7604,Maye,Monza,D,5.5,0.8,0.145,0.709,15.9,1,,,,,0,,,,0
7605,Tchato,Frosinone,D,5.5,1.6,0.291,0.418,18.3,3,,,,,0,,,,0
7610,Birligea,Frosinone,A,5.5,0.8,0.145,0.709,15.7,1,,,,,0,,,,0
7611,Mrozek,Udinese,P,6.0,0.1,0.017,0.967,2.8,1,,,,,0,,,,0
7612,Bobcek,Frosinone,A,5.5,2.0,0.364,0.273,19.3,3,,,,,0,,,,0
7615,Drobnic,Parma,D,5.5,1.5,0.273,0.455,18.0,2,,,,,0,,,,0
7618,Hutchinson,Milan,C,6.0,1.3,0.217,0.567,18.0,2,,,,,0,,,,0
7619,Monteiro J.,Lecce,C,6.0,3.9,0.65,0.3,24.9,4,Pierotti|Fatah,6549|7602,|50,,0,,,,0
7620,Zeballos,Monza,A,5.5,2.0,0.364,0.273,19.3,3,Colpani,5878,,,0,,,,0
7621,Sugawara,Cagliari,D,6.0,2.4,0.4,0.2,20.2,3,,,,,0,,,,0
7622,Robinho Junior,Genoa,A,5.5,0.0,0.0,1.0,0.0,0,,,,,0,,,,1
7623,Gnonto,Fiorentina,A,5.5,1.9,0.345,0.309,19.0,2,,,,,0,,,,0
7624,Braganca,Torino,C,5.5,2.4,0.436,0.127,21.5,2,Mandragora,1933,,,0,,,,0
7625,Goncalves P.,Fiorentina,C,5.5,3.1,0.564,0.127,23.5,5,Njie,6827,62,1,3,,,,0
7626,Pompei,Atalanta,P,5.5,0.02,0.004,0.993,2.4,1,,,,,0,,,,0
7627,Enem,Bologna,A,5.5,0.6,0.109,0.782,15.0,1,,,,,0,,,,0
7628,Sierro,Parma,C,5.5,2.6,0.473,0.055,22.1,2,,,,,0,,,,0
7629,Libra,Bologna,C,5.5,0.8,0.145,0.709,16.8,2,,,,,0,,,,0
7647,Esteban,Lecce,A,6.0,1.6,0.267,0.467,17.7,2,,,,,0,,,,0
