fonte,url,tipo,peso,letta_il,nota
fantacalcio.it,https://www.fantacalcio.it/probabili-formazioni-serie-a,"probabili formazioni della giornata, titolari e panchina con percentuali di impiego",2.0,2026-09-28,"giornata 6: tutte e venti le squadre, con la panchina e la probabilita di impiego di ciascuno"
fantacalcio-online,https://www.fantacalcio-online.com/it/consigli-fantacalcio/formazioni-tipo-serie-a-2026-2027,"consenso dichiarato di dieci guide, con percentuali",0.75,2026-09-03,riporta solo le maglie su cui le guide si esprimono; guida di inizio stagione: pesata meno dopo 5 giornate giocate
sosfanta,https://www.sosfanta.com/asta-fantacalcio/seriea-tutte-formazioni-tipo-fantacalcio-2026-2027-asta-consigli-chi-prendere/,"formazioni tipo per l'asta, con le alternative",0.5,2026-09-03,guida di inizio stagione: pesata meno dopo 5 giornate giocate
calciodangolo,https://calciodangolo.com/fantacalcio-come-giocherebbero-oggi-formazioni-tipo-serie-a-2026-2027/,"formazioni tipo ""come giocherebbero oggi""",0.5,2026-09-03,guida di inizio stagione: pesata meno dopo 5 giornate giocate
fantamaster,https://www.fantamaster.it/probabili-formazioni-seriea-2026-2027-moduli-titolari-ballottaggi/,probabili formazioni con i ballottaggi aperti,0.5,2026-09-03,guida di inizio stagione: pesata meno dopo 5 giornate giocate
fantamaster-g3,https://www.fantamaster.it/probabili-formazioni-3-giornata-seriea-2026-2027-titolari-ballottaggi-ultime-dai-campi/,probabili formazioni della giornata,0.5,2026-09-03,"lettura del 3 settembre sulle sei squadre che allora mancavano; ora fantacalcio.it le copre tutte, resta come secondo parere; guida di inizio stagione: pesata meno dopo 5 giornate giocate"
fantacalcio.it-infortuni,https://www.fantacalcio.it/infortunati-serie-a,infortunati e indisponibili,1.0,2026-09-28,riletta per intero il 2026-09-28: 51 indisponibili
goal.com,https://www.goal.com/it/liste/fantacalcio-rigoristi-serie-a-2026-2027-tiratori-e-gerarchie-dal-dischetto-delle-20-squadre-del-campionato/bltdebca56c3bd91419,gerarchie dal dischetto,1.0,2026-09-03,
fantamaster-rigori,https://www.fantamaster.it/rigoristi-seriea-fantacalcio-2026-2027-gerarchie-20-squadre/,gerarchie dal dischetto,1.0,2026-09-03,
liste-serie-a,https://www.tuttosport.com/news/calcio/serie-a/juventus/2026/09/05-151032855/lista_juve_serie_a_chi_sono_gli_esclusi_e_che_dice_il_regolamento_per_i_cambi,esclusi dalla lista di serie A e usciti dal campionato,1.0,2026-09-07,incrociata con il listone di fantacalcio-online del 7 settembre
campo-2026-27,https://www.fantacalcio.it/statistiche-serie-a/2026-27/fantacalcio/medie,partite a voto nelle giornate gia giocate,2.0,2026-09-28,quota = partite a voto / 5 giornate giocate
campo-2026-27-rigori,https://www.fantacalcio.it/statistiche-serie-a/2026-27/fantacalcio/medie,chi ha calciato i rigori in campionato,1.5,2026-09-28,
fantacalcio.it-rigori,https://www.fantacalcio.it/rigoristi-serie-a,gerarchie dal dischetto,1.5,2026-09-28,
