fonte,squadra,modulo,posto,giocatore,ruolo,pct,id
fantamaster-g3,Juventus,4-2-3-1,1,Vicario,,,
fantamaster-g3,Juventus,4-2-3-1,2,Kalulu,,,
fantamaster-g3,Juventus,4-2-3-1,3,Bremer,,,
fantamaster-g3,Juventus,4-2-3-1,4,Lucumi,,,
fantamaster-g3,Juventus,4-2-3-1,5,Celik,,,
fantamaster-g3,Juventus,4-2-3-1,6,Douglas Luiz,,,
fantamaster-g3,Juventus,4-2-3-1,7,Locatelli,,,
fantamaster-g3,Juventus,4-2-3-1,8,Conceicao,,,
fantamaster-g3,Juventus,4-2-3-1,9,Nico Gonzalez,,,
fantamaster-g3,Juventus,4-2-3-1,10,Boga,,,
fantamaster-g3,Juventus,4-2-3-1,11,Kolo Muani,,,
fantamaster-g3,Milan,3-4-2-1,1,Maignan,,,
fantamaster-g3,Milan,3-4-2-1,2,Gila,,,
fantamaster-g3,Milan,3-4-2-1,3,De Winter,,,
fantamaster-g3,Milan,3-4-2-1,4,Pavlovic,,,
fantamaster-g3,Milan,3-4-2-1,5,Chukwueze,,,
fantamaster-g3,Milan,3-4-2-1,6,Musah,,,
fantamaster-g3,Milan,3-4-2-1,7,Modric,,,
fantamaster-g3,Milan,3-4-2-1,8,Bartesaghi,,,
fantamaster-g3,Milan,3-4-2-1,9,Rabiot,,,
fantamaster-g3,Milan,3-4-2-1,10,Cisse,,,
fantamaster-g3,Milan,3-4-2-1,11,Goncalo Ramos,,,
fantamaster-g3,Cagliari,4-3-3,1,Caprile,,,
fantamaster-g3,Cagliari,4-3-3,2,Ze Pedro,,,
fantamaster-g3,Cagliari,4-3-3,3,Deiola,,,
fantamaster-g3,Cagliari,4-3-3,4,Rodriguez,,,
fantamaster-g3,Cagliari,4-3-3,5,Obert,,,
fantamaster-g3,Cagliari,4-3-3,6,Adopo,,,
fantamaster-g3,Cagliari,4-3-3,7,Winks,,,
fantamaster-g3,Cagliari,4-3-3,8,Romano,,,
fantamaster-g3,Cagliari,4-3-3,9,Maldini,,,
fantamaster-g3,Cagliari,4-3-3,10,Mendy,,,
fantamaster-g3,Cagliari,4-3-3,11,Fazzini,,,
fantamaster-g3,Lecce,3-5-2,1,Falcone,,,
fantamaster-g3,Lecce,3-5-2,2,Tiago Gabriel,,,
fantamaster-g3,Lecce,3-5-2,3,Gaspar,,,
fantamaster-g3,Lecce,3-5-2,4,Siebert,,,
fantamaster-g3,Lecce,3-5-2,5,Veiga,,,
fantamaster-g3,Lecce,3-5-2,6,Coulibaly,,,
fantamaster-g3,Lecce,3-5-2,7,Ilic,,,
fantamaster-g3,Lecce,3-5-2,8,Gorter,,,
fantamaster-g3,Lecce,3-5-2,9,Gallo,,,
fantamaster-g3,Lecce,3-5-2,10,Pierotti,,,
fantamaster-g3,Lecce,3-5-2,11,Stulic,,,
fantamaster-g3,Udinese,3-4-2-1,1,Okoye,,,
fantamaster-g3,Udinese,3-4-2-1,2,Abankwah,,,
fantamaster-g3,Udinese,3-4-2-1,3,Kabasele,,,
fantamaster-g3,Udinese,3-4-2-1,4,Solet,,,
fantamaster-g3,Udinese,3-4-2-1,5,Vojvoda,,,
fantamaster-g3,Udinese,3-4-2-1,6,Piotrowski,,,
fantamaster-g3,Udinese,3-4-2-1,7,Karlstrom,,,
fantamaster-g3,Udinese,3-4-2-1,8,Kamara,,,
fantamaster-g3,Udinese,3-4-2-1,9,Unai Gomez,,,
fantamaster-g3,Udinese,3-4-2-1,10,Ekkelenkamp,,,
fantamaster-g3,Udinese,3-4-2-1,11,Davis,,,
fantamaster-g3,Lazio,4-3-3,1,Mandas,,,
fantamaster-g3,Lazio,4-3-3,2,Floriani Mussolini,,,
fantamaster-g3,Lazio,4-3-3,3,Doekhi,,,
fantamaster-g3,Lazio,4-3-3,4,Provstgaard,,,
fantamaster-g3,Lazio,4-3-3,5,Nuno Tavares,,,
fantamaster-g3,Lazio,4-3-3,6,Taylor,,,
fantamaster-g3,Lazio,4-3-3,7,Belahyane,,,
fantamaster-g3,Lazio,4-3-3,8,Frattesi,,,
fantamaster-g3,Lazio,4-3-3,9,Gudmundsson,,,
fantamaster-g3,Lazio,4-3-3,10,Pinamonti,,,
fantamaster-g3,Lazio,4-3-3,11,Zaccagni,,,
sosfanta,Atalanta,4-3-3,1,Carnesecchi,,,
sosfanta,Atalanta,4-3-3,2,Zappacosta,,,
sosfanta,Atalanta,4-3-3,3,Kristensen,,,
sosfanta,Atalanta,4-3-3,4,Scalvini,,,
sosfanta,Atalanta,4-3-3,5,Bernasconi,,,
sosfanta,Atalanta,4-3-3,6,Kessie,,,
sosfanta,Atalanta,4-3-3,7,Gaetano,,,
sosfanta,Atalanta,4-3-3,8,Ederson,,,
sosfanta,Atalanta,4-3-3,9,De Ketelaere,,,
sosfanta,Atalanta,4-3-3,10,Scamacca,,,
sosfanta,Atalanta,4-3-3,11,Rowe,,,
sosfanta,Bologna,4-3-3,1,Skorupski,,,
sosfanta,Bologna,4-3-3,2,Zortea,,,
sosfanta,Bologna,4-3-3,3,Heggem,,,
sosfanta,Bologna,4-3-3,4,Theate,,,
sosfanta,Bologna,4-3-3,5,Miranda,,,
sosfanta,Bologna,4-3-3,6,Pobega,,,
sosfanta,Bologna,4-3-3,7,Moro,,,
sosfanta,Bologna,4-3-3,8,Odgaard,,,
sosfanta,Bologna,4-3-3,9,Orsolini,,,
sosfanta,Bologna,4-3-3,10,Dovbyk,,,
sosfanta,Bologna,4-3-3,11,Cambiaghi,,,
sosfanta,Cagliari,4-3-3,1,Caprile,,,
sosfanta,Cagliari,4-3-3,2,Ze Pedro,,,
sosfanta,Cagliari,4-3-3,3,Mina,,,
sosfanta,Cagliari,4-3-3,4,Rodriguez,,,
sosfanta,Cagliari,4-3-3,5,Obert,,,
sosfanta,Cagliari,4-3-3,6,Adopo,,,
sosfanta,Cagliari,4-3-3,7,Winks,,,
sosfanta,Cagliari,4-3-3,8,Romano,,,
sosfanta,Cagliari,4-3-3,9,Maldini,,,
sosfanta,Cagliari,4-3-3,10,Kevin Carlos,,,
sosfanta,Cagliari,4-3-3,11,Fazzini,,,
sosfanta,Como,4-2-3-1,1,Butez,,,
sosfanta,Como,4-2-3-1,2,Couto,,,
sosfanta,Como,4-2-3-1,3,Ramon,,,
sosfanta,Como,4-2-3-1,4,Chalobah,,,
sosfanta,Como,4-2-3-1,5,Valle,,,
sosfanta,Como,4-2-3-1,6,Perrone,,,
sosfanta,Como,4-2-3-1,7,Da Cunha,,,
sosfanta,Como,4-2-3-1,8,Baturina,,,
sosfanta,Como,4-2-3-1,9,Paz,,,
sosfanta,Como,4-2-3-1,10,Diao,,,
sosfanta,Como,4-2-3-1,11,Douvikas,,,
sosfanta,Fiorentina,4-3-3,1,De Gea,,,
sosfanta,Fiorentina,4-3-3,2,Jimenez,,,
sosfanta,Fiorentina,4-3-3,3,Dragusin,,,
sosfanta,Fiorentina,4-3-3,4,Viery,,,
sosfanta,Fiorentina,4-3-3,5,Valdepenas,,,
sosfanta,Fiorentina,4-3-3,6,Atta,,,
sosfanta,Fiorentina,4-3-3,7,Oulai,,,
sosfanta,Fiorentina,4-3-3,8,Ndour,,,
sosfanta,Fiorentina,4-3-3,9,Mastantuono,,,
sosfanta,Fiorentina,4-3-3,10,Beto,,,
sosfanta,Fiorentina,4-3-3,11,Pedro Goncalves,,,
sosfanta,Frosinone,4-2-3-1,1,Palmisani,,,
sosfanta,Frosinone,4-2-3-1,2,Tchato,,,
sosfanta,Frosinone,4-2-3-1,3,Calvani,,,
sosfanta,Frosinone,4-2-3-1,4,Monterisi,,,
sosfanta,Frosinone,4-2-3-1,5,Bracaglia,,,
sosfanta,Frosinone,4-2-3-1,6,Calo,,,
sosfanta,Frosinone,4-2-3-1,7,Grillitsch,,,
sosfanta,Frosinone,4-2-3-1,8,Kvernadze,,,
sosfanta,Frosinone,4-2-3-1,9,Schmid,,,
sosfanta,Frosinone,4-2-3-1,10,Ghedjemis,,,
sosfanta,Frosinone,4-2-3-1,11,Raimondo,,,
sosfanta,Genoa,3-4-2-1,1,Bijlow,,,
sosfanta,Genoa,3-4-2-1,2,Marcandalli,,,
sosfanta,Genoa,3-4-2-1,3,Ostigard,,,
sosfanta,Genoa,3-4-2-1,4,Vasquez,,,
sosfanta,Genoa,3-4-2-1,5,Drameh,,,
sosfanta,Genoa,3-4-2-1,6,Sow,,,
sosfanta,Genoa,3-4-2-1,7,Frendrup,,,
sosfanta,Genoa,3-4-2-1,8,Mitaj,,,
sosfanta,Genoa,3-4-2-1,9,Baldanzi,,,
sosfanta,Genoa,3-4-2-1,10,El Shaarawy,,,
sosfanta,Genoa,3-4-2-1,11,Colombo,,,
sosfanta,Inter,3-5-2,1,Martinez,,,
sosfanta,Inter,3-5-2,2,Akanji,,,
sosfanta,Inter,3-5-2,3,Stones,,,
sosfanta,Inter,3-5-2,4,Bastoni,,,
sosfanta,Inter,3-5-2,5,Diouf,,,
sosfanta,Inter,3-5-2,6,Barella,,,
sosfanta,Inter,3-5-2,7,Calhanoglu,,,
sosfanta,Inter,3-5-2,8,Jones,,,
sosfanta,Inter,3-5-2,9,Dimarco,,,
sosfanta,Inter,3-5-2,10,Martinez L.,,,
sosfanta,Inter,3-5-2,11,Thuram,,,
sosfanta,Juventus,4-2-3-1,1,Vicario,,,
sosfanta,Juventus,4-2-3-1,2,Kalulu,,,
sosfanta,Juventus,4-2-3-1,3,Bremer,,,
sosfanta,Juventus,4-2-3-1,4,Lucumi,,,
sosfanta,Juventus,4-2-3-1,5,Celik,,,
sosfanta,Juventus,4-2-3-1,6,Douglas Luiz,,,
sosfanta,Juventus,4-2-3-1,7,Locatelli,,,
sosfanta,Juventus,4-2-3-1,8,Conceicao,,,
sosfanta,Juventus,4-2-3-1,9,Mckennie,,,
sosfanta,Juventus,4-2-3-1,10,Yildiz,,,
sosfanta,Juventus,4-2-3-1,11,Kolo Muani,,,
sosfanta,Lazio,4-3-3,1,Mandas,,,
sosfanta,Lazio,4-3-3,2,Marusic,,,
sosfanta,Lazio,4-3-3,3,Provstgaard,,,
sosfanta,Lazio,4-3-3,4,Tavares,,,
sosfanta,Lazio,4-3-3,5,Rovella,,,
sosfanta,Lazio,4-3-3,6,Frattesi,,,
sosfanta,Lazio,4-3-3,7,Taylor,,,
sosfanta,Lazio,4-3-3,8,Isaksen,,,
sosfanta,Lazio,4-3-3,9,Pinamonti,,,
sosfanta,Lazio,4-3-3,10,Zaccagni,,,
sosfanta,Lazio,4-3-3,11,Motta,,,
sosfanta,Lecce,4-3-3,1,Falcone,,,
sosfanta,Lecce,4-3-3,2,Veiga,,,
sosfanta,Lecce,4-3-3,3,Tiago Gabriel,,,
sosfanta,Lecce,4-3-3,4,Gaspar,,,
sosfanta,Lecce,4-3-3,5,Gallo,,,
sosfanta,Lecce,4-3-3,6,Coulibaly,,,
sosfanta,Lecce,4-3-3,7,Ilic,,,
sosfanta,Lecce,4-3-3,8,Gorter,,,
sosfanta,Lecce,4-3-3,9,Pierotti,,,
sosfanta,Lecce,4-3-3,10,Geubbels,,,
sosfanta,Lecce,4-3-3,11,Monteiro,,,
sosfanta,Milan,3-4-2-1,1,Maignan,,,
sosfanta,Milan,3-4-2-1,2,Gila,,,
sosfanta,Milan,3-4-2-1,3,De Winter,,,
sosfanta,Milan,3-4-2-1,4,Pavlovic,,,
sosfanta,Milan,3-4-2-1,5,Chukwueze,,,
sosfanta,Milan,3-4-2-1,6,Rabiot,,,
sosfanta,Milan,3-4-2-1,7,Modric,,,
sosfanta,Milan,3-4-2-1,8,Moreira,,,
sosfanta,Milan,3-4-2-1,9,Pulisic,,,
sosfanta,Milan,3-4-2-1,10,Ramos,,,
sosfanta,Monza,3-4-2-1,1,Tornqvist,,,
sosfanta,Monza,3-4-2-1,2,Goglichidze,,,
sosfanta,Monza,3-4-2-1,3,Ziolkowski,,,
sosfanta,Monza,3-4-2-1,4,Carboni,,,
sosfanta,Monza,3-4-2-1,5,Toure,,,
sosfanta,Monza,3-4-2-1,6,Folorunsho,,,
sosfanta,Monza,3-4-2-1,7,Pessina,,,
sosfanta,Monza,3-4-2-1,8,Mangas,,,
sosfanta,Monza,3-4-2-1,9,Colpani,,,
sosfanta,Monza,3-4-2-1,10,Cutrone,,,
sosfanta,Monza,3-4-2-1,11,Varela,,,
sosfanta,Napoli,4-3-3,1,Meret,,,
sosfanta,Napoli,4-3-3,2,Di Lorenzo,,,
sosfanta,Napoli,4-3-3,3,Rrahmani,,,
sosfanta,Napoli,4-3-3,4,Badiashile,,,
sosfanta,Napoli,4-3-3,5,Spinazzola,,,
sosfanta,Napoli,4-3-3,6,De Bruyne,,,
sosfanta,Napoli,4-3-3,7,Lobotka,,,
sosfanta,Napoli,4-3-3,8,Mctominay,,,
sosfanta,Napoli,4-3-3,9,Politano,,,
sosfanta,Napoli,4-3-3,10,Hojlund,,,
sosfanta,Napoli,4-3-3,11,Santos,,,
sosfanta,Parma,4-3-3,1,Corvi,,,
sosfanta,Parma,4-3-3,2,Delprato,,,
sosfanta,Parma,4-3-3,3,Troilo,,,
sosfanta,Parma,4-3-3,4,Diego Carlos,,,
sosfanta,Parma,4-3-3,5,Valeri,,,
sosfanta,Parma,4-3-3,6,Bernabe,,,
sosfanta,Parma,4-3-3,7,Keita,,,
sosfanta,Parma,4-3-3,8,Fabbian,,,
sosfanta,Parma,4-3-3,9,Lontani,,,
sosfanta,Parma,4-3-3,10,Romero,,,
sosfanta,Parma,4-3-3,11,Toure,,,
sosfanta,Roma,4-3-3,1,Svilar,,,
sosfanta,Roma,4-3-3,2,Mancini,,,
sosfanta,Roma,4-3-3,3,N'dicka,,,
sosfanta,Roma,4-3-3,4,Hermoso,,,
sosfanta,Roma,4-3-3,5,Molina,,,
sosfanta,Roma,4-3-3,6,Cristante,,,
sosfanta,Roma,4-3-3,7,Kone,,,
sosfanta,Roma,4-3-3,8,Wesley,,,
sosfanta,Roma,4-3-3,9,Dybala,,,
sosfanta,Roma,4-3-3,10,Mora,,,
sosfanta,Roma,4-3-3,11,Malen,,,
sosfanta,Sassuolo,4-2-3-1,1,Muric,,,
sosfanta,Sassuolo,4-2-3-1,2,Van Der Brempt,,,
sosfanta,Sassuolo,4-2-3-1,3,Idzes,,,
sosfanta,Sassuolo,4-2-3-1,4,Leysen,,,
sosfanta,Sassuolo,4-2-3-1,5,Obrador,,,
sosfanta,Sassuolo,4-2-3-1,6,Matic,,,
sosfanta,Sassuolo,4-2-3-1,7,Bakola,,,
sosfanta,Sassuolo,4-2-3-1,8,Berardi,,,
sosfanta,Sassuolo,4-2-3-1,9,Thorstvedt,,,
sosfanta,Sassuolo,4-2-3-1,10,Lauriente,,,
sosfanta,Sassuolo,4-2-3-1,11,Esposito,,,
sosfanta,Torino,3-4-2-1,1,Perri,,,
sosfanta,Torino,3-4-2-1,2,Comuzzo,,,
sosfanta,Torino,3-4-2-1,3,Coco,,,
sosfanta,Torino,3-4-2-1,4,Rodriguez,,,
sosfanta,Torino,3-4-2-1,5,Belghali,,,
sosfanta,Torino,3-4-2-1,6,Mandragora,,,
sosfanta,Torino,3-4-2-1,7,Fitz-Jim,,,
sosfanta,Torino,3-4-2-1,8,Cacciamani,,,
sosfanta,Torino,3-4-2-1,9,Casadei,,,
sosfanta,Torino,3-4-2-1,10,Vlasic,,,
sosfanta,Torino,3-4-2-1,11,Simeone,,,
sosfanta,Udinese,3-4-2-1,1,Okoye,,,
sosfanta,Udinese,3-4-2-1,2,Abankwah,,,
sosfanta,Udinese,3-4-2-1,3,Kabasele,,,
sosfanta,Udinese,3-4-2-1,4,Solet,,,
sosfanta,Udinese,3-4-2-1,5,Vojvoda,,,
sosfanta,Udinese,3-4-2-1,6,Piotrowski,,,
sosfanta,Udinese,3-4-2-1,7,Karlstrom,,,
sosfanta,Udinese,3-4-2-1,8,Kamara,,,
sosfanta,Udinese,3-4-2-1,9,Zaniolo,,,
sosfanta,Udinese,3-4-2-1,10,Ekkelenkamp,,,
sosfanta,Udinese,3-4-2-1,11,Davis,,,
sosfanta,Venezia,3-5-2,1,Stankovic,,,
sosfanta,Venezia,3-5-2,2,Schingtienne,,,
sosfanta,Venezia,3-5-2,3,Bella-Kotchap,,,
sosfanta,Venezia,3-5-2,4,Juan Jesus,,,
sosfanta,Venezia,3-5-2,5,Mazzocchi,,,
sosfanta,Venezia,3-5-2,6,Sohm,,,
sosfanta,Venezia,3-5-2,7,Busio,,,
sosfanta,Venezia,3-5-2,8,Basic,,,
sosfanta,Venezia,3-5-2,9,Haps,,,
sosfanta,Venezia,3-5-2,10,Adams,,,
sosfanta,Venezia,3-5-2,11,Yeboah,,,
calciodangolo,Atalanta,4-3-3,1,Carnesecchi,,,
calciodangolo,Atalanta,4-3-3,2,Bellanova,,,
calciodangolo,Atalanta,4-3-3,3,Kristensen,,,
calciodangolo,Atalanta,4-3-3,4,Scalvini,,,
calciodangolo,Atalanta,4-3-3,5,Zalewski,,,
calciodangolo,Atalanta,4-3-3,6,Kessie,,,
calciodangolo,Atalanta,4-3-3,7,Gaetano,,,
calciodangolo,Atalanta,4-3-3,8,Ederson,,,
calciodangolo,Atalanta,4-3-3,9,De Ketelaere,,,
calciodangolo,Atalanta,4-3-3,10,Scamacca,,,
calciodangolo,Atalanta,4-3-3,11,Rowe,,,
calciodangolo,Bologna,4-2-3-1,1,Skorupski,,,
calciodangolo,Bologna,4-2-3-1,2,Zortea,,,
calciodangolo,Bologna,4-2-3-1,3,Heggem,,,
calciodangolo,Bologna,4-2-3-1,4,Theate,,,
calciodangolo,Bologna,4-2-3-1,5,Miranda,,,
calciodangolo,Bologna,4-2-3-1,6,Amondarain,,,
calciodangolo,Bologna,4-2-3-1,7,Ferguson,,,
calciodangolo,Bologna,4-2-3-1,8,Orsolini,,,
calciodangolo,Bologna,4-2-3-1,9,Bernardeschi,,,
calciodangolo,Bologna,4-2-3-1,10,Cambiaghi,,,
calciodangolo,Bologna,4-2-3-1,11,Dovbyk,,,
calciodangolo,Cagliari,4-3-2-1,1,Caprile,,,
calciodangolo,Cagliari,4-3-2-1,2,Ze Pedro,,,
calciodangolo,Cagliari,4-3-2-1,3,Mina,,,
calciodangolo,Cagliari,4-3-2-1,4,Rodriguez,,,
calciodangolo,Cagliari,4-3-2-1,5,Obert,,,
calciodangolo,Cagliari,4-3-2-1,6,Adopo,,,
calciodangolo,Cagliari,4-3-2-1,7,Romano,,,
calciodangolo,Cagliari,4-3-2-1,8,Winks,,,
calciodangolo,Cagliari,4-3-2-1,9,Maldini,,,
calciodangolo,Cagliari,4-3-2-1,10,Fazzini,,,
calciodangolo,Cagliari,4-3-2-1,11,Kevin Carlos,,,
calciodangolo,Como,4-2-3-1,1,Butez,,,
calciodangolo,Como,4-2-3-1,2,Couto,,,
calciodangolo,Como,4-2-3-1,3,Ramon,,,
calciodangolo,Como,4-2-3-1,4,Chalobah,,,
calciodangolo,Como,4-2-3-1,5,Valle,,,
calciodangolo,Como,4-2-3-1,6,Perrone,,,
calciodangolo,Como,4-2-3-1,7,Da Cunha,,,
calciodangolo,Como,4-2-3-1,8,Diao,,,
calciodangolo,Como,4-2-3-1,9,Paz,,,
calciodangolo,Como,4-2-3-1,10,Baturina,,,
calciodangolo,Como,4-2-3-1,11,Kean,,,
calciodangolo,Fiorentina,4-3-2-1,1,De Gea,,,
calciodangolo,Fiorentina,4-3-2-1,2,Jimenez,,,
calciodangolo,Fiorentina,4-3-2-1,3,Dragusin,,,
calciodangolo,Fiorentina,4-3-2-1,4,Viery,,,
calciodangolo,Fiorentina,4-3-2-1,5,Valdepenas,,,
calciodangolo,Fiorentina,4-3-2-1,6,Ndour,,,
calciodangolo,Fiorentina,4-3-2-1,7,Oulai,,,
calciodangolo,Fiorentina,4-3-2-1,8,Atta,,,
calciodangolo,Fiorentina,4-3-2-1,9,Mastantuono,,,
calciodangolo,Fiorentina,4-3-2-1,10,Goncalves,,,
calciodangolo,Fiorentina,4-3-2-1,11,Pellegrino,,,
calciodangolo,Frosinone,4-3-3,1,Palmisani,,,
calciodangolo,Frosinone,4-3-3,2,Tchato,,,
calciodangolo,Frosinone,4-3-3,3,Monterisi,,,
calciodangolo,Frosinone,4-3-3,4,Calvani,,,
calciodangolo,Frosinone,4-3-3,5,Terzic,,,
calciodangolo,Frosinone,4-3-3,6,Grillitsch,,,
calciodangolo,Frosinone,4-3-3,7,Calo,,,
calciodangolo,Frosinone,4-3-3,8,Masini,,,
calciodangolo,Frosinone,4-3-3,9,Schmid,,,
calciodangolo,Frosinone,4-3-3,10,Bobcek,,,
calciodangolo,Frosinone,4-3-3,11,Kvernadze,,,
calciodangolo,Genoa,3-4-2-1,1,Bijlow,,,
calciodangolo,Genoa,3-4-2-1,2,Marcandalli,,,
calciodangolo,Genoa,3-4-2-1,3,Ostigard,,,
calciodangolo,Genoa,3-4-2-1,4,Vasquez,,,
calciodangolo,Genoa,3-4-2-1,5,Drameh,,,
calciodangolo,Genoa,3-4-2-1,6,Frendrup,,,
calciodangolo,Genoa,3-4-2-1,7,Sow,,,
calciodangolo,Genoa,3-4-2-1,8,Mitaj,,,
calciodangolo,Genoa,3-4-2-1,9,Baldanzi,,,
calciodangolo,Genoa,3-4-2-1,10,Vitinha,,,
calciodangolo,Genoa,3-4-2-1,11,Colombo,,,
calciodangolo,Inter,3-5-2,1,Martinez Jo.,,,
calciodangolo,Inter,3-5-2,2,Akanji,,,
calciodangolo,Inter,3-5-2,3,Stones,,,
calciodangolo,Inter,3-5-2,4,Bastoni,,,
calciodangolo,Inter,3-5-2,5,Spence,,,
calciodangolo,Inter,3-5-2,6,Barella,,,
calciodangolo,Inter,3-5-2,7,Calhanoglu,,,
calciodangolo,Inter,3-5-2,8,Jones,,,
calciodangolo,Inter,3-5-2,9,Dimarco,,,
calciodangolo,Inter,3-5-2,10,Thuram,,,
calciodangolo,Inter,3-5-2,11,Martinez L.,,,
calciodangolo,Juventus,4-2-3-1,1,Vicario,,,
calciodangolo,Juventus,4-2-3-1,2,Kalulu,,,
calciodangolo,Juventus,4-2-3-1,3,Bremer,,,
calciodangolo,Juventus,4-2-3-1,4,Lucumi,,,
calciodangolo,Juventus,4-2-3-1,5,Celik,,,
calciodangolo,Juventus,4-2-3-1,6,Locatelli,,,
calciodangolo,Juventus,4-2-3-1,7,Sarr,,,
calciodangolo,Juventus,4-2-3-1,8,Conceicao,,,
calciodangolo,Juventus,4-2-3-1,9,Woltemade,,,
calciodangolo,Juventus,4-2-3-1,10,Yildiz,,,
calciodangolo,Juventus,4-2-3-1,11,Kolo Muani,,,
calciodangolo,Lazio,4-3-3,1,Motta,,,
calciodangolo,Lazio,4-3-3,2,Marusic,,,
calciodangolo,Lazio,4-3-3,3,Doekhi,,,
calciodangolo,Lazio,4-3-3,4,Sutalo,,,
calciodangolo,Lazio,4-3-3,5,Pedraza,,,
calciodangolo,Lazio,4-3-3,6,Frattesi,,,
calciodangolo,Lazio,4-3-3,7,Rovella,,,
calciodangolo,Lazio,4-3-3,8,Taylor,,,
calciodangolo,Lazio,4-3-3,9,Isaksen,,,
calciodangolo,Lazio,4-3-3,10,Pinamonti,,,
calciodangolo,Lazio,4-3-3,11,Zaccagni,,,
calciodangolo,Lecce,4-3-3,1,Falcone,,,
calciodangolo,Lecce,4-3-3,2,Veiga,,,
calciodangolo,Lecce,4-3-3,3,Gaspar,,,
calciodangolo,Lecce,4-3-3,4,Tiago Gabriel,,,
calciodangolo,Lecce,4-3-3,5,Gallo,,,
calciodangolo,Lecce,4-3-3,6,Coulibaly,,,
calciodangolo,Lecce,4-3-3,7,Ilic,,,
calciodangolo,Lecce,4-3-3,8,Ngom,,,
calciodangolo,Lecce,4-3-3,9,Pierotti,,,
calciodangolo,Lecce,4-3-3,10,Geubbels,,,
calciodangolo,Lecce,4-3-3,11,Monteiro,,,
calciodangolo,Milan,3-4-2-1,1,Maignan,,,
calciodangolo,Milan,3-4-2-1,2,Gila,,,
calciodangolo,Milan,3-4-2-1,3,Gabbia,,,
calciodangolo,Milan,3-4-2-1,4,Pavlovic,,,
calciodangolo,Milan,3-4-2-1,5,Chukwueze,,,
calciodangolo,Milan,3-4-2-1,6,Modric,,,
calciodangolo,Milan,3-4-2-1,7,Rabiot,,,
calciodangolo,Milan,3-4-2-1,8,Estupinan,,,
calciodangolo,Milan,3-4-2-1,9,Hutchinson,,,
calciodangolo,Milan,3-4-2-1,10,Pulisic,,,
calciodangolo,Milan,3-4-2-1,11,Ramos,,,
calciodangolo,Monza,3-4-2-1,1,Tornqvist,,,
calciodangolo,Monza,3-4-2-1,2,Ziolkowski,,,
calciodangolo,Monza,3-4-2-1,3,Goglichidze,,,
calciodangolo,Monza,3-4-2-1,4,Carboni,,,
calciodangolo,Monza,3-4-2-1,5,Birindelli,,,
calciodangolo,Monza,3-4-2-1,6,Pessina,,,
calciodangolo,Monza,3-4-2-1,7,Folorunsho,,,
calciodangolo,Monza,3-4-2-1,8,Mangas,,,
calciodangolo,Monza,3-4-2-1,9,Ngonge,,,
calciodangolo,Monza,3-4-2-1,10,Zeballos,,,
calciodangolo,Monza,3-4-2-1,11,Varela,,,
calciodangolo,Napoli,4-3-3,1,Meret,,,
calciodangolo,Napoli,4-3-3,2,Di Lorenzo,,,
calciodangolo,Napoli,4-3-3,3,Rrahmani,,,
calciodangolo,Napoli,4-3-3,4,Badiashile,,,
calciodangolo,Napoli,4-3-3,5,Spinazzola,,,
calciodangolo,Napoli,4-3-3,6,Anguissa,,,
calciodangolo,Napoli,4-3-3,7,Lobotka,,,
calciodangolo,Napoli,4-3-3,8,McTominay,,,
calciodangolo,Napoli,4-3-3,9,Politano,,,
calciodangolo,Napoli,4-3-3,10,Hojlund,,,
calciodangolo,Napoli,4-3-3,11,Santos,,,
calciodangolo,Parma,4-3-3,1,Corvi,,,
calciodangolo,Parma,4-3-3,2,Delprato,,,
calciodangolo,Parma,4-3-3,3,Troilo,,,
calciodangolo,Parma,4-3-3,4,Diego Carlos,,,
calciodangolo,Parma,4-3-3,5,Valeri,,,
calciodangolo,Parma,4-3-3,6,Bernabe,,,
calciodangolo,Parma,4-3-3,7,Keita,,,
calciodangolo,Parma,4-3-3,8,Fabbian,,,
calciodangolo,Parma,4-3-3,9,Almqvist,,,
calciodangolo,Parma,4-3-3,10,Romero,,,
calciodangolo,Parma,4-3-3,11,Toure,,,
calciodangolo,Roma,3-4-2-1,1,Svilar,,,
calciodangolo,Roma,3-4-2-1,2,Mancini,,,
calciodangolo,Roma,3-4-2-1,3,N'dicka,,,
calciodangolo,Roma,3-4-2-1,4,Hermoso,,,
calciodangolo,Roma,3-4-2-1,5,Molina,,,
calciodangolo,Roma,3-4-2-1,6,Cristante,,,
calciodangolo,Roma,3-4-2-1,7,Kone,,,
calciodangolo,Roma,3-4-2-1,8,Wesley,,,
calciodangolo,Roma,3-4-2-1,9,Dybala,,,
calciodangolo,Roma,3-4-2-1,10,Mora,,,
calciodangolo,Roma,3-4-2-1,11,Malen,,,
calciodangolo,Sassuolo,4-3-3,1,Muric,,,
calciodangolo,Sassuolo,4-3-3,2,Van Der Brempt,,,
calciodangolo,Sassuolo,4-3-3,3,Walukiewicz,,,
calciodangolo,Sassuolo,4-3-3,4,Idzes,,,
calciodangolo,Sassuolo,4-3-3,5,Obrador,,,
calciodangolo,Sassuolo,4-3-3,6,Bakola,,,
calciodangolo,Sassuolo,4-3-3,7,Matic,,,
calciodangolo,Sassuolo,4-3-3,8,Adzic,,,
calciodangolo,Sassuolo,4-3-3,9,Berardi,,,
calciodangolo,Sassuolo,4-3-3,10,Lauriente,,,
calciodangolo,Torino,3-4-2-1,1,Perri,,,
calciodangolo,Torino,3-4-2-1,2,Coco,,,
calciodangolo,Torino,3-4-2-1,3,Comert,,,
calciodangolo,Torino,3-4-2-1,4,Comuzzo,,,
calciodangolo,Torino,3-4-2-1,5,Belghali,,,
calciodangolo,Torino,3-4-2-1,6,Fitz-Jim,,,
calciodangolo,Torino,3-4-2-1,7,Mandragora,,,
calciodangolo,Torino,3-4-2-1,8,Fortini,,,
calciodangolo,Torino,3-4-2-1,9,Vlasic,,,
calciodangolo,Torino,3-4-2-1,10,Casadei,,,
calciodangolo,Torino,3-4-2-1,11,Simeone,,,
calciodangolo,Udinese,3-5-2,1,Okoye,,,
calciodangolo,Udinese,3-5-2,2,Bertola,,,
calciodangolo,Udinese,3-5-2,3,Kabasele,,,
calciodangolo,Udinese,3-5-2,4,Solet,,,
calciodangolo,Udinese,3-5-2,5,Vojvoda,,,
calciodangolo,Udinese,3-5-2,6,Ekkelenkamp,,,
calciodangolo,Udinese,3-5-2,7,Karlstrom,,,
calciodangolo,Udinese,3-5-2,8,Piotrowski,,,
calciodangolo,Udinese,3-5-2,9,Kamara,,,
calciodangolo,Udinese,3-5-2,10,Zaniolo,,,
calciodangolo,Udinese,3-5-2,11,Davis,,,
calciodangolo,Venezia,3-5-2,1,Stankovic,,,
calciodangolo,Venezia,3-5-2,2,Schingtienne,,,
calciodangolo,Venezia,3-5-2,3,Bella-Kotchap,,,
calciodangolo,Venezia,3-5-2,4,Juan Jesus,,,
calciodangolo,Venezia,3-5-2,5,Hainaut,,,
calciodangolo,Venezia,3-5-2,6,Basic,,,
calciodangolo,Venezia,3-5-2,7,Perez,,,
calciodangolo,Venezia,3-5-2,8,Sohm,,,
calciodangolo,Venezia,3-5-2,9,Correia,,,
calciodangolo,Venezia,3-5-2,10,Adams,,,
calciodangolo,Venezia,3-5-2,11,Yeboah,,,
fantamaster,Atalanta,4-3-3,1,Carnesecchi,,,
fantamaster,Atalanta,4-3-3,2,Zappacosta,,,
fantamaster,Atalanta,4-3-3,3,Kristensen,,,
fantamaster,Atalanta,4-3-3,4,Scalvini,,,
fantamaster,Atalanta,4-3-3,5,Bernasconi,,,
fantamaster,Atalanta,4-3-3,6,Ederson,,,
fantamaster,Atalanta,4-3-3,7,Gaetano,,,
fantamaster,Atalanta,4-3-3,8,Kessie,,,
fantamaster,Atalanta,4-3-3,9,De Ketelaere,,,
fantamaster,Atalanta,4-3-3,10,Scamacca,,,
fantamaster,Atalanta,4-3-3,11,Raspadori,,,
fantamaster,Bologna,4-3-3,1,Skorupski,,,
fantamaster,Bologna,4-3-3,2,Zortea,,,
fantamaster,Bologna,4-3-3,3,Theate,,,
fantamaster,Bologna,4-3-3,4,Heggem,,,
fantamaster,Bologna,4-3-3,5,Miranda,,,
fantamaster,Bologna,4-3-3,6,Ferguson,,,
fantamaster,Bologna,4-3-3,7,Amondarain,,,
fantamaster,Bologna,4-3-3,8,Bernardeschi,,,
fantamaster,Bologna,4-3-3,9,Orsolini,,,
fantamaster,Bologna,4-3-3,10,Piccoli,,,
fantamaster,Bologna,4-3-3,11,Cambiaghi,,,
fantamaster,Cagliari,4-3-2-1,1,Caprile,,,
fantamaster,Cagliari,4-3-2-1,2,Sugawara,,,
fantamaster,Cagliari,4-3-2-1,3,Mina,,,
fantamaster,Cagliari,4-3-2-1,4,Rodriguez,,,
fantamaster,Cagliari,4-3-2-1,5,Obert,,,
fantamaster,Cagliari,4-3-2-1,6,Adopo,,,
fantamaster,Cagliari,4-3-2-1,7,Winks,,,
fantamaster,Cagliari,4-3-2-1,8,Romano,,,
fantamaster,Cagliari,4-3-2-1,9,Fazzini,,,
fantamaster,Cagliari,4-3-2-1,10,Maldini,,,
fantamaster,Cagliari,4-3-2-1,11,Kevin Carlos,,,
fantamaster,Como,4-2-3-1,1,Butez,,,
fantamaster,Como,4-2-3-1,2,Couto,,,
fantamaster,Como,4-2-3-1,3,Ramon,,,
fantamaster,Como,4-2-3-1,4,Chalobah,,,
fantamaster,Como,4-2-3-1,5,Valle,,,
fantamaster,Como,4-2-3-1,6,Milla,,,
fantamaster,Como,4-2-3-1,7,Da Cunha,,,
fantamaster,Como,4-2-3-1,8,Diao,,,
fantamaster,Como,4-2-3-1,9,Paz,,,
fantamaster,Como,4-2-3-1,10,Baturina,,,
fantamaster,Como,4-2-3-1,11,Kean,,,
fantamaster,Fiorentina,4-3-2-1,1,De Gea,,,
fantamaster,Fiorentina,4-3-2-1,2,Jimenez,,,
fantamaster,Fiorentina,4-3-2-1,3,Dragusin,,,
fantamaster,Fiorentina,4-3-2-1,4,Pongracic,,,
fantamaster,Fiorentina,4-3-2-1,5,Valdepenas,,,
fantamaster,Fiorentina,4-3-2-1,6,Atta,,,
fantamaster,Fiorentina,4-3-2-1,7,Fagioli,,,
fantamaster,Fiorentina,4-3-2-1,8,Ndour,,,
fantamaster,Fiorentina,4-3-2-1,9,Mastantuono,,,
fantamaster,Fiorentina,4-3-2-1,10,Goncalves,,,
fantamaster,Fiorentina,4-3-2-1,11,Pellegrino,,,
fantamaster,Frosinone,4-2-3-1,1,Palmisani,,,
fantamaster,Frosinone,4-2-3-1,2,Oyono,,,
fantamaster,Frosinone,4-2-3-1,3,Calvani,,,
fantamaster,Frosinone,4-2-3-1,4,Monterisi,,,
fantamaster,Frosinone,4-2-3-1,5,Bracaglia,,,
fantamaster,Frosinone,4-2-3-1,6,Calo,,,
fantamaster,Frosinone,4-2-3-1,7,Masini,,,
fantamaster,Frosinone,4-2-3-1,8,Fini,,,
fantamaster,Frosinone,4-2-3-1,9,Schmid,,,
fantamaster,Frosinone,4-2-3-1,10,Raimondo,,,
fantamaster,Frosinone,4-2-3-1,11,Kvernadze,,,
fantamaster,Genoa,3-4-2-1,1,Bijlow,,,
fantamaster,Genoa,3-4-2-1,2,Marcandalli,,,
fantamaster,Genoa,3-4-2-1,3,Ostigard,,,
fantamaster,Genoa,3-4-2-1,4,Vasquez,,,
fantamaster,Genoa,3-4-2-1,5,Drameh,,,
fantamaster,Genoa,3-4-2-1,6,Frendrup,,,
fantamaster,Genoa,3-4-2-1,7,Sow,,,
fantamaster,Genoa,3-4-2-1,8,Ellertsson,,,
fantamaster,Genoa,3-4-2-1,9,Baldanzi,,,
fantamaster,Genoa,3-4-2-1,10,Vitinha,,,
fantamaster,Genoa,3-4-2-1,11,Colombo,,,
fantamaster,Inter,3-5-2,1,Martinez,,,
fantamaster,Inter,3-5-2,2,Bisseck,,,
fantamaster,Inter,3-5-2,3,Akanji,,,
fantamaster,Inter,3-5-2,4,Bastoni,,,
fantamaster,Inter,3-5-2,5,Spence,,,
fantamaster,Inter,3-5-2,6,Barella,,,
fantamaster,Inter,3-5-2,7,Calhanoglu,,,
fantamaster,Inter,3-5-2,8,Zielinski,,,
fantamaster,Inter,3-5-2,9,Dimarco,,,
fantamaster,Inter,3-5-2,10,Martinez L.,,,
fantamaster,Inter,3-5-2,11,Thuram,,,
fantamaster,Juventus,4-2-3-1,1,Vicario,,,
fantamaster,Juventus,4-2-3-1,2,Kalulu,,,
fantamaster,Juventus,4-2-3-1,3,Bremer,,,
fantamaster,Juventus,4-2-3-1,4,Lucumi,,,
fantamaster,Juventus,4-2-3-1,5,Celik,,,
fantamaster,Juventus,4-2-3-1,6,Locatelli,,,
fantamaster,Juventus,4-2-3-1,7,Douglas Luiz,,,
fantamaster,Juventus,4-2-3-1,8,Conceicao,,,
fantamaster,Juventus,4-2-3-1,9,McKennie,,,
fantamaster,Juventus,4-2-3-1,10,Boga,,,
fantamaster,Juventus,4-2-3-1,11,Kolo Muani,,,
fantamaster,Lazio,4-3-3,1,Mandas,,,
fantamaster,Lazio,4-3-3,2,Marusic,,,
fantamaster,Lazio,4-3-3,3,Sutalo,,,
fantamaster,Lazio,4-3-3,4,Provstgaard,,,
fantamaster,Lazio,4-3-3,5,Nuno Tavares,,,
fantamaster,Lazio,4-3-3,6,Frattesi,,,
fantamaster,Lazio,4-3-3,7,Rovella,,,
fantamaster,Lazio,4-3-3,8,Taylor,,,
fantamaster,Lazio,4-3-3,9,Gudmundsson,,,
fantamaster,Lazio,4-3-3,10,Pinamonti,,,
fantamaster,Lazio,4-3-3,11,Zaccagni,,,
fantamaster,Lecce,4-2-3-1,1,Falcone,,,
fantamaster,Lecce,4-2-3-1,2,Veiga,,,
fantamaster,Lecce,4-2-3-1,3,Gaspar,,,
fantamaster,Lecce,4-2-3-1,4,Tiago Gabriel,,,
fantamaster,Lecce,4-2-3-1,5,Gallo,,,
fantamaster,Lecce,4-2-3-1,6,Ilic,,,
fantamaster,Lecce,4-2-3-1,7,Coulibaly,,,
fantamaster,Lecce,4-2-3-1,8,Pierotti,,,
fantamaster,Lecce,4-2-3-1,9,Gorter,,,
fantamaster,Lecce,4-2-3-1,10,N'dri,,,
fantamaster,Lecce,4-2-3-1,11,Stulic,,,
fantamaster,Milan,3-4-2-1,1,Maignan,,,
fantamaster,Milan,3-4-2-1,2,Gila,,,
fantamaster,Milan,3-4-2-1,3,Gabbia,,,
fantamaster,Milan,3-4-2-1,4,Pavlovic,,,
fantamaster,Milan,3-4-2-1,5,Chukwueze,,,
fantamaster,Milan,3-4-2-1,6,Modric,,,
fantamaster,Milan,3-4-2-1,7,Musah,,,
fantamaster,Milan,3-4-2-1,8,Bartesaghi,,,
fantamaster,Milan,3-4-2-1,9,Rabiot,,,
fantamaster,Milan,3-4-2-1,10,Pulisic,,,
fantamaster,Milan,3-4-2-1,11,Ramos,,,
fantamaster,Monza,3-4-2-1,1,Tornqvist,,,
fantamaster,Monza,3-4-2-1,2,Kouadio,,,
fantamaster,Monza,3-4-2-1,3,Ziolkowski,,,
fantamaster,Monza,3-4-2-1,4,Carboni,,,
fantamaster,Monza,3-4-2-1,5,Birindelli,,,
fantamaster,Monza,3-4-2-1,6,Folorunsho,,,
fantamaster,Monza,3-4-2-1,7,Mout,,,
fantamaster,Monza,3-4-2-1,8,Mangas,,,
fantamaster,Monza,3-4-2-1,9,Colpani,,,
fantamaster,Monza,3-4-2-1,10,Cutrone,,,
fantamaster,Monza,3-4-2-1,11,Varela,,,
fantamaster,Napoli,4-3-3,1,Meret,,,
fantamaster,Napoli,4-3-3,2,Di Lorenzo,,,
fantamaster,Napoli,4-3-3,3,Rrahmani,,,
fantamaster,Napoli,4-3-3,4,Badiashile,,,
fantamaster,Napoli,4-3-3,5,Spinazzola,,,
fantamaster,Napoli,4-3-3,6,Anguissa,,,
fantamaster,Napoli,4-3-3,7,Lobotka,,,
fantamaster,Napoli,4-3-3,8,McTominay,,,
fantamaster,Napoli,4-3-3,9,Politano,,,
fantamaster,Napoli,4-3-3,10,Hojlund,,,
fantamaster,Napoli,4-3-3,11,Santos,,,
fantamaster,Parma,4-3-2-1,1,Corvi,,,
fantamaster,Parma,4-3-2-1,2,Delprato,,,
fantamaster,Parma,4-3-2-1,3,Troilo,,,
fantamaster,Parma,4-3-2-1,4,Diego Carlos,,,
fantamaster,Parma,4-3-2-1,5,Valeri,,,
fantamaster,Parma,4-3-2-1,6,Bernabe,,,
fantamaster,Parma,4-3-2-1,7,Keita,,,
fantamaster,Parma,4-3-2-1,8,Fabbian,,,
fantamaster,Parma,4-3-2-1,9,Toure,,,
fantamaster,Parma,4-3-2-1,10,Lontani,,,
fantamaster,Parma,4-3-2-1,11,Romero,,,
fantamaster,Roma,3-4-2-1,1,Svilar,,,
fantamaster,Roma,3-4-2-1,2,Mancini,,,
fantamaster,Roma,3-4-2-1,3,N'dicka,,,
fantamaster,Roma,3-4-2-1,4,Hermoso,,,
fantamaster,Roma,3-4-2-1,5,Molina,,,
fantamaster,Roma,3-4-2-1,6,Cristante,,,
fantamaster,Roma,3-4-2-1,7,Kone,,,
fantamaster,Roma,3-4-2-1,8,Wesley,,,
fantamaster,Roma,3-4-2-1,9,Mora,,,
fantamaster,Roma,3-4-2-1,10,Dybala,,,
fantamaster,Roma,3-4-2-1,11,Malen,,,
fantamaster,Sassuolo,4-3-3,1,Muric,,,
fantamaster,Sassuolo,4-3-3,2,Van Der Brempt,,,
fantamaster,Sassuolo,4-3-3,3,Leysen,,,
fantamaster,Sassuolo,4-3-3,4,Idzes,,,
fantamaster,Sassuolo,4-3-3,5,Doig,,,
fantamaster,Sassuolo,4-3-3,6,Bakola,,,
fantamaster,Sassuolo,4-3-3,7,Matic,,,
fantamaster,Sassuolo,4-3-3,8,Adzic,,,
fantamaster,Sassuolo,4-3-3,9,Berardi,,,
fantamaster,Sassuolo,4-3-3,10,Bowie,,,
fantamaster,Sassuolo,4-3-3,11,Lauriente,,,
fantamaster,Torino,3-4-2-1,1,Perri,,,
fantamaster,Torino,3-4-2-1,2,Comuzzo,,,
fantamaster,Torino,3-4-2-1,3,Comert,,,
fantamaster,Torino,3-4-2-1,4,Coco,,,
fantamaster,Torino,3-4-2-1,5,Belghali,,,
fantamaster,Torino,3-4-2-1,6,Mandragora,,,
fantamaster,Torino,3-4-2-1,7,Fitz-Jim,,,
fantamaster,Torino,3-4-2-1,8,Cacciamani,,,
fantamaster,Torino,3-4-2-1,9,Vlasic,,,
fantamaster,Torino,3-4-2-1,10,Casadei,,,
fantamaster,Torino,3-4-2-1,11,Simeone,,,
fantamaster,Udinese,3-5-2,1,Okoye,,,
fantamaster,Udinese,3-5-2,2,Abankwah,,,
fantamaster,Udinese,3-5-2,3,Kabasele,,,
fantamaster,Udinese,3-5-2,4,Solet,,,
fantamaster,Udinese,3-5-2,5,Vojvoda,,,
fantamaster,Udinese,3-5-2,6,Ekkelenkamp,,,
fantamaster,Udinese,3-5-2,7,Karlstrom,,,
fantamaster,Udinese,3-5-2,8,Piotrowski,,,
fantamaster,Udinese,3-5-2,9,Kamara,,,
fantamaster,Udinese,3-5-2,10,Zaniolo,,,
fantamaster,Udinese,3-5-2,11,Davis,,,
fantamaster,Venezia,3-5-2,1,Stankovic,,,
fantamaster,Venezia,3-5-2,2,Bella-Kotchap,,,
fantamaster,Venezia,3-5-2,3,Schingtienne,,,
fantamaster,Venezia,3-5-2,4,Juan Jesus,,,
fantamaster,Venezia,3-5-2,5,Mazzocchi,,,
fantamaster,Venezia,3-5-2,6,Basic,,,
fantamaster,Venezia,3-5-2,7,Busio,,,
fantamaster,Venezia,3-5-2,8,Sohm,,,
fantamaster,Venezia,3-5-2,9,Haps,,,
fantamaster,Venezia,3-5-2,10,Adams,,,
fantamaster,Venezia,3-5-2,11,Yeboah,,,
fantacalcio.it,Genoa,3-5-2,1,Bijlow,P,90,7332
fantacalcio.it,Genoa,3-5-2,2,Marcandalli,D,90,6660
fantacalcio.it,Genoa,3-5-2,3,Ostigard,D,90,5750
fantacalcio.it,Genoa,3-5-2,4,Vasquez,D,90,5514
fantacalcio.it,Genoa,3-5-2,5,Ehizibue,D,80,6047
fantacalcio.it,Genoa,3-5-2,6,Frendrup,C,90,5791
fantacalcio.it,Genoa,3-5-2,7,Sow,C,90,5946
fantacalcio.it,Genoa,3-5-2,8,Baldanzi,C,90,5823
fantacalcio.it,Genoa,3-5-2,9,Ellertsson,C,90,6020
fantacalcio.it,Genoa,3-5-2,10,Colombo,A,75,4923
fantacalcio.it,Genoa,3-5-2,11,Osmajic,A,90,7600
fantacalcio.it,Genoa,3-5-2,12,Stolz,P,5,6569
fantacalcio.it,Genoa,3-5-2,13,Sommariva,P,1,219
fantacalcio.it,Genoa,3-5-2,14,Mitaj,D,50,7537
fantacalcio.it,Genoa,3-5-2,15,Puczka,D,30,7413
fantacalcio.it,Genoa,3-5-2,16,Sabelli,D,25,791
fantacalcio.it,Genoa,3-5-2,17,Drameh,D,30,5742
fantacalcio.it,Genoa,3-5-2,18,Otoa,D,35,6977
fantacalcio.it,Genoa,3-5-2,19,Amorim,C,55,7341
fantacalcio.it,Genoa,3-5-2,20,Traorè Hj.,C,40,2857
fantacalcio.it,Genoa,3-5-2,21,El Shaarawy,C,60,795
fantacalcio.it,Genoa,3-5-2,22,Wiafe,C,15,7608
fantacalcio.it,Genoa,3-5-2,23,Messias,C,60,4970
fantacalcio.it,Genoa,3-5-2,24,Vitinha O.,A,60,6164
fantacalcio.it,Fiorentina,4-3-2-1,1,De Gea,P,90,2521
fantacalcio.it,Fiorentina,4-3-2-1,2,Jimenez A.,D,90,6531
fantacalcio.it,Fiorentina,4-3-2-1,3,Dragusin,D,90,5365
fantacalcio.it,Fiorentina,4-3-2-1,4,Ranieri L.,D,90,4378
fantacalcio.it,Fiorentina,4-3-2-1,5,Viery,D,90,7410
fantacalcio.it,Fiorentina,4-3-2-1,6,Ndour,C,90,6294
fantacalcio.it,Fiorentina,4-3-2-1,7,Fagioli,C,90,4465
fantacalcio.it,Fiorentina,4-3-2-1,8,Atta,C,90,6908
fantacalcio.it,Fiorentina,4-3-2-1,9,Mastantuono,C,90,7078
fantacalcio.it,Fiorentina,4-3-2-1,10,Njie,C,70,6827
fantacalcio.it,Fiorentina,4-3-2-1,11,Pellegrino M.,A,70,7023
fantacalcio.it,Fiorentina,4-3-2-1,12,Christensen O.,P,5,6403
fantacalcio.it,Fiorentina,4-3-2-1,13,Lezzerini,P,1,158
fantacalcio.it,Fiorentina,4-3-2-1,14,Joao Mario,D,50,7175
fantacalcio.it,Fiorentina,4-3-2-1,15,Dodò,D,20,5885
fantacalcio.it,Fiorentina,4-3-2-1,16,Pongracic,D,40,5603
fantacalcio.it,Fiorentina,4-3-2-1,17,Valdepenas,D,55,7294
fantacalcio.it,Fiorentina,4-3-2-1,18,Brescianini,C,40,4947
fantacalcio.it,Fiorentina,4-3-2-1,19,Oulai,C,50,7464
fantacalcio.it,Fiorentina,4-3-2-1,20,Goncalves P.,C,60,7625
fantacalcio.it,Fiorentina,4-3-2-1,21,Beto,A,60,5694
fantacalcio.it,Fiorentina,4-3-2-1,22,Gnonto,A,55,7623
fantacalcio.it,Inter,3-5-2,1,Martinez Jo.,P,90,5116
fantacalcio.it,Inter,3-5-2,2,Bisseck,D,80,6217
fantacalcio.it,Inter,3-5-2,3,Akanji,D,90,4159
fantacalcio.it,Inter,3-5-2,4,Bastoni,D,90,2120
fantacalcio.it,Inter,3-5-2,5,Diouf,C,90,6274
fantacalcio.it,Inter,3-5-2,6,Barella,C,90,1870
fantacalcio.it,Inter,3-5-2,7,Zielinski,C,75,152
fantacalcio.it,Inter,3-5-2,8,Jones C.,C,70,5172
fantacalcio.it,Inter,3-5-2,9,Dimarco,D,80,254
fantacalcio.it,Inter,3-5-2,10,Thuram,A,80,4871
fantacalcio.it,Inter,3-5-2,11,Martinez L.,A,90,2764
fantacalcio.it,Inter,3-5-2,12,Provedel,P,5,2814
fantacalcio.it,Inter,3-5-2,13,Di Gennaro,P,1,1926
fantacalcio.it,Inter,3-5-2,14,Pavard,D,40,4177
fantacalcio.it,Inter,3-5-2,15,Spence,D,30,5982
fantacalcio.it,Inter,3-5-2,16,Stones,D,20,2514
fantacalcio.it,Inter,3-5-2,17,Carlos Augusto,D,60,5877
fantacalcio.it,Inter,3-5-2,18,Luis Henrique,C,50,5301
fantacalcio.it,Inter,3-5-2,19,Calhanoglu,C,50,2194
fantacalcio.it,Inter,3-5-2,20,Mkhitaryan,C,35,2529
fantacalcio.it,Inter,3-5-2,21,Sucic P.,C,60,7070
fantacalcio.it,Inter,3-5-2,22,Stankovic A.,C,25,6503
fantacalcio.it,Inter,3-5-2,23,Bonny,A,55,6669
fantacalcio.it,Inter,3-5-2,24,Esposito F.P.,A,60,7071
fantacalcio.it,Parma,3-4-2-1,1,Corvi,P,90,6662
fantacalcio.it,Parma,3-4-2-1,2,Delprato,D,90,6664
fantacalcio.it,Parma,3-4-2-1,3,Troilo,D,90,7235
fantacalcio.it,Parma,3-4-2-1,4,Diego Carlos,D,90,4137
fantacalcio.it,Parma,3-4-2-1,5,Britschgi,D,70,7255
fantacalcio.it,Parma,3-4-2-1,6,Sierro,C,90,7628
fantacalcio.it,Parma,3-4-2-1,7,Keita M.,C,90,6898
fantacalcio.it,Parma,3-4-2-1,8,Valeri,D,90,5862
fantacalcio.it,Parma,3-4-2-1,9,Tourè E.,A,80,6229
fantacalcio.it,Parma,3-4-2-1,10,Lontani,A,80,7561
fantacalcio.it,Parma,3-4-2-1,11,Romero D.,A,85,7554
fantacalcio.it,Parma,3-4-2-1,12,Daffara,P,5,7411
fantacalcio.it,Parma,3-4-2-1,13,Ghidotti,P,1,2874
fantacalcio.it,Parma,3-4-2-1,14,Drobnic,D,35,7615
fantacalcio.it,Parma,3-4-2-1,15,Ndiaye,D,40,7202
fantacalcio.it,Parma,3-4-2-1,16,Carboni F.,D,30,6149
fantacalcio.it,Parma,3-4-2-1,17,Valenti,D,20,5307
fantacalcio.it,Parma,3-4-2-1,18,Fabbian,C,60,6206
fantacalcio.it,Parma,3-4-2-1,19,Cremaschi,C,35,7276
fantacalcio.it,Parma,3-4-2-1,20,Konate A.,C,30,7581
fantacalcio.it,Parma,3-4-2-1,21,Ordonez C.,C,60,7138
fantacalcio.it,Parma,3-4-2-1,22,Bernabè,C,50,6666
fantacalcio.it,Parma,3-4-2-1,23,Diallo O.,C,20,7536
fantacalcio.it,Parma,3-4-2-1,24,Almqvist,C,60,6207
fantacalcio.it,Parma,3-4-2-1,25,Elphege,A,60,7342
fantacalcio.it,Parma,3-4-2-1,26,Frigan,A,50,7213
fantacalcio.it,Napoli,4-3-3,1,Meret,P,70,572
fantacalcio.it,Napoli,4-3-3,2,Di Lorenzo,D,90,2816
fantacalcio.it,Napoli,4-3-3,3,Rrahmani,D,90,4409
fantacalcio.it,Napoli,4-3-3,4,Marin R.,D,80,6638
fantacalcio.it,Napoli,4-3-3,5,Olivera,D,70,5840
fantacalcio.it,Napoli,4-3-3,6,Gilmour,C,80,5131
fantacalcio.it,Napoli,4-3-3,7,Lobotka,C,90,4287
fantacalcio.it,Napoli,4-3-3,8,De Bruyne,C,90,2517
fantacalcio.it,Napoli,4-3-3,9,Politano,C,90,536
fantacalcio.it,Napoli,4-3-3,10,Hojlund,A,90,6052
fantacalcio.it,Napoli,4-3-3,11,Lang,A,70,7120
fantacalcio.it,Napoli,4-3-3,12,Milinkovic-Savic V.,P,5,2170
fantacalcio.it,Napoli,4-3-3,13,Contini,P,1,2845
fantacalcio.it,Napoli,4-3-3,14,Favasuli,D,60,7563
fantacalcio.it,Napoli,4-3-3,15,Beukema,D,40,6202
fantacalcio.it,Napoli,4-3-3,16,Spinazzola,D,50,1852
fantacalcio.it,Napoli,4-3-3,17,Badiashile,D,35,4664
fantacalcio.it,Napoli,4-3-3,18,McTominay,C,50,4777
fantacalcio.it,Napoli,4-3-3,19,Vergara,C,60,7223
fantacalcio.it,Napoli,4-3-3,20,Neres,A,60,6831
fantacalcio.it,Napoli,4-3-3,21,Lucca,A,60,6215
fantacalcio.it,Frosinone,4-2-3-1,1,Palmisani,P,90,6415
fantacalcio.it,Frosinone,4-2-3-1,2,Oyono A.,D,90,6238
fantacalcio.it,Frosinone,4-2-3-1,3,Calvani,D,90,7467
fantacalcio.it,Frosinone,4-2-3-1,4,Monterisi,D,70,4952
fantacalcio.it,Frosinone,4-2-3-1,5,Bracaglia,D,90,7469
fantacalcio.it,Frosinone,4-2-3-1,6,Calò,C,90,7472
fantacalcio.it,Frosinone,4-2-3-1,7,Masini,C,90,6917
fantacalcio.it,Frosinone,4-2-3-1,8,Ghedjemis,A,90,6530
fantacalcio.it,Frosinone,4-2-3-1,9,Schmid,C,90,7551
fantacalcio.it,Frosinone,4-2-3-1,10,Kvernadze,A,90,6204
fantacalcio.it,Frosinone,4-2-3-1,11,Raimondo,A,70,5436
fantacalcio.it,Frosinone,4-2-3-1,12,Desplanches,P,5,7463
fantacalcio.it,Frosinone,4-2-3-1,13,Pisseri,P,1,7560
fantacalcio.it,Frosinone,4-2-3-1,14,Cittadini,D,55,5757
fantacalcio.it,Frosinone,4-2-3-1,15,Tchato,D,30,7605
fantacalcio.it,Frosinone,4-2-3-1,16,Omar Fayed,D,20,7553
fantacalcio.it,Frosinone,4-2-3-1,17,Amey,D,40,5424
fantacalcio.it,Frosinone,4-2-3-1,18,Akpoguma,D,25,7540
fantacalcio.it,Frosinone,4-2-3-1,19,Fini,C,50,6506
fantacalcio.it,Frosinone,4-2-3-1,20,Cichella,C,60,7473
fantacalcio.it,Frosinone,4-2-3-1,21,Hasa,C,35,6903
fantacalcio.it,Frosinone,4-2-3-1,22,El Azzouzi A.,C,25,7456
fantacalcio.it,Frosinone,4-2-3-1,23,Zerbin,C,60,5998
fantacalcio.it,Frosinone,4-2-3-1,24,Birligea,A,40,7610
fantacalcio.it,Frosinone,4-2-3-1,25,Bobcek,A,55,7612
fantacalcio.it,Como,4-2-3-1,1,Butez,P,80,6966
fantacalcio.it,Como,4-2-3-1,2,Couto,D,80,6727
fantacalcio.it,Como,4-2-3-1,3,Ramon,D,90,6869
fantacalcio.it,Como,4-2-3-1,4,Chalobah T.,D,90,5641
fantacalcio.it,Como,4-2-3-1,5,Valle,D,70,6867
fantacalcio.it,Como,4-2-3-1,6,Da Cunha,C,80,5559
fantacalcio.it,Como,4-2-3-1,7,Perrone,C,80,6151
fantacalcio.it,Como,4-2-3-1,8,Diao,A,90,6967
fantacalcio.it,Como,4-2-3-1,9,Paz N.,C,90,6875
fantacalcio.it,Como,4-2-3-1,10,Baturina,C,85,7126
fantacalcio.it,Como,4-2-3-1,11,Kean,A,70,2097
fantacalcio.it,Como,4-2-3-1,12,Sanchez Ro.,P,5,6344
fantacalcio.it,Como,4-2-3-1,13,Vigorito,P,1,2809
fantacalcio.it,Como,4-2-3-1,14,Smolcic I.,D,40,7014
fantacalcio.it,Como,4-2-3-1,15,Kempf,D,35,6893
fantacalcio.it,Como,4-2-3-1,16,Kaiki,D,55,7414
fantacalcio.it,Como,4-2-3-1,17,Kambwala,D,25,6601
fantacalcio.it,Como,4-2-3-1,18,Dossena,D,15,6230
fantacalcio.it,Como,4-2-3-1,19,Goldaniga,D,20,418
fantacalcio.it,Como,4-2-3-1,20,Milla,C,60,7412
fantacalcio.it,Como,4-2-3-1,21,Caqueret,C,40,5036
fantacalcio.it,Como,4-2-3-1,22,Ricci S.,C,55,5453
fantacalcio.it,Como,4-2-3-1,23,Addai,C,35,7127
fantacalcio.it,Como,4-2-3-1,24,Liberali,C,30,6678
fantacalcio.it,Como,4-2-3-1,25,Rodriguez Je.,C,60,7129
fantacalcio.it,Como,4-2-3-1,26,Douvikas,A,60,7017
fantacalcio.it,Roma,3-4-2-1,1,Svilar,P,90,5841
fantacalcio.it,Roma,3-4-2-1,2,Mancini,D,90,2296
fantacalcio.it,Roma,3-4-2-1,3,Balerdi,D,70,4705
fantacalcio.it,Roma,3-4-2-1,4,Hermoso,D,90,4807
fantacalcio.it,Roma,3-4-2-1,5,Molina N.,D,80,4998
fantacalcio.it,Roma,3-4-2-1,6,Konè M.,C,90,5589
fantacalcio.it,Roma,3-4-2-1,7,Cristante,C,80,779
fantacalcio.it,Roma,3-4-2-1,8,Wesley,D,80,7181
fantacalcio.it,Roma,3-4-2-1,9,Soulè,A,70,5734
fantacalcio.it,Roma,3-4-2-1,10,Dybala,A,80,309
fantacalcio.it,Roma,3-4-2-1,11,Malen,A,80,5585
fantacalcio.it,Roma,3-4-2-1,12,Gollini,P,5,610
fantacalcio.it,Roma,3-4-2-1,13,De Marzi,P,1,7048
fantacalcio.it,Roma,3-4-2-1,14,N'Dicka,D,60,4317
fantacalcio.it,Roma,3-4-2-1,15,Lulli,D,55,7599
fantacalcio.it,Roma,3-4-2-1,16,Koulierakis,D,35,7529
fantacalcio.it,Roma,3-4-2-1,17,Rensch,D,50,6986
fantacalcio.it,Roma,3-4-2-1,18,Ghilardi,D,35,6631
fantacalcio.it,Roma,3-4-2-1,19,De Roon,C,40,22
fantacalcio.it,Roma,3-4-2-1,20,Pisilli,C,60,6190
fantacalcio.it,Roma,3-4-2-1,21,Mora,C,60,7556
fantacalcio.it,Roma,3-4-2-1,22,Pellegrini Lo.,C,25,530
fantacalcio.it,Roma,3-4-2-1,23,Castro S.,A,55,6572
fantacalcio.it,Lazio,4-3-3,1,Mandas,P,90,6482
fantacalcio.it,Lazio,4-3-3,2,Floriani Mussolini,D,80,7131
fantacalcio.it,Lazio,4-3-3,3,Sutalo J.,D,70,7580
fantacalcio.it,Lazio,4-3-3,4,Provstgaard,D,90,7012
fantacalcio.it,Lazio,4-3-3,5,Tavares N.,D,90,5620
fantacalcio.it,Lazio,4-3-3,6,Frattesi,C,90,2848
fantacalcio.it,Lazio,4-3-3,7,Belahyane,C,80,6191
fantacalcio.it,Lazio,4-3-3,8,Taylor K.,C,90,7314
fantacalcio.it,Lazio,4-3-3,9,Isaksen,C,70,6398
fantacalcio.it,Lazio,4-3-3,10,Noslin,A,70,6556
fantacalcio.it,Lazio,4-3-3,11,Zaccagni,C,90,632
fantacalcio.it,Lazio,4-3-3,12,Motta,P,5,7337
fantacalcio.it,Lazio,4-3-3,13,Renzetti,P,1,7534
fantacalcio.it,Lazio,4-3-3,14,Pedraza,D,55,4817
fantacalcio.it,Lazio,4-3-3,15,Doekhi,D,50,6320
fantacalcio.it,Lazio,4-3-3,16,Marusic,D,20,2188
fantacalcio.it,Lazio,4-3-3,17,Leite,D,30,6319
fantacalcio.it,Lazio,4-3-3,18,Lazzari,D,40,2263
fantacalcio.it,Lazio,4-3-3,19,Dele-Bashiru,C,50,6629
fantacalcio.it,Lazio,4-3-3,20,Cancellieri,C,60,5500
fantacalcio.it,Lazio,4-3-3,21,Pinamonti,A,60,2038
fantacalcio.it,Monza,3-4-2-1,1,Tornqvist,P,90,7301
fantacalcio.it,Monza,3-4-2-1,2,Kouadio,D,90,7238
fantacalcio.it,Monza,3-4-2-1,3,Lucchesi,D,90,6659
fantacalcio.it,Monza,3-4-2-1,4,Carboni A.,D,90,4925
fantacalcio.it,Monza,3-4-2-1,5,Birindelli,D,90,5838
fantacalcio.it,Monza,3-4-2-1,6,Akinsanmiro,C,90,6593
fantacalcio.it,Monza,3-4-2-1,7,Folorunsho,C,90,6252
fantacalcio.it,Monza,3-4-2-1,8,Mangas,D,90,7485
fantacalcio.it,Monza,3-4-2-1,9,Cutrone,A,70,2155
fantacalcio.it,Monza,3-4-2-1,10,Robinson J.,A,80,7546
fantacalcio.it,Monza,3-4-2-1,11,Varela G.,A,90,7523
fantacalcio.it,Monza,3-4-2-1,12,Thiam,P,5,4485
fantacalcio.it,Monza,3-4-2-1,13,Strajnar,P,1,7475
fantacalcio.it,Monza,3-4-2-1,14,Antov,D,20,5399
fantacalcio.it,Monza,3-4-2-1,15,Goglichidze,D,30,6537
fantacalcio.it,Monza,3-4-2-1,16,Maye,D,40,7604
fantacalcio.it,Monza,3-4-2-1,17,Bakoune,D,60,7476
fantacalcio.it,Monza,3-4-2-1,18,Forson O.,C,40,6592
fantacalcio.it,Monza,3-4-2-1,19,Foe Ondoa,C,55,7574
fantacalcio.it,Monza,3-4-2-1,20,Colombo L.,C,25,7477
fantacalcio.it,Monza,3-4-2-1,21,Mout,C,50,7575
fantacalcio.it,Monza,3-4-2-1,22,Tourè I.,C,20,7146
fantacalcio.it,Monza,3-4-2-1,23,Colpani,C,55,5878
fantacalcio.it,Monza,3-4-2-1,24,Mota,A,60,5882
fantacalcio.it,Monza,3-4-2-1,25,Ngonge,A,40,6145
fantacalcio.it,Monza,3-4-2-1,26,Zeballos,A,55,7620
fantacalcio.it,Lecce,4-3-3,1,Falcone,P,90,2134
fantacalcio.it,Lecce,4-3-3,2,Veiga D.,D,90,6990
fantacalcio.it,Lecce,4-3-3,3,Gaspar K.,D,70,6632
fantacalcio.it,Lecce,4-3-3,4,Siebert,D,80,7240
fantacalcio.it,Lecce,4-3-3,5,Gallo,D,90,4502
fantacalcio.it,Lecce,4-3-3,6,Coulibaly L.,C,90,5504
fantacalcio.it,Lecce,4-3-3,7,Ilic,C,90,5007
fantacalcio.it,Lecce,4-3-3,8,Maleh,C,70,5457
fantacalcio.it,Lecce,4-3-3,9,Pierotti,C,80,6549
fantacalcio.it,Lecce,4-3-3,10,Stulic,A,70,7252
fantacalcio.it,Lecce,4-3-3,11,Monteiro J.,C,85,7619
fantacalcio.it,Lecce,4-3-3,12,Bleve,P,5,4468
fantacalcio.it,Lecce,4-3-3,13,Penev,P,1,7557
fantacalcio.it,Lecce,4-3-3,14,Ndaba,D,40,7182
fantacalcio.it,Lecce,4-3-3,15,Dembelè A.,D,30,6826
fantacalcio.it,Lecce,4-3-3,16,Jean,D,20,6883
fantacalcio.it,Lecce,4-3-3,17,Tiago Gabriel,D,50,6989
fantacalcio.it,Lecce,4-3-3,18,Gorter,C,55,7248
fantacalcio.it,Lecce,4-3-3,19,Ngom,C,60,7322
fantacalcio.it,Lecce,4-3-3,20,Kaba,C,30,6410
fantacalcio.it,Lecce,4-3-3,21,Fofana Sa.,C,25,7319
fantacalcio.it,Lecce,4-3-3,22,Gandelman,C,30,7318
fantacalcio.it,Lecce,4-3-3,23,N'Dri,A,60,7001
fantacalcio.it,Lecce,4-3-3,24,Esteban,A,40,7647
fantacalcio.it,Lecce,4-3-3,25,Geubbels,A,50,5029
fantacalcio.it,Lecce,4-3-3,26,Fatah,A,55,7602
fantacalcio.it,Bologna,3-4-2-1,1,Skorupski,P,80,133
fantacalcio.it,Bologna,3-4-2-1,2,Helland,D,80,7326
fantacalcio.it,Bologna,3-4-2-1,3,Heggem,D,90,7212
fantacalcio.it,Bologna,3-4-2-1,4,Theate,D,90,5675
fantacalcio.it,Bologna,3-4-2-1,5,Zortea,D,90,4433
fantacalcio.it,Bologna,3-4-2-1,6,Pobega,C,80,5298
fantacalcio.it,Bologna,3-4-2-1,7,Ferguson,C,90,5858
fantacalcio.it,Bologna,3-4-2-1,8,Miranda J.,D,90,4734
fantacalcio.it,Bologna,3-4-2-1,9,Orsolini,C,70,2167
fantacalcio.it,Bologna,3-4-2-1,10,Bernardeschi,C,80,184
fantacalcio.it,Bologna,3-4-2-1,11,Piccoli,A,80,4359
fantacalcio.it,Bologna,3-4-2-1,12,Pessina Mas.,P,5,7172
fantacalcio.it,Bologna,3-4-2-1,13,Happonen,P,1,7533
fantacalcio.it,Bologna,3-4-2-1,14,Alhassane,D,25,7483
fantacalcio.it,Bologna,3-4-2-1,15,Vitik,D,30,7068
fantacalcio.it,Bologna,3-4-2-1,16,De Silvestri,D,40,487
fantacalcio.it,Bologna,3-4-2-1,17,Casale,D,30,5498
fantacalcio.it,Bologna,3-4-2-1,18,Moro N.,C,60,6054
fantacalcio.it,Bologna,3-4-2-1,19,Amondarain,C,50,7528
fantacalcio.it,Bologna,3-4-2-1,20,El Azzouzi O.,C,30,6225
fantacalcio.it,Bologna,3-4-2-1,21,Cambiaghi,C,60,4436
fantacalcio.it,Bologna,3-4-2-1,22,Mbangula,C,55,6833
fantacalcio.it,Bologna,3-4-2-1,23,Libra,C,20,7629
fantacalcio.it,Bologna,3-4-2-1,24,Enem,A,30,7627
fantacalcio.it,Bologna,3-4-2-1,25,Dovbyk,A,60,6675
fantacalcio.it,Sassuolo,4-3-3,1,Muric,P,70,4236
fantacalcio.it,Sassuolo,4-3-3,2,Cinquegrano,D,85,7573
fantacalcio.it,Sassuolo,4-3-3,3,Caleta-Car,D,90,4147
fantacalcio.it,Sassuolo,4-3-3,4,Leysen F.,D,90,7564
fantacalcio.it,Sassuolo,4-3-3,5,Doig,D,70,5851
fantacalcio.it,Sassuolo,4-3-3,6,Thorstvedt,C,85,5844
fantacalcio.it,Sassuolo,4-3-3,7,Matic,C,90,2528
fantacalcio.it,Sassuolo,4-3-3,8,Bakola,C,70,7036
fantacalcio.it,Sassuolo,4-3-3,9,Berardi,A,90,531
fantacalcio.it,Sassuolo,4-3-3,10,Esposito Se.,A,70,4463
fantacalcio.it,Sassuolo,4-3-3,11,Laurientè,A,90,6060
fantacalcio.it,Sassuolo,4-3-3,12,Turati,P,5,4867
fantacalcio.it,Sassuolo,4-3-3,13,Satalino,P,1,2127
fantacalcio.it,Sassuolo,4-3-3,14,Van Der Brempt,D,40,6896
fantacalcio.it,Sassuolo,4-3-3,15,Obrador,D,55,7329
fantacalcio.it,Sassuolo,4-3-3,16,Odenthal,D,25,7154
fantacalcio.it,Sassuolo,4-3-3,17,Lipani,C,60,6246
fantacalcio.it,Sassuolo,4-3-3,18,Adzic,C,60,6677
fantacalcio.it,Sassuolo,4-3-3,19,Dominguez B.,C,50,6895
fantacalcio.it,Sassuolo,4-3-3,20,Ghion,C,25,4930
fantacalcio.it,Sassuolo,4-3-3,21,Sulemana I.,C,35,6024
fantacalcio.it,Sassuolo,4-3-3,22,Bowie,A,60,7347
fantacalcio.it,Sassuolo,4-3-3,23,Pierini,A,15,1842
fantacalcio.it,Sassuolo,4-3-3,24,Skjellerup,A,30,7159
fantacalcio.it,Milan,3-4-2-1,1,Maignan,P,90,4312
fantacalcio.it,Milan,3-4-2-1,2,Gila,D,90,5833
fantacalcio.it,Milan,3-4-2-1,3,De Winter,D,80,5739
fantacalcio.it,Milan,3-4-2-1,4,Pavlovic,D,90,5022
fantacalcio.it,Milan,3-4-2-1,5,Chukwueze,C,80,4856
fantacalcio.it,Milan,3-4-2-1,6,Modric,C,90,2606
fantacalcio.it,Milan,3-4-2-1,7,Rabiot,C,90,2379
fantacalcio.it,Milan,3-4-2-1,8,Estupinan,D,70,5273
fantacalcio.it,Milan,3-4-2-1,9,Pulisic,C,90,2423
fantacalcio.it,Milan,3-4-2-1,10,Moreira,C,80,6372
fantacalcio.it,Milan,3-4-2-1,11,Ramos G.,A,90,6397
fantacalcio.it,Milan,3-4-2-1,12,Terracciano,P,5,2815
fantacalcio.it,Milan,3-4-2-1,13,Torriani,P,1,6813
fantacalcio.it,Milan,3-4-2-1,14,Tomori,D,25,4751
fantacalcio.it,Milan,3-4-2-1,15,Gabbia,D,50,4401
fantacalcio.it,Milan,3-4-2-1,16,Terracciano F.,D,30,5812
fantacalcio.it,Milan,3-4-2-1,17,Bartesaghi,D,40,6496
fantacalcio.it,Milan,3-4-2-1,18,Diawara S.,D,20,7525
fantacalcio.it,Milan,3-4-2-1,19,Saelemaekers,C,60,4892
fantacalcio.it,Milan,3-4-2-1,20,Musah,C,60,5295
fantacalcio.it,Milan,3-4-2-1,21,Comotto,C,10,7572
fantacalcio.it,Milan,3-4-2-1,22,Jashari,C,40,7203
fantacalcio.it,Milan,3-4-2-1,23,Hutchinson,C,40,7618
fantacalcio.it,Milan,3-4-2-1,24,Loftus-Cheek,C,55,4199
fantacalcio.it,Milan,3-4-2-1,25,Cissè A.,C,55,6618
fantacalcio.it,Milan,3-4-2-1,26,Camarda,A,30,6519
fantacalcio.it,Cagliari,4-4-2,1,Caprile,P,90,4360
fantacalcio.it,Cagliari,4-4-2,2,Zè Pedro,D,80,7274
fantacalcio.it,Cagliari,4-4-2,3,Mina,D,85,4210
fantacalcio.it,Cagliari,4-4-2,4,Rodriguez Ju.,D,90,7268
fantacalcio.it,Cagliari,4-4-2,5,Obert,D,90,5701
fantacalcio.it,Cagliari,4-4-2,6,Adopo,C,90,4870
fantacalcio.it,Cagliari,4-4-2,7,Winks,C,90,4260
fantacalcio.it,Cagliari,4-4-2,8,Romano,C,90,7311
fantacalcio.it,Cagliari,4-4-2,9,Fazzini,C,75,6010
fantacalcio.it,Cagliari,4-4-2,10,Maldini,A,90,4896
fantacalcio.it,Cagliari,4-4-2,11,Mendy P.,A,90,7374
fantacalcio.it,Cagliari,4-4-2,12,Radunovic,P,5,3
fantacalcio.it,Cagliari,4-4-2,13,Sherri,P,1,6650
fantacalcio.it,Cagliari,4-4-2,14,Aurelio,D,25,7548
fantacalcio.it,Cagliari,4-4-2,15,Sugawara,D,55,7621
fantacalcio.it,Cagliari,4-4-2,16,Kofler,D,35,7532
fantacalcio.it,Cagliari,4-4-2,17,Liteta,C,20,7165
fantacalcio.it,Cagliari,4-4-2,18,Ciervo,C,50,5462
fantacalcio.it,Cagliari,4-4-2,19,Gagliardini,C,55,801
fantacalcio.it,Cagliari,4-4-2,20,Fadera,C,60,6815
fantacalcio.it,Cagliari,4-4-2,21,Massolin,C,40,7579
fantacalcio.it,Cagliari,4-4-2,22,Sulev,C,15,7634
fantacalcio.it,Cagliari,4-4-2,23,Sugamele,A,20,7630
fantacalcio.it,Cagliari,4-4-2,24,Nzola,A,30,5336
fantacalcio.it,Cagliari,4-4-2,25,Kevin Carlos,A,60,7547
fantacalcio.it,Juventus,4-2-3-1,1,Vicario,P,90,4964
fantacalcio.it,Juventus,4-2-3-1,2,Kalulu,D,90,4976
fantacalcio.it,Juventus,4-2-3-1,3,Bremer,D,90,2788
fantacalcio.it,Juventus,4-2-3-1,4,Lucumì,D,80,6042
fantacalcio.it,Juventus,4-2-3-1,5,Celik,D,90,4657
fantacalcio.it,Juventus,4-2-3-1,6,McKennie,C,90,4973
fantacalcio.it,Juventus,4-2-3-1,7,Douglas Luiz,C,90,4911
fantacalcio.it,Juventus,4-2-3-1,8,Conceicao,C,90,6884
fantacalcio.it,Juventus,4-2-3-1,9,Gonzalez N.,C,90,4179
fantacalcio.it,Juventus,4-2-3-1,10,Alajbegovic,C,75,7436
fantacalcio.it,Juventus,4-2-3-1,11,Kolo Muani,A,70,5951
fantacalcio.it,Juventus,4-2-3-1,12,Neto,P,5,283
fantacalcio.it,Juventus,4-2-3-1,13,Pinsoglio,P,1,1930
fantacalcio.it,Juventus,4-2-3-1,14,Cambiaso,D,50,5520
fantacalcio.it,Juventus,4-2-3-1,15,Cabal,D,25,6039
fantacalcio.it,Juventus,4-2-3-1,16,Kelly L.,D,50,6766
fantacalcio.it,Juventus,4-2-3-1,17,Rugani,D,25,294
fantacalcio.it,Juventus,4-2-3-1,18,Gatti,D,35,5831
fantacalcio.it,Juventus,4-2-3-1,19,Sarr P.,C,60,5680
fantacalcio.it,Juventus,4-2-3-1,20,Koopmeiners,C,55,5685
fantacalcio.it,Juventus,4-2-3-1,21,Zhegrova,C,60,5761
fantacalcio.it,Juventus,4-2-3-1,22,Woltemade,A,60,6752
fantacalcio.it,Atalanta,4-3-3,1,Carnesecchi,P,90,4431
fantacalcio.it,Atalanta,4-3-3,2,Bellanova,D,85,4887
fantacalcio.it,Atalanta,4-3-3,3,Kristensen T.,D,80,6485
fantacalcio.it,Atalanta,4-3-3,4,Scalvini,D,90,5526
fantacalcio.it,Atalanta,4-3-3,5,Bernasconi,D,70,7219
fantacalcio.it,Atalanta,4-3-3,6,Samardzic,C,70,5119
fantacalcio.it,Atalanta,4-3-3,7,Kessiè,C,70,1850
fantacalcio.it,Atalanta,4-3-3,8,Ederson D.S.,C,90,5792
fantacalcio.it,Atalanta,4-3-3,9,De Ketelaere,A,90,5995
fantacalcio.it,Atalanta,4-3-3,10,Scamacca,A,80,2137
fantacalcio.it,Atalanta,4-3-3,11,Rowe,C,90,6844
fantacalcio.it,Atalanta,4-3-3,12,Sportiello,P,5,4
fantacalcio.it,Atalanta,4-3-3,13,Pompei,P,1,7626
fantacalcio.it,Atalanta,4-3-3,14,Kolasinac,D,40,2640
fantacalcio.it,Atalanta,4-3-3,15,Zappacosta,D,60,554
fantacalcio.it,Atalanta,4-3-3,16,Obric,D,15,7633
fantacalcio.it,Atalanta,4-3-3,17,Gaetano,C,60,4364
fantacalcio.it,Atalanta,4-3-3,18,Pasalic,C,55,2077
fantacalcio.it,Atalanta,4-3-3,19,Elmas,C,50,4479
fantacalcio.it,Atalanta,4-3-3,20,Zalewski,C,35,5422
fantacalcio.it,Atalanta,4-3-3,21,Krstovic,A,60,6435
fantacalcio.it,Atalanta,4-3-3,22,Raspadori,A,55,4371
fantacalcio.it,Venezia,3-5-2,1,Stankovic F.,P,90,6248
fantacalcio.it,Venezia,3-5-2,2,Schingtienne,D,90,6892
fantacalcio.it,Venezia,3-5-2,3,Juan Jesus,D,90,256
fantacalcio.it,Venezia,3-5-2,4,Moreno M.,D,70,6890
fantacalcio.it,Venezia,3-5-2,5,Hainaut,D,80,6821
fantacalcio.it,Venezia,3-5-2,6,Perez K.,C,90,6994
fantacalcio.it,Venezia,3-5-2,7,Sohm,C,90,5319
fantacalcio.it,Venezia,3-5-2,8,Helgason,C,80,5872
fantacalcio.it,Venezia,3-5-2,9,Correia T.,D,75,4845
fantacalcio.it,Venezia,3-5-2,10,Yeboah J.,A,90,6904
fantacalcio.it,Venezia,3-5-2,11,Adams A.,A,90,7484
fantacalcio.it,Venezia,3-5-2,12,Montipò,P,5,4957
fantacalcio.it,Venezia,3-5-2,13,Grandi,P,1,6671
fantacalcio.it,Venezia,3-5-2,14,Halhal,D,50,7538
fantacalcio.it,Venezia,3-5-2,15,Gomes,D,25,7454
fantacalcio.it,Venezia,3-5-2,16,Sagrado,D,60,6681
fantacalcio.it,Venezia,3-5-2,17,Mazzocchi,D,55,5481
fantacalcio.it,Venezia,3-5-2,18,Panada,C,35,7632
fantacalcio.it,Venezia,3-5-2,19,Fanne,C,40,7635
fantacalcio.it,Venezia,3-5-2,20,Fernandez T.,C,60,7232
fantacalcio.it,Venezia,3-5-2,21,Rrahmani Al.,A,60,7449
fantacalcio.it,Venezia,3-5-2,22,Lauberbach,A,40,7482
fantacalcio.it,Venezia,3-5-2,23,Lisman,A,15,7408
fantacalcio.it,Torino,3-4-2-1,1,Perri,P,90,6534
fantacalcio.it,Torino,3-4-2-1,2,Comuzzo,D,80,6495
fantacalcio.it,Torino,3-4-2-1,3,Coco,D,90,6642
fantacalcio.it,Torino,3-4-2-1,4,Comert,D,90,7526
fantacalcio.it,Torino,3-4-2-1,5,Belghali,D,70,7220
fantacalcio.it,Torino,3-4-2-1,6,Mandragora,C,90,1933
fantacalcio.it,Torino,3-4-2-1,7,Fitz-Jim,C,90,7535
fantacalcio.it,Torino,3-4-2-1,8,Cacciamani,C,80,7060
fantacalcio.it,Torino,3-4-2-1,9,Casadei,C,70,5888
fantacalcio.it,Torino,3-4-2-1,10,Vlasic,C,90,5687
fantacalcio.it,Torino,3-4-2-1,11,Simeone,A,90,2061
fantacalcio.it,Torino,3-4-2-1,12,Mascardi,P,5,7457
fantacalcio.it,Torino,3-4-2-1,13,Siviero,P,1,7363
fantacalcio.it,Torino,3-4-2-1,14,Ismajli,D,50,5010
fantacalcio.it,Torino,3-4-2-1,15,Patterson,D,40,5751
fantacalcio.it,Torino,3-4-2-1,16,Biraghi,D,20,252
fantacalcio.it,Torino,3-4-2-1,17,Rodriguez R.,D,40,2169
fantacalcio.it,Torino,3-4-2-1,18,Fortini,D,60,7069
fantacalcio.it,Torino,3-4-2-1,19,Ilkhan,C,40,6005
fantacalcio.it,Torino,3-4-2-1,20,Braganca,C,60,7624
fantacalcio.it,Torino,3-4-2-1,21,Gineitis,C,55,6170
fantacalcio.it,Torino,3-4-2-1,22,Aboukhlal,C,30,7183
fantacalcio.it,Torino,3-4-2-1,23,Oristanio,C,55,6218
fantacalcio.it,Torino,3-4-2-1,24,Luongo,C,15,7631
fantacalcio.it,Torino,3-4-2-1,25,Zapata D.,A,40,608
fantacalcio.it,Torino,3-4-2-1,26,Kulenovic,A,60,7349
fantacalcio.it,Udinese,3-4-2-1,1,Okoye,P,90,6462
fantacalcio.it,Udinese,3-4-2-1,2,Abankwah,D,70,6021
fantacalcio.it,Udinese,3-4-2-1,3,Kabasele,D,90,4263
fantacalcio.it,Udinese,3-4-2-1,4,Solet,D,75,6956
fantacalcio.it,Udinese,3-4-2-1,5,Vojvoda,D,80,4994
fantacalcio.it,Udinese,3-4-2-1,6,Miller L.,C,90,7208
fantacalcio.it,Udinese,3-4-2-1,7,Karlstrom,C,90,6680
fantacalcio.it,Udinese,3-4-2-1,8,Kamara H.,D,90,5555
fantacalcio.it,Udinese,3-4-2-1,9,Zaniolo,C,70,2766
fantacalcio.it,Udinese,3-4-2-1,10,Ekkelenkamp,C,90,6684
fantacalcio.it,Udinese,3-4-2-1,11,Davis K.,A,70,5637
fantacalcio.it,Udinese,3-4-2-1,12,Mrozek,P,5,7611
fantacalcio.it,Udinese,3-4-2-1,13,Padelli,P,1,543
fantacalcio.it,Udinese,3-4-2-1,14,Ebosse,D,40,5994
fantacalcio.it,Udinese,3-4-2-1,15,Bertola,D,25,5820
fantacalcio.it,Udinese,3-4-2-1,16,Palma,D,30,6925
fantacalcio.it,Udinese,3-4-2-1,17,Zanoli,D,60,5527
fantacalcio.it,Udinese,3-4-2-1,18,Alaba,D,35,2404
fantacalcio.it,Udinese,3-4-2-1,19,Arizala,D,25,7312
fantacalcio.it,Udinese,3-4-2-1,20,Chakvetadze,C,60,7418
fantacalcio.it,Udinese,3-4-2-1,21,Zarraga,C,50,6212
fantacalcio.it,Udinese,3-4-2-1,22,Jovanovic,C,20,7092
fantacalcio.it,Udinese,3-4-2-1,23,Lovric,C,30,5850
fantacalcio.it,Udinese,3-4-2-1,24,Unai Gomez,C,60,6783
fantacalcio.it,Udinese,3-4-2-1,25,Bayo V.,A,60,7161
