fonte,dove,squadra,nome,motivo
fantamaster,formazione,Frosinone,Oyono,ambiguo
fantacalcio.it,formazione,Genoa,Wiafe,assente
fantacalcio.it,formazione,Parma,Konate A.,assente
fantacalcio.it,formazione,Como,Dossena,assente
fantacalcio.it,formazione,Sassuolo,Ghion,assente
fantacalcio.it,formazione,Sassuolo,Pierini,assente
fantacalcio.it,formazione,Sassuolo,Skjellerup,assente
fantacalcio.it,formazione,Cagliari,Sulev,assente
fantacalcio.it,formazione,Cagliari,Sugamele,assente
fantacalcio.it,formazione,Atalanta,Obric,assente
fantacalcio.it,formazione,Venezia,Panada,assente
fantacalcio.it,formazione,Venezia,Fanne,assente
fantacalcio.it,formazione,Torino,Luongo,assente
