squadra,giocatore,motivo,fonte,letta_il
Juventus,Milik,escluso dalla lista di serie A: nessuna garanzia fisica e l'arrivo di Woltemade,"tuttosport.com, eurosport.it, calciomercato.com",2026-09-07
Juventus,Thuram K.,"escluso dalla lista di serie A: operato al ginocchio, rientro previsto a gennaio","tuttosport.com, eurosport.it, calciomercato.com",2026-09-07
Milan,Leao,"non e piu in serie A: tolto dal listone dopo la chiusura del mercato, mai convocato in giornata 3","fantacalcio-online.com (lista aggiornata al 07/09), fantacalcio.it (probabili formazioni)",2026-09-07
Milan,Nkunku,"non e piu in serie A: tolto dal listone dopo la chiusura del mercato, mai convocato in giornata 3","fantacalcio-online.com (lista aggiornata al 07/09), fantacalcio.it (probabili formazioni)",2026-09-07
Lazio,Dia,"non e piu in serie A: tolto dal listone dopo la chiusura del mercato, mai convocato in giornata 3","fantacalcio-online.com (lista aggiornata al 07/09), fantacalcio.it (probabili formazioni)",2026-09-07
Napoli,Lukaku,"non e piu in serie A: tolto dal listone dopo la chiusura del mercato, mai convocato in giornata 3","fantacalcio-online.com (lista aggiornata al 07/09), fantacalcio.it (probabili formazioni)",2026-09-07
Juventus,Di Gregorio,"non e piu in serie A: tolto dal listone dopo la chiusura del mercato, mai convocato in giornata 3","fantacalcio-online.com (lista aggiornata al 07/09), fantacalcio.it (probabili formazioni)",2026-09-07
Lazio,Ratkov,"non e piu in serie A: tolto dal listone dopo la chiusura del mercato, mai convocato in giornata 3","fantacalcio-online.com (lista aggiornata al 07/09), fantacalcio.it (probabili formazioni)",2026-09-07
Bologna,Dallinga,"non e piu in serie A: tolto dal listone dopo la chiusura del mercato, mai convocato in giornata 3","fantacalcio-online.com (lista aggiornata al 07/09), fantacalcio.it (probabili formazioni)",2026-09-07
Genoa,Norton-Cuffy,"non e piu in serie A: tolto dal listone dopo la chiusura del mercato, mai convocato in giornata 3","fantacalcio-online.com (lista aggiornata al 07/09), fantacalcio.it (probabili formazioni)",2026-09-07
Juventus,David,"non e piu in serie A: tolto dal listone dopo la chiusura del mercato, mai convocato in giornata 3","fantacalcio-online.com (lista aggiornata al 07/09), fantacalcio.it (probabili formazioni)",2026-09-07
Napoli,Gutierrez,"non e piu in serie A: tolto dal listone dopo la chiusura del mercato, mai convocato in giornata 3","fantacalcio-online.com (lista aggiornata al 07/09), fantacalcio.it (probabili formazioni)",2026-09-07
Atalanta,Djimsiti,"non e piu in serie A: tolto dal listone dopo la chiusura del mercato, mai convocato in giornata 3","fantacalcio-online.com (lista aggiornata al 07/09), fantacalcio.it (probabili formazioni)",2026-09-07
Parma,Suzuki,"non e piu in serie A: tolto dal listone dopo la chiusura del mercato, mai convocato in giornata 3","fantacalcio-online.com (lista aggiornata al 07/09), fantacalcio.it (probabili formazioni)",2026-09-07
Atalanta,Ahanor,"non e piu in serie A: tolto dal listone dopo la chiusura del mercato, mai convocato in giornata 3","fantacalcio-online.com (lista aggiornata al 07/09), fantacalcio.it (probabili formazioni)",2026-09-07
Cagliari,Mutandwa,"non e piu in serie A: tolto dal listone dopo la chiusura del mercato, mai convocato in giornata 3","fantacalcio-online.com (lista aggiornata al 07/09), fantacalcio.it (probabili formazioni)",2026-09-07
Juventus,Perin,"non e piu in serie A: tolto dal listone dopo la chiusura del mercato, mai convocato in giornata 3","fantacalcio-online.com (lista aggiornata al 07/09), fantacalcio.it (probabili formazioni)",2026-09-07
Lazio,Romagnoli,"non e piu in serie A: tolto dal listone dopo la chiusura del mercato, mai convocato in giornata 3","fantacalcio-online.com (lista aggiornata al 07/09), fantacalcio.it (probabili formazioni)",2026-09-07
Milan,Gimenez,"non e piu in serie A: tolto dal listone dopo la chiusura del mercato, mai convocato in giornata 3","fantacalcio-online.com (lista aggiornata al 07/09), fantacalcio.it (probabili formazioni)",2026-09-07
Parma,Circati,"non e piu in serie A: tolto dal listone dopo la chiusura del mercato, mai convocato in giornata 3","fantacalcio-online.com (lista aggiornata al 07/09), fantacalcio.it (probabili formazioni)",2026-09-07
Parma,Ondrejka,"non e piu in serie A: tolto dal listone dopo la chiusura del mercato, mai convocato in giornata 3","fantacalcio-online.com (lista aggiornata al 07/09), fantacalcio.it (probabili formazioni)",2026-09-07
Torino,Pedersen,"non e piu in serie A: tolto dal listone dopo la chiusura del mercato, mai convocato in giornata 3","fantacalcio-online.com (lista aggiornata al 07/09), fantacalcio.it (probabili formazioni)",2026-09-07
Cagliari,Zappa,"non e piu in serie A: tolto dal listone dopo la chiusura del mercato, mai convocato in giornata 3","fantacalcio-online.com (lista aggiornata al 07/09), fantacalcio.it (probabili formazioni)",2026-09-07
Cagliari,Prati,"non e piu in serie A: tolto dal listone dopo la chiusura del mercato, mai convocato in giornata 3","fantacalcio-online.com (lista aggiornata al 07/09), fantacalcio.it (probabili formazioni)",2026-09-07
Cagliari,Borrelli,"non e piu in serie A: tolto dal listone dopo la chiusura del mercato, mai convocato in giornata 3","fantacalcio-online.com (lista aggiornata al 07/09), fantacalcio.it (probabili formazioni)",2026-09-07
Como,Morata,"non e piu in serie A: tolto dal listone dopo la chiusura del mercato, mai convocato in giornata 3","fantacalcio-online.com (lista aggiornata al 07/09), fantacalcio.it (probabili formazioni)",2026-09-07
Frosinone,Koutsoupias,"non e piu in serie A: tolto dal listone dopo la chiusura del mercato, mai convocato in giornata 3","fantacalcio-online.com (lista aggiornata al 07/09), fantacalcio.it (probabili formazioni)",2026-09-07
Genoa,Martin,"non e piu in serie A: tolto dal listone dopo la chiusura del mercato, mai convocato in giornata 3","fantacalcio-online.com (lista aggiornata al 07/09), fantacalcio.it (probabili formazioni)",2026-09-07
Milan,Fofana Y.,"non e piu in serie A: tolto dal listone dopo la chiusura del mercato, mai convocato in giornata 3","fantacalcio-online.com (lista aggiornata al 07/09), fantacalcio.it (probabili formazioni)",2026-09-07
Monza,Delli Carri,"non e piu in serie A: tolto dal listone dopo la chiusura del mercato, mai convocato in giornata 3","fantacalcio-online.com (lista aggiornata al 07/09), fantacalcio.it (probabili formazioni)",2026-09-07
Roma,El Aynaoui,"non e piu in serie A: tolto dal listone dopo la chiusura del mercato, mai convocato in giornata 3","fantacalcio-online.com (lista aggiornata al 07/09), fantacalcio.it (probabili formazioni)",2026-09-07
Como,Kuhn,"non e piu in serie A: tolto dal listone dopo la chiusura del mercato, mai convocato in giornata 3","fantacalcio-online.com (lista aggiornata al 07/09), fantacalcio.it (probabili formazioni)",2026-09-07
Juventus,Miretti,"non e piu in serie A: tolto dal listone dopo la chiusura del mercato, mai convocato in giornata 3","fantacalcio-online.com (lista aggiornata al 07/09), fantacalcio.it (probabili formazioni)",2026-09-07
Milan,Athekame,"non e piu in serie A: tolto dal listone dopo la chiusura del mercato, mai convocato in giornata 3","fantacalcio-online.com (lista aggiornata al 07/09), fantacalcio.it (probabili formazioni)",2026-09-07
Parma,Sorensen O.,"non e piu in serie A: tolto dal listone dopo la chiusura del mercato, mai convocato in giornata 3","fantacalcio-online.com (lista aggiornata al 07/09), fantacalcio.it (probabili formazioni)",2026-09-07
Roma,Angelino,"non e piu in serie A: tolto dal listone dopo la chiusura del mercato, mai convocato in giornata 3","fantacalcio-online.com (lista aggiornata al 07/09), fantacalcio.it (probabili formazioni)",2026-09-07
Monza,Petagna,"non e piu in serie A: tolto dal listone dopo la chiusura del mercato, mai convocato in giornata 3","fantacalcio-online.com (lista aggiornata al 07/09), fantacalcio.it (probabili formazioni)",2026-09-07
Udinese,Buksa,"non e piu in serie A: tolto dal listone dopo la chiusura del mercato, mai convocato in giornata 3","fantacalcio-online.com (lista aggiornata al 07/09), fantacalcio.it (probabili formazioni)",2026-09-07
Cagliari,Ciocci,"non e piu in serie A: tolto dal listone dopo la chiusura del mercato, mai convocato in giornata 3","fantacalcio-online.com (lista aggiornata al 07/09), fantacalcio.it (probabili formazioni)",2026-09-07
Cagliari,Raterink,"non e piu in serie A: tolto dal listone dopo la chiusura del mercato, mai convocato in giornata 3","fantacalcio-online.com (lista aggiornata al 07/09), fantacalcio.it (probabili formazioni)",2026-09-07
Cagliari,Albarracin,"non e piu in serie A: tolto dal listone dopo la chiusura del mercato, mai convocato in giornata 3","fantacalcio-online.com (lista aggiornata al 07/09), fantacalcio.it (probabili formazioni)",2026-09-07
Como,Cuenca A.,"non e piu in serie A: tolto dal listone dopo la chiusura del mercato, mai convocato in giornata 3","fantacalcio-online.com (lista aggiornata al 07/09), fantacalcio.it (probabili formazioni)",2026-09-07
Como,Azon,"non e piu in serie A: tolto dal listone dopo la chiusura del mercato, mai convocato in giornata 3","fantacalcio-online.com (lista aggiornata al 07/09), fantacalcio.it (probabili formazioni)",2026-09-07
Frosinone,Gelli J.,"non e piu in serie A: tolto dal listone dopo la chiusura del mercato, mai convocato in giornata 3","fantacalcio-online.com (lista aggiornata al 07/09), fantacalcio.it (probabili formazioni)",2026-09-07
Frosinone,Oyono J.,"non e piu in serie A: tolto dal listone dopo la chiusura del mercato, mai convocato in giornata 3","fantacalcio-online.com (lista aggiornata al 07/09), fantacalcio.it (probabili formazioni)",2026-09-07
Frosinone,Corrado,"non e piu in serie A: tolto dal listone dopo la chiusura del mercato, mai convocato in giornata 3","fantacalcio-online.com (lista aggiornata al 07/09), fantacalcio.it (probabili formazioni)",2026-09-07
Genoa,Vogliacco,"non e piu in serie A: tolto dal listone dopo la chiusura del mercato, mai convocato in giornata 3","fantacalcio-online.com (lista aggiornata al 07/09), fantacalcio.it (probabili formazioni)",2026-09-07
Genoa,Matturro,"non e piu in serie A: tolto dal listone dopo la chiusura del mercato, mai convocato in giornata 3","fantacalcio-online.com (lista aggiornata al 07/09), fantacalcio.it (probabili formazioni)",2026-09-07
Lecce,Fruchtl,"non e piu in serie A: tolto dal listone dopo la chiusura del mercato, mai convocato in giornata 3","fantacalcio-online.com (lista aggiornata al 07/09), fantacalcio.it (probabili formazioni)",2026-09-07
Lecce,Samooja,"non e piu in serie A: tolto dal listone dopo la chiusura del mercato, mai convocato in giornata 3","fantacalcio-online.com (lista aggiornata al 07/09), fantacalcio.it (probabili formazioni)",2026-09-07
Lecce,Perez M.,"non e piu in serie A: tolto dal listone dopo la chiusura del mercato, mai convocato in giornata 3","fantacalcio-online.com (lista aggiornata al 07/09), fantacalcio.it (probabili formazioni)",2026-09-07
Monza,Pizzignacco,"non e piu in serie A: tolto dal listone dopo la chiusura del mercato, mai convocato in giornata 3","fantacalcio-online.com (lista aggiornata al 07/09), fantacalcio.it (probabili formazioni)",2026-09-07
Roma,Vaz,"non e piu in serie A: tolto dal listone dopo la chiusura del mercato, mai convocato in giornata 3","fantacalcio-online.com (lista aggiornata al 07/09), fantacalcio.it (probabili formazioni)",2026-09-07
Sassuolo,Missori,"non e piu in serie A: tolto dal listone dopo la chiusura del mercato, mai convocato in giornata 3","fantacalcio-online.com (lista aggiornata al 07/09), fantacalcio.it (probabili formazioni)",2026-09-07
Sassuolo,Iannoni,"non e piu in serie A: tolto dal listone dopo la chiusura del mercato, mai convocato in giornata 3","fantacalcio-online.com (lista aggiornata al 07/09), fantacalcio.it (probabili formazioni)",2026-09-07
Sassuolo,Moro L.,"non e piu in serie A: tolto dal listone dopo la chiusura del mercato, mai convocato in giornata 3","fantacalcio-online.com (lista aggiornata al 07/09), fantacalcio.it (probabili formazioni)",2026-09-07
Torino,Paleari,"non e piu in serie A: tolto dal listone dopo la chiusura del mercato, mai convocato in giornata 3","fantacalcio-online.com (lista aggiornata al 07/09), fantacalcio.it (probabili formazioni)",2026-09-07
Torino,Anjorin,"non e piu in serie A: tolto dal listone dopo la chiusura del mercato, mai convocato in giornata 3","fantacalcio-online.com (lista aggiornata al 07/09), fantacalcio.it (probabili formazioni)",2026-09-07
Udinese,Mlacic,"non e piu in serie A: tolto dal listone dopo la chiusura del mercato, mai convocato in giornata 3","fantacalcio-online.com (lista aggiornata al 07/09), fantacalcio.it (probabili formazioni)",2026-09-07
Udinese,Camara A.,"non e piu in serie A: tolto dal listone dopo la chiusura del mercato, mai convocato in giornata 3","fantacalcio-online.com (lista aggiornata al 07/09), fantacalcio.it (probabili formazioni)",2026-09-07
Venezia,Bjarkason,"non e piu in serie A: tolto dal listone dopo la chiusura del mercato, mai convocato in giornata 3","fantacalcio-online.com (lista aggiornata al 07/09), fantacalcio.it (probabili formazioni)",2026-09-07
Atalanta,Vismara,"non e piu in serie A: tolto dal listone dopo la chiusura del mercato, mai convocato in giornata 3","fantacalcio-online.com (lista aggiornata al 07/09), fantacalcio.it (probabili formazioni)",2026-09-07
Sassuolo,Macchioni,"non e piu in serie A: tolto dal listone dopo la chiusura del mercato, mai convocato in giornata 3","fantacalcio-online.com (lista aggiornata al 07/09), fantacalcio.it (probabili formazioni)",2026-09-07
Genoa,Robinho Junior,"non e piu in serie A: tolto dal listone dopo la chiusura del mercato, mai convocato in giornata 3","fantacalcio-online.com (lista aggiornata al 07/09), fantacalcio.it (probabili formazioni)",2026-09-07
