id_titolare,titolare,id_vice,vice,squadra,ruolo,tipo,titolarita_titolare,titolarita_vice,presenze_titolare,presenze_vice,giornate_coperte,copertura,peso_fonti,fonti,nota
6844,Rowe,4371,Raspadori,Atalanta,C,ballottaggio,0.727,0.582,26.1,23.0,36.0,0.947,0.75,fantacalcio-online,
1850,Kessiè,5119,Samardzic,Atalanta,C,ballottaggio,0.673,0.618,25.3,24.4,36.0,0.947,0.75,fantacalcio-online,
6485,Kristensen T.,5578,Kossounou,Atalanta,D,ballottaggio,0.636,0.291,24.2,14.5,36.0,0.947,0.75,fantacalcio-online,Kossounou fermo per 7 giornate
7219,Bernasconi,2640,Kolasinac,Atalanta,D,ballottaggio,0.655,0.436,24.5,20.8,36.0,0.947,0.75,fantacalcio-online,
4433,Zortea,5678,Holm,Bologna,D,ballottaggio,0.818,0.291,27.3,17.8,36.0,0.947,1.25,fantacalcio-online|fantamaster,
7547,Kevin Carlos,5336,Nzola,Cagliari,A,ballottaggio,0.583,0.1,23.1,14.9,36.0,0.947,1.25,fantacalcio-online|fantamaster,
2097,Kean,7017,Douvikas,Como,A,ballottaggio,0.727,0.673,25.5,24.6,36.0,0.947,1.25,fantacalcio-online|fantamaster,
6867,Valle,7414,Kaiki,Como,D,ballottaggio,0.818,0.345,27.3,19.3,36.0,0.947,1.25,fantacalcio-online|fantamaster,
7023,Pellegrino M.,5694,Beto,Fiorentina,A,ballottaggio,0.8,0.527,26.7,22.1,36.0,0.947,1.25,fantacalcio-online|fantamaster,
4465,Fagioli,7464,Oulai,Fiorentina,C,ballottaggio,0.782,0.582,27.0,23.8,36.0,0.947,1.25,fantacalcio-online|fantamaster,
7625,Goncalves P.,6827,Njie,Fiorentina,C,ballottaggio,0.564,0.545,23.5,23.2,36.0,0.947,0.75,fantacalcio-online,
6020,Ellertsson,7537,Mitaj,Genoa,C,ballottaggio,0.782,0.364,27.0,19.6,36.0,0.947,0.75,fantacalcio-online,
152,Zielinski,5172,Jones C.,Inter,C,ballottaggio,0.727,0.727,26.1,26.1,36.0,0.947,0.75,fantacalcio-online,
4159,Akanji,2514,Stones,Inter,D,ballottaggio,0.964,0.473,29.8,21.4,36.0,0.947,0.75,fantacalcio-online,
6320,Doekhi,7580,Sutalo J.,Lazio,D,ballottaggio,0.533,0.533,22.5,22.5,36.0,0.947,1.25,fantacalcio-online|fantamaster,
2038,Pinamonti,6398,Isaksen,Lazio,A,ballottaggio,0.667,0.667,24.5,25.2,36.0,0.947,0.75,fantacalcio-online,
7619,Monteiro J.,7602,Fatah,Lecce,C,ballottaggio,0.65,0.45,24.9,20.8,36.0,0.947,0.75,fantacalcio-online,
2423,Pulisic,4892,Saelemaekers,Milan,C,ballottaggio,0.683,0.467,25.4,22.0,36.0,0.947,0.75,fantacalcio-online,
5878,Colpani,6145,Ngonge,Monza,C,ballottaggio,0.673,0.236,25.3,17.2,36.0,0.947,0.75,fantacalcio-online,
4664,Badiashile,6202,Beukema,Napoli,D,ballottaggio,0.473,0.145,21.4,15.9,36.0,0.947,0.75,fantacalcio-online,
2517,De Bruyne,4220,Zambo Anguissa,Napoli,C,ballottaggio,0.782,0.4,27.0,20.9,36.0,0.947,1.25,fantacalcio-online|fantamaster,
536,Politano,6831,Neres,Napoli,C,ballottaggio,0.964,0.364,29.9,19.3,36.0,0.947,0.75,fantacalcio-online,
7561,Lontani,6206,Fabbian,Parma,A,ballottaggio,0.836,0.636,27.3,24.7,36.0,0.947,0.75,fantacalcio-online,
7036,Bakola,6677,Adzic,Sassuolo,C,ballottaggio,0.818,0.764,27.6,26.7,36.0,0.947,0.75,fantacalcio-online,
7060,Cacciamani,7220,Belghali,Torino,C,ballottaggio,0.836,0.745,27.9,26.1,36.0,0.947,0.75,fantacalcio-online,
5888,Casadei,6646,Adams C.,Torino,C,ballottaggio,0.6,0.218,24.1,16.9,36.0,0.947,1.25,fantacalcio-online|fantamaster,
4263,Kabasele,6925,Palma,Udinese,D,ballottaggio,0.833,0.167,27.6,16.2,36.0,0.947,0.75,fantacalcio-online,
7208,Miller L.,7198,Piotrowski,Udinese,C,ballottaggio,0.633,0.467,24.6,20.0,36.0,0.947,1.25,fantacalcio-online|fantamaster,Piotrowski fermo per 3 giornate
6821,Hainaut,4845,Correia T.,Venezia,D,ballottaggio,0.745,0.655,26.1,24.5,36.0,0.947,0.75,fantacalcio-online,
5319,Sohm,6994,Perez K.,Venezia,C,ballottaggio,0.891,0.782,28.8,27.0,36.0,0.947,0.75,fantacalcio-online,
554,Zappacosta,4887,Bellanova,Atalanta,D,ballottaggio,0.618,0.618,23.9,23.9,36.0,0.947,0.5,fantamaster,
1850,Kessiè,2077,Pasalic,Atalanta,C,ballottaggio,0.673,0.418,25.3,21.2,36.0,0.947,0.5,fantamaster,
2137,Scamacca,6435,Krstovic,Atalanta,A,ballottaggio,0.927,0.582,28.9,23.0,36.0,0.947,0.5,fantamaster,
5298,Pobega,7528,Amondarain,Bologna,C,ballottaggio,0.673,0.509,25.3,22.6,36.0,0.947,0.5,fantamaster,
4359,Piccoli,6675,Dovbyk,Bologna,A,ballottaggio,0.745,0.618,25.8,23.6,36.0,0.947,0.5,fantamaster,
6010,Fazzini,6815,Fadera,Cagliari,C,ballottaggio,0.85,0.4,28.1,20.9,36.0,0.947,1.0,fantamaster|fantamaster-g3,
7410,Viery,5603,Pongracic,Fiorentina,D,ballottaggio,0.8,0.309,27.0,18.7,36.0,0.947,0.5,fantamaster,
7472,Calò,7550,Grillitsch,Frosinone,C,ballottaggio,0.964,0.182,29.9,14.8,36.0,0.947,0.5,fantamaster,Grillitsch fermo per 5 giornate
6506,Fini ,5998,Zerbin,Frosinone,C,ballottaggio,0.564,0.364,23.5,20.3,36.0,0.947,0.5,fantamaster,
5823,Baldanzi,2857,Traorè Hj.,Genoa,C,ballottaggio,0.964,0.145,29.9,16.8,36.0,0.947,0.5,fantamaster,
6164,Vitinha O.,795,El Shaarawy,Genoa,A,ballottaggio,0.691,0.455,24.9,21.8,36.0,0.947,0.5,fantamaster,
6217,Bisseck,2514,Stones,Inter,D,ballottaggio,0.673,0.473,24.8,21.4,36.0,0.947,0.5,fantamaster,
152,Zielinski,7070,Sucic P.,Inter,C,ballottaggio,0.727,0.509,26.1,22.6,36.0,0.947,0.5,fantamaster,
4871,Thuram,7071,Esposito F.P.,Inter,A,ballottaggio,0.855,0.509,27.6,21.8,36.0,0.947,0.5,fantamaster,
4911,Douglas Luiz,5680,Sarr P.,Juventus,C,ballottaggio,0.883,0.417,28.6,21.2,36.0,0.947,0.5,fantamaster,
5951,Kolo Muani,6752,Woltemade,Juventus,A,ballottaggio,0.9,0.417,28.4,20.2,36.0,0.947,0.5,fantamaster,
5620,Tavares N.,4817,Pedraza,Lazio,D,ballottaggio,0.817,0.4,27.3,20.2,36.0,0.947,0.5,fantamaster,
5504,Coulibaly L.,6015,Berisha M.,Lecce,C,ballottaggio,0.967,0.0,30.0,14.5,36.0,0.947,0.5,fantamaster,
6549,Pierotti,7619,Monteiro J.,Lecce,C,ballottaggio,0.933,0.65,29.4,24.9,36.0,0.947,1.0,fantamaster|fantamaster-g3,
7252,Stulic,5029,Geubbels,Lecce,A,ballottaggio,0.733,0.467,25.6,21.1,36.0,0.947,0.5,fantamaster,
2606,Modric,7203,Jashari,Milan,C,ballottaggio,0.967,0.267,30.0,18.8,36.0,0.947,0.5,fantamaster,
2379,Rabiot,4892,Saelemaekers,Milan,C,ballottaggio,0.967,0.467,30.0,22.0,36.0,0.947,0.5,fantamaster,
5878,Colpani,7620,Zeballos,Monza,C,ballottaggio,0.673,0.364,25.3,19.3,36.0,0.947,0.5,fantamaster,
2155,Cutrone,6145,Ngonge,Monza,A,ballottaggio,0.727,0.236,25.5,17.2,36.0,0.947,0.5,fantamaster,
7351,Santos A.,6831,Neres,Napoli,A,ballottaggio,0.491,0.364,20.2,19.3,36.0,0.947,0.5,fantamaster,
7554,Romero D.,7342,Elphege,Parma,A,ballottaggio,0.873,0.436,27.9,20.6,36.0,0.947,0.5,fantamaster,
4807,Hermoso,7529,Koulierakis,Roma,D,ballottaggio,0.964,0.2,29.8,16.8,36.0,0.947,0.5,fantamaster,
4998,Molina N.,7599,Lulli,Roma,D,ballottaggio,0.855,0.491,27.9,21.7,36.0,0.947,0.5,fantamaster,
7556,Mora,5734,Soulè,Roma,C,ballottaggio,0.782,0.618,27.0,23.6,36.0,0.947,0.5,fantamaster,
5844,Thorstvedt,6677,Adzic,Sassuolo,C,ballottaggio,0.764,0.764,26.7,26.7,36.0,0.947,0.5,fantamaster,
7347,Bowie,4463,Esposito Se.,Sassuolo,A,ballottaggio,0.673,0.491,24.6,21.5,36.0,0.947,0.5,fantamaster,
1933,Mandragora,7624,Braganca,Torino,C,ballottaggio,0.964,0.436,29.9,21.5,36.0,0.947,0.5,fantamaster,
7535,Fitz-Jim,6170,Gineitis,Torino,C,ballottaggio,0.964,0.491,29.9,22.4,36.0,0.947,0.5,fantamaster,
6821,Hainaut,5481,Mazzocchi,Venezia,D,ballottaggio,0.745,0.382,26.1,19.9,36.0,0.947,0.5,fantamaster,
4845,Correia T.,5695,Haps,Venezia,D,ballottaggio,0.655,0.473,24.5,21.4,36.0,0.947,0.5,fantamaster,
6042,Lucumì,6766,Kelly L.,Juventus,D,ballottaggio,0.867,0.367,28.1,19.6,36.0,0.947,0.5,fantamaster-g3,
7436,Alajbegovic,2832,Boga,Juventus,C,ballottaggio,0.517,0.367,22.8,15.9,36.0,0.947,0.5,fantamaster-g3,Boga fermo per 6 giornate
5273,Estupinan,6496,Bartesaghi,Milan,D,ballottaggio,0.583,0.433,23.3,20.8,36.0,0.947,0.5,fantamaster-g3,
2379,Rabiot,4199,Loftus-Cheek,Milan,C,ballottaggio,0.967,0.517,30.0,22.8,36.0,0.947,0.5,fantamaster-g3,
6618,Cissè A.,4892,Saelemaekers,Milan,C,ballottaggio,0.533,0.467,23.0,22.0,36.0,0.947,0.5,fantamaster-g3,
7374,Mendy P.,7547,Kevin Carlos,Cagliari,A,ballottaggio,0.717,0.583,25.3,23.1,36.0,0.947,0.5,fantamaster-g3,
5007,Ilic,7322,Ngom,Lecce,C,ballottaggio,0.9,0.617,28.9,24.4,36.0,0.947,0.5,fantamaster-g3,
5457,Maleh,7248,Gorter,Lecce,C,ballottaggio,0.567,0.567,23.6,23.6,36.0,0.947,0.5,fantamaster-g3,
4502,Gallo,7182,Ndaba,Lecce,D,ballottaggio,0.9,0.267,28.7,17.9,36.0,0.947,0.5,fantamaster-g3,
7131,Floriani Mussolini,2263,Lazzari,Lazio,D,ballottaggio,0.683,0.133,25.0,15.7,36.0,0.947,0.5,fantamaster-g3,
6398,Isaksen,5800,Gudmundsson A.,Lazio,C,ballottaggio,0.667,0.367,25.2,19.7,36.0,0.947,0.5,fantamaster-g3,
5500,Cancellieri,5800,Gudmundsson A.,Lazio,C,ballottaggio,0.533,0.367,23.0,19.7,36.0,0.947,0.5,fantamaster-g3,
6190,Pisilli,22,De Roon,Roma,C,vice,0.509,0.218,22.6,18.0,36.0,0.947,0.0,,
7070,Sucic P.,5301,Luis Henrique,Inter,C,vice,0.509,0.4,22.6,20.9,36.0,0.947,0.0,,
7528,Amondarain,2765,Odgaard,Bologna,C,vice,0.509,0.455,22.6,20.5,36.0,0.947,0.0,,
7069,Fortini,5010,Ismajli,Torino,D,vice,0.673,0.473,24.8,21.4,36.0,0.947,0.0,,
5734,Soulè,6572,Castro S.,Roma,A,vice,0.618,0.491,23.6,21.5,36.0,0.947,0.0,,
6320,Doekhi,4817,Pedraza,Lazio,D,vice,0.533,0.4,22.5,20.2,36.0,0.947,0.0,,
5500,Cancellieri,4459,Rovella,Lazio,C,vice,0.533,0.383,23.0,20.0,36.0,0.947,0.0,,
7546,Robinson J.,5882,Mota,Monza,A,vice,0.509,0.364,21.8,19.3,36.0,0.947,0.0,,
7326,Helland,5678,Holm,Bologna,D,vice,0.509,0.291,22.1,17.8,36.0,0.947,0.0,,
6994,Perez K.,5507,Busio,Venezia,C,vice,0.782,0.473,27.0,20.7,36.0,0.947,0.0,,
4777,McTominay,5131,Gilmour,Napoli,C,vice,0.6,0.436,24.1,21.5,36.0,0.947,0.0,,
554,Zappacosta,2640,Kolasinac,Atalanta,D,vice,0.618,0.436,23.9,20.8,36.0,0.947,0.0,,
2061,Simeone,7349,Kulenovic,Torino,A,vice,0.964,0.364,29.5,19.3,36.0,0.947,0.0,,
6047,Ehizibue,5742,Drameh,Genoa,D,vice,0.509,0.382,22.1,19.9,36.0,0.947,0.0,,
4970,Messias,795,El Shaarawy,Genoa,C,vice,0.582,0.455,23.8,21.8,36.0,0.947,0.0,,
7436,Alajbegovic,5685,Koopmeiners,Juventus,C,vice,0.517,0.45,22.8,21.7,36.0,0.947,0.0,,
5119,Samardzic,5422,Zalewski,Atalanta,C,vice,0.618,0.436,24.4,21.5,36.0,0.947,0.0,,
6638,Marin R.,4664,Badiashile,Napoli,D,vice,0.655,0.473,24.5,21.4,36.0,0.947,0.0,,
5888,Casadei,6170,Gineitis,Torino,C,vice,0.6,0.491,24.1,22.4,36.0,0.947,0.0,,
2038,Pinamonti,6556,Noslin,Lazio,A,vice,0.667,0.433,24.5,20.5,36.0,0.947,0.0,,
6659,Lucchesi,7476,Bakoune,Monza,D,vice,0.691,0.436,25.1,20.8,36.0,0.947,0.0,,
4317,N'Dicka,7599,Lulli,Roma,D,vice,0.709,0.491,25.5,21.7,36.0,0.947,0.0,,
4199,Loftus-Cheek,4892,Saelemaekers,Milan,C,vice,0.517,0.467,22.8,22.0,36.0,0.947,0.0,,
6956,Solet,5994,Ebosse,Udinese,D,vice,0.783,0.467,26.7,21.3,36.0,0.947,0.0,,
5844,Thorstvedt,6895,Dominguez B.,Sassuolo,C,vice,0.764,0.473,26.7,22.1,36.0,0.947,0.0,,
6215,Lucca,7351,Santos A.,Napoli,A,vice,0.509,0.491,21.8,20.2,36.0,0.947,0.0,,
6593,Akinsanmiro,6592,Forson O.,Monza,C,vice,0.618,0.364,24.4,20.3,36.0,0.947,0.0,,
7071,Esposito F.P.,6669,Bonny,Inter,A,vice,0.509,0.345,21.8,19.0,36.0,0.947,0.0,,
6783,Unai Gomez,7418,Chakvetadze,Udinese,C,vice,0.55,0.333,23.3,19.8,36.0,0.947,0.0,,
4137,Diego Carlos,7255,Britschgi,Parma,D,vice,0.818,0.473,27.3,21.4,36.0,0.947,0.0,,
7573,Cinquegrano,6672,Idzes,Sassuolo,D,vice,0.673,0.491,24.8,20.4,36.0,0.947,0.0,,
4210,Mina,7621,Sugawara,Cagliari,D,vice,0.6,0.4,23.6,20.2,36.0,0.947,0.0,,
6207,Almqvist,7628,Sierro,Parma,C,vice,0.6,0.473,24.1,22.1,36.0,0.947,0.0,,
6675,Dovbyk,7627,Enem,Bologna,A,vice,0.618,0.109,23.6,15.0,36.0,0.947,0.0,,
5757,Cittadini,7605,Tchato,Frosinone,D,vice,0.564,0.291,23.0,18.3,36.0,0.947,0.0,,
4378,Ranieri L.,7175,Joao Mario,Fiorentina,D,vice,0.545,0.327,22.7,19.0,36.0,0.947,0.0,,
6904,Yeboah J.,7449,Rrahmani Al.,Venezia,A,vice,0.964,0.364,29.5,19.3,36.0,0.947,0.0,,
6827,Njie,4947,Brescianini,Fiorentina,C,vice,0.545,0.364,23.2,20.3,36.0,0.947,0.0,,
7240,Siebert,7182,Ndaba,Lecce,D,vice,0.683,0.267,25.0,17.9,36.0,0.947,0.0,,
6397,Ramos G.,6519,Camarda,Milan,A,vice,0.967,0.1,29.5,14.9,36.0,0.947,0.0,,
5457,Maleh,6410,Kaba,Lecce,C,vice,0.567,0.167,23.6,17.2,36.0,0.947,0.0,,
7001,N'Dri,5029,Geubbels,Lecce,A,vice,0.55,0.467,22.5,21.1,36.0,0.947,0.0,,
7412,Milla,7129,Rodriguez Je.,Como,C,vice,0.527,0.436,22.9,21.5,36.0,0.947,0.0,,
6530,Ghedjemis,7612,Bobcek,Frosinone,A,vice,0.636,0.364,24.0,19.3,36.0,0.947,0.0,,
5637,Davis K.,7161,Bayo V.,Udinese,A,vice,0.833,0.4,27.3,20.0,36.0,0.947,0.0,,
5694,Beto,7623,Gnonto,Fiorentina,A,vice,0.527,0.345,22.1,19.0,36.0,0.947,0.0,,
7561,Lontani,7342,Elphege,Parma,A,vice,0.836,0.436,27.3,20.6,36.0,0.947,0.0,,
6482,Mandas,7337,Motta,Lazio,P,vice,0.883,0.183,30.4,8.1,36.0,0.947,0.0,,
6662,Corvi,7411,Daffara,Parma,P,ballottaggio,0.964,0.018,32.9,2.9,35.8,0.942,0.75,fantacalcio-online,
4360,Caprile,3,Radunovic,Cagliari,P,vice,0.967,0.017,33.0,2.8,35.8,0.942,0.0,,
4431,Carnesecchi,4,Sportiello,Atalanta,P,vice,0.964,0.018,32.9,2.9,35.8,0.942,0.0,,
2521,De Gea,6403,Christensen O.,Fiorentina,P,vice,0.964,0.018,32.9,2.9,35.8,0.942,0.0,,
4964,Vicario,283,Neto,Juventus,P,vice,0.967,0.017,33.0,2.8,35.8,0.942,0.0,,
7332,Bijlow,6569,Stolz,Genoa,P,vice,0.964,0.018,32.9,2.9,35.8,0.942,0.0,,
6462,Okoye,7611,Mrozek,Udinese,P,vice,0.967,0.017,33.0,2.8,35.8,0.942,0.0,,
5841,Svilar,610,Gollini,Roma,P,vice,0.964,0.018,32.9,2.9,35.8,0.942,0.0,,
5116,Martinez Jo.,2814,Provedel,Inter,P,vice,0.964,0.018,32.9,2.9,35.8,0.942,0.0,,
2134,Falcone,4468,Bleve,Lecce,P,vice,0.967,0.017,33.0,2.8,35.8,0.942,0.0,,
4312,Maignan,2815,Terracciano,Milan,P,vice,0.967,0.017,33.0,2.8,35.8,0.942,0.0,,
6248,Stankovic F.,4957,Montipò,Venezia,P,vice,0.964,0.018,32.9,2.9,35.8,0.942,0.0,,
6534,Perri,7457,Mascardi,Torino,P,vice,0.818,0.164,28.3,7.5,35.8,0.942,0.0,,
6415,Palmisani,7463,Desplanches,Frosinone,P,vice,0.964,0.018,32.9,2.9,35.8,0.942,0.0,,
133,Skorupski,7172,Pessina Mas.,Bologna,P,vice,0.855,0.091,29.5,5.2,34.7,0.913,0.0,,
6966,Butez,6344,Sanchez Ro.,Como,P,vice,0.855,0.091,29.5,5.2,34.7,0.913,0.0,,
7301,Tornqvist,4485,Thiam,Monza,P,ballottaggio,0.673,0.236,23.7,9.8,33.5,0.882,0.75,fantacalcio-online,
572,Meret,2170,Milinkovic-Savic V.,Napoli,P,vice,0.745,0.164,26.0,7.5,33.5,0.882,0.0,,
4236,Muric,4867,Turati,Sassuolo,P,vice,0.891,0.018,30.6,2.9,33.5,0.882,0.0,,
