id,stagione,squadra,partite,minuti,gol,assist,xg,npxg,xa,tiri,passaggi_chiave,xg_chain,xg_buildup,posizione_fonte
3,2023-24,Cagliari,7,630,0,0,0.0,0.0,0.0,0,0,0.2149,0.2149,GK
4,2023-24,Milan,7,630,0,0,0.0,0.0,0.0,0,0,0.5397,0.5397,GK
4,2024-25,Milan,2,124,0,0,0.0,0.0,0.0,0,0,1.022,1.022,GK S
4,2025-26,Atalanta,1,90,0,0,0.0,0.0,0.0,0,0,0.4067,0.4067,GK
22,2023-24,Atalanta,30,2598,0,5,0.6061,0.6061,1.5441,16,23,10.9401,9.3929,D M S
22,2024-25,Atalanta,36,3060,4,4,1.2634,1.2634,2.7509,14,25,20.3619,18.28,D M S
22,2025-26,Atalanta,34,2720,1,2,0.8248,0.8248,1.5867,16,23,15.4834,13.5858,D M S
133,2023-24,Bologna,32,2880,0,0,0.0,0.0,0.0,0,0,3.8841,3.8841,GK
133,2024-25,Bologna,27,2364,0,0,0.0,0.0,0.0,0,0,2.8055,2.8055,GK
133,2025-26,Bologna,19,1594,0,0,0.0,0.0,0.0,0,0,1.6174,1.6174,GK
152,2023-24,Napoli,28,1979,3,2,2.7691,2.0078,3.8942,30,48,11.81,9.097,M S
152,2024-25,Inter,26,947,2,2,2.6944,1.1718,0.6181,17,13,6.7367,5.5618,M S
152,2025-26,Inter,34,2048,6,3,2.1001,1.3388,4.2378,29,29,13.9466,11.2563,M S
158,2025-26,Fiorentina,1,3,0,0,0.0,0.0,0.0,0,0,0.078,0.078,S
184,2025-26,Bologna,29,1198,4,2,3.1793,2.418,3.5703,39,29,8.0681,3.1547,F M S
218,2023-24,Juventus,3,227,0,0,0.0,0.0,0.0,0,0,0.1355,0.1355,GK
218,2024-25,Juventus,5,450,0,0,0.0,0.0,0.0,0,0,1.65,1.65,GK
218,2025-26,Juventus,9,766,0,0,0.0,0.0,0.0818,0,1,3.3018,3.22,GK
219,2023-24,Genoa,1,2,0,0,0.0,0.0,0.0,0,0,0.0,0.0,S
219,2024-25,Genoa,1,26,0,0,0.0,0.0,0.0,0,0,0.0,0.0,S
219,2025-26,Genoa,2,176,0,0,0.0,0.0,0.0,0,0,0.0384,0.0384,GK S
252,2023-24,Fiorentina,29,2366,2,5,1.5414,0.7801,4.9704,17,45,6.1963,5.4461,D S
252,2024-25,Fiorentina | Torino,23,1585,1,0,0.6365,0.6365,3.2531,15,31,3.9442,2.5034,D S
252,2025-26,Torino,14,497,0,0,0.0619,0.0619,0.3642,2,7,0.7062,0.4561,D M S
254,2023-24,Inter,30,2166,5,6,3.2087,3.2087,9.5586,50,63,18.5521,12.9006,D S
254,2024-25,Inter,33,2214,4,7,4.1627,4.1627,7.3322,56,48,15.3702,7.9476,D M S
254,2025-26,Inter,35,2709,7,16,7.2863,7.2863,15.9291,65,95,29.1766,13.8166,D S
256,2023-24,Napoli,24,2122,1,0,1.4222,1.4222,0.6623,8,5,8.7022,8.6644,D S
256,2024-25,Napoli,15,1076,0,1,0.2598,0.2598,0.1041,3,1,2.9916,2.9916,D S
256,2025-26,Napoli,24,1670,0,0,0.2074,0.2074,0.2721,3,4,6.6241,6.3835,D S
294,2023-24,Juventus,17,1195,2,0,2.4401,2.4401,0.3671,8,3,3.8852,3.631,D S
294,2025-26,Fiorentina | Juventus,12,577,0,0,0.2712,0.2712,0.0,1,0,1.2558,1.2558,D S
309,2023-24,Roma,28,2011,13,9,10.7482,5.4192,5.3634,59,50,13.2259,8.1601,F M S
309,2024-25,Roma,24,1431,6,3,7.0971,4.8132,6.2266,50,40,12.7716,7.2652,F M S
309,2025-26,Roma,22,1360,2,6,6.2851,5.5238,6.3634,43,55,11.4163,3.3808,F M S
313,2024-25,Milan,16,1110,5,0,4.8171,4.8171,0.9593,27,7,7.8876,3.0764,F M S
313,2025-26,Como,26,917,0,1,4.9107,4.1494,0.7772,23,10,3.674,0.655,F S
327,2023-24,Lazio,20,1606,2,0,1.4115,1.4115,0.1865,6,4,6.1765,6.023,D S
327,2024-25,Lazio,10,593,1,0,0.877,0.877,0.0126,2,1,1.8101,1.8101,D S
327,2025-26,Lazio,14,657,0,0,0.2268,0.2268,0.3095,5,2,2.1572,2.0457,D M S
333,2023-24,Lazio,28,1355,1,0,0.3128,0.3128,0.9587,12,11,4.3944,3.7202,M S
333,2024-25,Fiorentina,25,1762,3,0,0.7924,0.7924,0.5938,13,14,7.4116,6.7106,M S
333,2025-26,Lazio,27,2007,3,3,2.7121,1.1895,2.0514,26,23,6.0599,4.7891,M S
383,2023-24,Cagliari,18,1017,1,1,1.7846,1.7846,0.9923,19,18,3.4529,0.9731,F S
383,2024-25,Monza,13,319,0,0,0.249,0.249,0.0414,4,1,0.3679,0.1398,F S
418,2023-24,Cagliari,13,1017,0,0,0.6162,0.6162,0.146,4,4,1.496,1.4842,D S
418,2024-25,Como,32,2525,1,0,2.3801,2.3801,0.2965,12,5,5.9381,5.8486,D S
418,2025-26,Como,2,12,0,0,0.0,0.0,0.0,0,0,0.0,0.0,S
460,2023-24,Lazio,29,2408,0,0,0.8312,0.8312,0.3159,11,6,6.718,6.4682,D S
460,2024-25,Lazio,32,2676,2,0,3.5659,3.5659,0.7021,20,10,10.5398,10.2528,D S
460,2025-26,Lazio,32,2670,0,0,1.5351,1.5351,0.0711,9,3,5.8272,5.7501,D S
487,2023-24,Bologna,15,668,2,0,0.201,0.201,0.0,4,0,1.1438,1.0948,D S
487,2024-25,Bologna,18,1074,1,0,1.087,1.087,0.3083,9,5,3.1706,2.8712,D S
487,2025-26,Bologna,12,499,0,0,0.0,0.0,0.1587,0,5,0.8127,0.654,D S
526,2023-24,Fiorentina,30,1922,2,5,1.7479,1.7479,1.8097,23,36,7.8602,5.1452,M S
526,2024-25,Venezia,16,965,0,0,0.9684,0.9684,1.9832,15,11,3.4535,1.5768,M S
530,2023-24,Roma,29,1878,8,3,5.2259,4.4646,2.8656,47,36,8.609,4.9052,M S
530,2024-25,Roma,25,1648,2,1,5.4278,4.6665,2.6246,42,27,9.6148,4.583,M S
530,2025-26,Roma,24,1508,4,2,4.7753,3.2527,2.9985,32,29,7.5764,4.9054,F M S
531,2023-24,Sassuolo,17,1448,9,3,6.6152,2.8087,3.4691,51,28,7.9286,3.1245,F M
531,2025-26,Sassuolo,26,1995,8,4,6.7835,4.4996,5.0583,40,33,13.0336,6.806,F M S
536,2023-24,Napoli,37,2436,8,7,7.0653,4.7814,8.614,75,70,19.0396,10.0299,F M S
536,2024-25,Napoli,37,2881,3,4,3.6451,3.6451,6.1069,56,55,14.7179,9.3003,D F M S
536,2025-26,Napoli,34,2249,2,6,3.1338,3.1338,5.6042,49,37,12.9773,8.2069,D F M S
543,2024-25,Udinese,1,90,0,0,0.0,0.0,0.0,0,0,0.0918,0.0918,GK
543,2025-26,Udinese,2,180,0,0,0.0,0.0,0.0,0,0,0.0,0.0,GK
554,2023-24,Atalanta,31,1888,2,1,3.1136,3.1136,2.0844,37,17,9.8839,5.8548,D M S
554,2024-25,Atalanta,30,2102,4,2,3.0308,3.0308,2.9278,39,23,11.3988,7.7075,D M S
554,2025-26,Atalanta,35,2605,3,3,3.2266,3.2266,4.5055,37,42,14.347,9.3839,D M S
572,2023-24,Napoli,31,2774,0,0,0.0,0.0,0.185,0,1,4.1494,4.1494,GK
572,2024-25,Napoli,34,3005,0,0,0.0,0.0,0.0,0,0,6.5705,6.5705,GK
572,2025-26,Napoli,11,982,0,1,0.0,0.0,0.2712,0,1,1.5829,1.5829,GK
608,2023-24,Atalanta | Torino,37,3036,13,4,12.9246,12.9246,3.0231,104,29,16.456,6.0942,F S
608,2024-25,Torino,7,597,3,0,3.2067,3.2067,0.5825,21,9,4.0708,0.7009,F
608,2025-26,Torino,28,1088,3,1,4.4026,3.6413,2.6804,34,10,5.9993,0.5479,F S
610,2023-24,Napoli,7,630,0,0,0.0151,0.0151,0.0,1,0,0.8919,0.8919,GK
610,2024-25,Genoa,7,630,0,0,0.0,0.0,0.0,0,0,0.4884,0.4884,GK
632,2023-24,Lazio,28,2001,6,1,5.5314,5.5314,2.1346,42,29,10.9566,4.7902,D F M S
632,2024-25,Lazio,34,2750,8,6,6.8762,5.3536,5.2154,48,55,16.1112,9.004,F M S
632,2025-26,Lazio,26,2127,3,0,6.3838,5.6225,2.7892,34,35,9.4188,4.1584,F M
779,2023-24,Roma,37,3300,3,4,4.3568,4.3568,3.0651,54,29,16.0615,12.435,D M
779,2024-25,Roma,30,2046,4,2,2.4521,2.4521,1.7213,30,18,10.6538,8.6189,M S
779,2025-26,Roma,37,3116,2,1,2.3478,2.3478,2.2819,43,27,12.8968,10.9561,M S
791,2023-24,Genoa,32,2491,0,1,0.8783,0.8783,2.5562,9,20,4.9998,2.2704,D M S
791,2024-25,Genoa,34,2072,0,2,0.1368,0.1368,1.9757,6,18,6.2535,5.0117,D S
791,2025-26,Genoa,16,930,0,0,0.4037,0.4037,0.3218,8,6,3.7337,3.2005,D M S
795,2023-24,Roma,33,1732,3,4,2.4553,2.4553,2.5355,40,20,8.6091,5.056,D F M S
795,2024-25,Roma,31,1075,3,4,2.9687,2.9687,1.2206,28,15,8.5647,5.5345,D F M S
795,2025-26,Roma,20,623,1,2,2.0189,2.0189,1.7541,18,12,5.1074,2.5586,F M S
801,2023-24,Monza,33,2392,1,2,4.7189,4.7189,1.4507,36,20,12.7432,10.0129,D M S
801,2024-25,Monza,8,148,0,0,0.0,0.0,0.0823,0,1,0.2389,0.2389,S
801,2025-26,Verona,29,2212,1,0,1.3313,1.3313,0.6643,15,16,3.9454,3.1284,M S
827,2023-24,Juventus,36,3023,1,4,1.1891,1.1891,1.7482,25,26,13.1208,11.2524,M S
827,2024-25,Juventus,36,2852,2,2,1.7281,0.9668,3.1608,25,29,15.2395,12.4837,M S
827,2025-26,Juventus,36,3031,1,2,2.4155,1.6542,3.8267,46,47,21.8019,18.527,M
1852,2023-24,Roma,24,1297,1,2,0.2408,0.2408,3.2632,8,27,5.9009,3.721,D M S
1852,2024-25,Napoli,27,1531,1,1,1.0215,1.0215,4.1021,12,26,9.8196,5.6756,D F S
1852,2025-26,Napoli,32,1906,3,3,1.2086,1.2086,2.6063,21,32,10.4018,7.5215,D M S
1870,2023-24,Inter,37,2896,2,3,5.0404,5.0404,3.7712,41,42,25.4466,19.6671,M S
1870,2024-25,Inter,33,2485,3,6,2.0158,2.0158,4.7904,43,55,14.6071,11.2762,M S
1870,2025-26,Inter,34,2561,3,8,3.8197,3.8197,7.9656,35,70,20.2555,12.3317,M S
1871,2023-24,Cagliari,27,1611,1,0,2.924,2.924,0.9824,25,10,4.5897,2.583,M S
1871,2024-25,Cagliari,29,1439,2,1,1.4592,1.4592,0.7766,18,6,4.446,2.7487,M S
1871,2025-26,Cagliari,20,1444,0,2,2.2286,2.2286,0.5955,22,6,4.5456,2.9704,D M S
1926,2023-24,Inter,1,21,0,0,0.0,0.0,0.0,0,0,0.0,0.0,S
1926,2025-26,Inter,1,8,0,0,0.0,0.0,0.0,0,0,0.0,0.0,S
1930,2023-24,Juventus,1,43,0,0,0.0,0.0,0.0,0,0,0.0,0.0,S
1933,2023-24,Fiorentina,33,1563,3,3,3.8467,3.8467,1.4808,30,13,4.7252,2.6509,M S
1933,2024-25,Fiorentina,29,1940,4,3,2.2801,1.5188,3.9246,38,31,7.9409,5.2046,M S
1933,2025-26,Fiorentina,34,2470,7,3,4.6954,3.9341,2.8805,64,35,9.7795,5.9259,M S
2012,2023-24,Juventus,32,858,4,1,5.394,5.394,3.417,36,15,8.8243,1.2191,F S
2012,2025-26,Juventus,2,33,0,0,0.2569,0.2569,0.0,2,0,0.0584,0.0492,S
2038,2023-24,Sassuolo,38,3161,11,1,10.1011,7.8172,1.9919,84,18,12.7451,4.1477,F S
2038,2024-25,Genoa,36,2886,10,1,7.9318,7.1705,1.8392,79,15,12.3976,4.7133,F S
2038,2025-26,Sassuolo,36,2610,9,3,11.5347,10.7734,1.7828,73,17,12.0051,2.1364,F S
2061,2023-24,Napoli,28,752,1,0,4.1332,4.1332,0.7984,35,10,3.8528,0.701,F S
2061,2024-25,Napoli,30,349,1,1,2.2663,2.2663,0.9974,13,8,3.6546,1.0467,F S
2061,2025-26,Torino,32,2273,11,0,11.1817,11.1817,1.8582,78,23,14.0512,1.5046,F M S
2077,2023-24,Atalanta,34,2039,6,6,7.9483,6.4257,5.1419,40,31,16.4042,7.419,F M S
2077,2024-25,Atalanta,34,1973,3,4,7.0441,6.2828,3.9746,46,32,19.1335,11.965,M S
2077,2025-26,Atalanta,33,1922,3,4,3.4539,3.4539,6.2493,24,40,16.429,10.3951,M S
2097,2023-24,Juventus,19,646,0,0,2.7023,2.7023,0.639,16,5,3.156,0.7157,F S
2097,2024-25,Fiorentina,32,2722,19,3,21.8878,20.3652,2.322,105,19,22.3726,2.2698,F S
2097,2025-26,Fiorentina,26,2042,8,1,15.3793,13.8567,0.063,98,3,11.7696,0.8458,F S
2120,2023-24,Inter,28,2307,1,3,1.2156,1.2156,4.3589,15,22,18.8933,16.1294,D
2120,2024-25,Inter,33,2468,1,5,0.672,0.672,3.4017,13,28,16.2532,14.7702,D S
2120,2025-26,Inter,28,2269,1,4,1.6852,1.6852,3.2031,17,25,13.9496,11.8166,D
2134,2023-24,Lecce,38,3420,0,0,0.0,0.0,0.0,0,0,2.9455,2.9455,GK
2134,2024-25,Lecce,38,3420,0,0,0.0,0.0,0.0,0,0,2.4041,2.4041,GK
2134,2025-26,Lecce,38,3420,0,0,0.0,0.0,0.0365,0,1,0.8861,0.8496,GK
2137,2023-24,Atalanta,29,1445,12,6,8.2739,8.2739,3.806,60,33,13.5309,4.0842,F S
2137,2024-25,Atalanta,1,2,0,0,0.1266,0.1266,0.0,1,0,0.1266,0.0,S
2137,2025-26,Atalanta,24,1318,10,1,8.8688,7.3462,1.3566,57,17,10.201,3.7026,F S
2155,2024-25,Como,33,2058,7,4,8.8057,8.0444,2.8856,69,19,10.9294,2.3385,F S
2155,2025-26,Parma,15,908,1,0,3.2714,3.2714,0.6591,25,3,3.9992,0.8263,F S
2167,2023-24,Bologna,33,1795,10,2,8.4066,6.1228,5.7235,59,36,10.4889,2.6947,M S
2167,2024-25,Bologna,30,1914,15,4,10.3578,8.0739,4.6526,75,30,13.5795,3.4718,F M S
2167,2025-26,Bologna,35,2146,10,1,10.8902,6.3224,1.7088,82,26,12.8106,6.7045,F M S
2169,2023-24,Torino,35,2792,1,2,0.2766,0.2766,1.4692,11,20,8.5559,7.4992,D M S
2170,2023-24,Torino,36,3240,0,0,0.0,0.0,0.0,0,0,4.208,4.208,GK
2170,2024-25,Torino,37,3330,0,0,0.0,0.0,0.1168,0,3,3.6991,3.5823,GK
2170,2025-26,Napoli,27,2430,0,1,0.0,0.0,0.3024,0,3,4.8874,4.585,GK
2188,2023-24,Lazio,37,3120,1,0,0.7665,0.7665,0.7136,8,10,9.4129,8.1927,D
2188,2024-25,Lazio,35,2336,4,0,2.1845,2.1845,0.6067,22,13,7.7173,6.3554,D M S
2188,2025-26,Lazio,33,2794,1,2,1.7432,1.7432,1.5356,16,9,7.5368,5.521,D S
2194,2023-24,Inter,32,2618,13,3,9.9773,2.3644,4.4027,62,51,21.5149,18.0735,M
2194,2024-25,Inter,29,1999,5,6,4.4142,1.369,7.045,46,49,13.4508,11.1812,M S
2194,2025-26,Inter,22,1674,9,4,5.1477,1.3412,3.4764,50,40,10.3432,8.6374,M S
2263,2023-24,Lazio,24,1678,0,2,1.022,1.022,1.607,8,9,6.4138,4.3349,D S
2263,2024-25,Lazio,25,1408,0,1,0.1303,0.1303,1.7911,6,20,4.5268,2.9567,D S
2263,2025-26,Lazio,23,917,0,0,0.1093,0.1093,0.1279,4,2,1.9579,1.7329,D S
2296,2023-24,Roma,36,2881,4,1,2.5976,2.5976,0.9861,19,10,9.4956,9.2083,D S
2296,2024-25,Roma,37,3152,2,0,2.9639,2.9639,1.0477,22,15,12.1071,11.1608,D S
2296,2025-26,Roma,36,3087,4,2,2.3945,2.3945,2.7202,20,21,12.4047,11.1549,D
2297,2023-24,Atalanta,1,3,0,0,0.0,0.0,0.0,0,0,0.0,0.0,S
2379,2023-24,Juventus,31,2650,5,3,3.8853,3.8853,4.4158,38,26,12.9052,7.4001,M S
2379,2025-26,Milan,29,2546,6,4,4.3628,4.3628,3.9379,46,27,15.6632,10.0266,M S
2423,2023-24,Milan,36,2658,12,8,8.1128,8.1128,5.2475,65,45,19.7523,8.286,F M S
2423,2024-25,Milan,34,2518,11,9,11.6761,8.6309,7.2156,57,69,21.9682,9.7949,F M S
2423,2025-26,Milan,30,1612,8,4,9.5447,8.7834,5.0385,54,38,16.2728,6.2884,F S
2517,2025-26,Napoli,18,1176,5,2,3.5163,1.2324,4.0234,27,36,7.8908,5.3182,M S
2521,2024-25,Fiorentina,35,3150,0,1,0.0,0.0,0.5912,0,3,4.4323,3.8412,GK
2521,2025-26,Fiorentina,37,3330,0,0,0.0,0.0,0.0264,0,1,4.4259,4.3995,GK
2528,2025-26,Sassuolo,34,2686,1,1,0.3297,0.3297,0.9152,11,20,11.5746,10.9037,M S
2529,2023-24,Inter,36,2847,2,8,3.4877,3.4877,5.0481,39,40,26.4578,19.6276,M S
2529,2024-25,Inter,32,2441,1,4,1.7231,1.7231,3.2868,23,29,16.2044,12.2554,M S
2529,2025-26,Inter,30,1547,4,1,6.04,6.04,3.3107,43,23,18.3627,12.0806,M S
2531,2023-24,Roma,32,2665,13,3,11.8054,11.0441,2.7022,65,29,16.6393,3.6604,F S
2531,2024-25,Napoli,36,2913,14,10,13.2929,10.2477,4.244,64,34,16.9408,4.8888,F S
2531,2025-26,Napoli,5,33,1,0,0.5893,0.5893,0.2114,2,2,0.3289,0.0,S
2593,2023-24,Genoa,22,1393,0,1,0.1878,0.1878,1.6392,5,26,1.5477,0.8022,D S
2593,2024-25,Genoa,36,3100,0,8,0.7378,0.7378,5.7758,16,65,8.1693,6.5659,D M S
2593,2025-26,Genoa,33,2167,1,5,1.318,0.5567,6.5681,11,62,6.5542,3.7498,D M S
2606,2025-26,Milan,34,2827,2,3,1.2469,1.2469,4.0259,20,50,15.2372,13.8984,M S
2640,2023-24,Atalanta,30,2206,1,0,1.1114,1.1114,0.8098,13,8,6.6635,5.959,D S
2640,2024-25,Atalanta,23,1917,0,2,0.8305,0.8305,2.831,10,17,11.0834,9.7205,D
2640,2025-26,Atalanta,19,1233,0,0,0.1228,0.1228,0.0,3,0,4.2007,4.1688,D S
2724,2023-24,Torino,29,2531,3,0,2.1339,2.1339,0.1651,13,4,6.109,5.3525,D
2724,2024-25,Napoli,22,1931,1,0,0.7932,0.7932,0.6279,8,5,8.3736,8.245,D
2724,2025-26,Napoli,33,2526,0,1,1.6448,1.6448,0.3519,8,3,8.0163,7.9922,D S
2728,2023-24,Lazio,19,774,1,0,0.2686,0.2686,0.5109,7,2,2.6287,2.4382,D S
2728,2024-25,Lazio,22,1045,0,4,0.7439,0.7439,2.877,13,21,5.0173,3.4974,D S
2728,2025-26,Lazio,24,1485,1,0,0.6441,0.6441,0.8312,7,16,4.4299,3.7517,D S
2741,2023-24,Monza,37,3243,6,3,6.1912,2.3848,1.221,28,27,13.4439,10.6505,M
2741,2024-25,Monza,11,866,0,0,0.1847,0.1847,0.1058,3,4,1.6728,1.5042,M S
2764,2023-24,Inter,33,2688,24,3,19.9171,17.6332,4.2284,109,36,29.0675,11.0114,F S
2764,2024-25,Inter,31,2605,12,3,14.9729,14.9729,5.2103,102,37,20.4202,4.4565,F
2764,2025-26,Inter,30,2205,17,6,17.1388,17.1388,6.2915,92,37,27.7862,9.8025,F S
2765,2023-24,Bologna,10,430,2,0,1.2369,1.2369,0.11,11,2,1.4136,0.0666,F M S
2765,2024-25,Bologna,29,1987,6,1,5.3126,5.3126,2.575,49,17,10.9669,3.654,F M S
2765,2025-26,Bologna,26,1391,5,1,2.7288,2.7288,0.9363,35,14,5.9931,3.1325,F M S
2766,2024-25,Atalanta | Fiorentina,23,665,2,2,1.9149,1.9149,1.2456,20,12,4.7222,1.9834,F M S
2766,2025-26,Udinese,32,2308,5,6,6.1439,6.1439,5.693,72,51,12.0408,3.4492,F M S
2788,2023-24,Juventus,36,3235,3,0,2.3433,2.3433,0.3624,18,7,10.7262,10.574,D
2788,2024-25,Juventus,6,540,0,0,0.1311,0.1311,0.0,3,0,2.9775,2.9642,D
2788,2025-26,Juventus,26,2187,4,3,2.7123,2.7123,0.4107,23,8,8.7762,8.4949,D S
2814,2023-24,Lazio,30,2700,0,0,0.0,0.0,0.0,0,0,5.3104,5.3104,GK
2814,2024-25,Lazio,29,2610,0,0,0.0,0.0,0.2429,0,3,4.0411,3.8549,GK
2814,2025-26,Lazio,27,2430,0,0,0.0,0.0,0.2273,0,1,2.7899,2.5625,GK
2816,2023-24,Napoli,36,3235,1,6,3.1027,3.1027,5.2722,38,51,20.9451,17.0208,D
2816,2024-25,Napoli,37,3330,3,2,3.5565,3.5565,4.0603,21,37,13.7873,11.0776,D
2816,2025-26,Napoli,26,2278,2,1,1.9506,1.9506,2.9962,25,16,13.2506,9.182,D
2832,2025-26,Juventus,15,666,4,0,4.1288,4.1288,1.6714,24,15,7.3194,1.9583,F M S
2845,2023-24,Napoli,1,16,0,0,0.0,0.0,0.0,0,0,0.3447,0.3447,S
2845,2025-26,Napoli,1,8,0,0,0.0,0.0,0.0,0,0,0.0,0.0,S
2848,2023-24,Inter,32,877,6,3,8.6508,8.6508,2.2037,32,10,12.4103,3.0905,M S
2848,2024-25,Inter,28,1194,5,1,5.3158,5.3158,1.0951,28,7,8.4264,2.8256,M S
2848,2025-26,Inter,22,523,0,0,2.2943,2.2943,0.5991,16,5,3.8932,1.131,M S
2857,2023-24,Napoli,9,386,0,0,0.7108,0.7108,0.6444,10,8,2.0846,1.0638,M S
4137,2025-26,Como,27,1946,1,0,1.6734,1.6734,0.0479,8,2,5.3243,5.2658,D S
4159,2025-26,Inter,33,2814,2,0,2.2995,2.2995,0.326,23,7,16.7833,16.2733,D S
4177,2023-24,Inter,23,1692,0,2,0.9083,0.9083,1.2916,15,10,9.9482,9.0476,D S
4177,2024-25,Inter,23,1581,0,1,0.4774,0.4774,0.8174,8,8,6.4297,5.8688,D S
4177,2025-26,Inter,1,90,0,0,0.0461,0.0461,0.0268,1,1,0.6804,0.6804,D
4179,2023-24,Fiorentina,29,1915,12,2,10.8548,8.5709,2.0289,85,22,10.3538,3.5413,M S
4179,2024-25,Juventus,26,1789,3,2,4.3887,4.3887,1.3247,45,19,7.8343,3.5306,D F M S
4179,2025-26,Juventus,2,14,0,0,0.0818,0.0818,0.0379,2,1,0.0602,0.0,S
4199,2023-24,Milan,29,2111,6,1,3.988,3.988,2.2169,41,25,11.7322,6.3469,M S
4199,2024-25,Milan,19,1022,0,0,0.7319,0.7319,1.7056,9,16,5.989,4.1604,M S
4199,2025-26,Milan,28,1122,3,1,4.1394,4.1394,1.0412,29,10,7.335,4.4372,F M S
4210,2023-24,Cagliari | Fiorentina,18,1261,2,0,1.4103,0.649,0.0,4,0,2.1175,2.1175,D S
4210,2024-25,Cagliari,31,2590,1,0,2.4686,2.4686,0.5654,26,4,4.8569,3.832,D
4210,2025-26,Cagliari,26,2162,2,0,1.761,1.761,0.4278,10,8,4.6318,4.5948,D
4220,2023-24,Napoli,34,2793,0,2,2.7027,2.7027,4.4405,33,39,15.2612,11.884,M S
4220,2024-25,Napoli,35,2862,6,4,5.0631,5.0631,2.6278,44,26,14.7593,9.6809,M S
4220,2025-26,Napoli,18,1253,4,1,2.5543,2.5543,1.5511,23,13,4.9104,2.9805,M S
4236,2025-26,Sassuolo,32,2880,0,0,0.0,0.0,0.0335,0,1,3.8467,3.8467,GK
4263,2023-24,Udinese,13,858,1,1,0.9381,0.9381,0.5993,6,2,1.0512,0.6647,D S
4263,2024-25,Udinese,16,1164,2,0,2.2602,2.2602,0.3535,15,6,0.8825,0.5794,D S
4263,2025-26,Udinese,30,2273,3,0,1.6737,1.6737,0.0634,9,1,2.3826,2.2685,D S
4287,2023-24,Napoli,38,3324,0,1,0.6276,0.6276,1.4859,14,23,16.7043,15.0612,M
4287,2024-25,Napoli,32,2678,0,1,0.2538,0.2538,1.2684,7,17,13.8039,13.1764,M S
4287,2025-26,Napoli,32,2442,1,1,0.411,0.411,1.0619,8,22,9.9417,8.9699,M S
4312,2023-24,Milan,29,2610,0,1,0.0,0.0,0.1871,0,3,8.0473,7.8603,GK
4312,2024-25,Milan,37,3296,0,0,0.0,0.0,0.5241,0,5,8.3071,7.8202,GK
4312,2025-26,Milan,37,3296,0,0,0.0,0.0,0.0,0,0,5.2755,5.2755,GK
4317,2023-24,Roma,25,2187,0,3,1.1619,1.1619,1.2578,9,6,9.6089,9.1449,D
4317,2024-25,Roma,38,3420,0,1,1.0003,1.0003,1.0897,18,8,14.5642,14.4607,D
4317,2025-26,Roma,31,2686,3,0,2.3948,2.3948,0.5625,23,6,7.1667,6.8165,D
4349,2023-24,Juventus,8,263,0,1,0.1111,0.1111,0.3565,3,8,1.0787,0.9936,M S
4349,2024-25,Venezia,35,2883,4,2,2.2405,2.2405,2.8126,53,29,6.24,4.3348,M S
4349,2025-26,Fiorentina | Parma,26,1456,0,4,0.8567,0.8567,1.7446,20,19,4.3509,3.1315,M S
4359,2023-24,Empoli | Lecce,37,1366,5,0,6.9257,6.1644,1.3456,58,10,7.4189,2.8613,F M S
4359,2024-25,Cagliari,37,3180,10,1,17.9157,17.1544,1.1451,97,11,18.1156,2.0816,F
4359,2025-26,Fiorentina,32,1653,4,1,6.8274,6.8274,1.5871,47,15,8.3021,1.4811,F S
4360,2023-24,Empoli,23,2070,0,0,0.0,0.0,0.1959,0,2,1.1644,0.9686,GK
4360,2024-25,Cagliari | Napoli,22,1945,0,0,0.0,0.0,0.0,0,0,1.3403,1.3403,GK S
4360,2025-26,Cagliari,38,3420,0,0,0.0,0.0,0.1229,0,1,2.3905,2.2676,GK
4364,2023-24,Cagliari | Napoli,20,910,5,1,2.4069,1.6456,2.2267,22,21,3.942,1.3649,F M S
4364,2024-25,Cagliari,28,976,2,4,4.6302,4.6302,2.3795,30,22,7.971,2.2628,M S
4364,2025-26,Cagliari,33,1920,2,4,1.9962,1.9962,2.2149,34,27,7.687,5.6466,F M S
4371,2023-24,Napoli,37,1546,5,3,6.7026,5.9413,4.4836,61,36,13.5929,5.7018,F M S
4371,2024-25,Napoli,26,1110,6,1,5.0848,5.0848,2.1905,42,29,8.416,2.6321,F M S
4371,2025-26,Atalanta,13,784,3,1,3.4865,3.4865,1.2,28,17,6.0766,1.749,F M S
4374,2023-24,Empoli,27,2051,0,0,0.1868,0.1868,0.1156,4,3,3.8803,3.8117,D S
4374,2024-25,Empoli | Torino,31,1853,0,0,0.3898,0.3898,0.4117,6,5,3.6493,3.0089,D S
4374,2025-26,Sassuolo,34,2871,0,1,0.18,0.18,2.0546,7,21,8.7935,7.5667,D S
4378,2023-24,Fiorentina,26,2066,2,1,1.441,1.441,0.5042,10,7,4.7961,4.0651,D S
4378,2024-25,Fiorentina,36,3085,1,3,1.3836,1.3836,1.7718,11,16,6.85,5.0433,D S
4378,2025-26,Fiorentina,34,2489,1,0,2.0761,2.0761,1.0301,18,7,6.2018,5.0256,D S
4401,2023-24,Milan,18,1273,2,1,1.5996,1.5996,0.4694,11,3,5.3047,5.2068,D S
4401,2024-25,Milan,26,2159,2,0,1.5627,1.5627,0.1732,14,2,10.157,10.144,D S
4401,2025-26,Milan,30,2531,0,0,1.5443,1.5443,0.0519,19,2,8.1856,7.894,D S
4409,2023-24,Napoli,30,2612,3,0,3.4072,3.4072,0.7617,25,13,13.804,13.2181,D
4409,2024-25,Napoli,38,3410,1,3,2.2585,2.2585,1.5487,28,11,13.1889,12.6525,D
4409,2025-26,Napoli,21,1809,2,1,1.3543,1.3543,0.2368,15,7,9.0675,8.7417,D
4431,2023-24,Atalanta,27,2427,0,0,0.0,0.0,0.0,0,0,2.171,2.171,GK
4431,2024-25,Atalanta,34,3060,0,0,0.0,0.0,0.3005,0,1,6.5803,6.2798,GK
4431,2025-26,Atalanta,37,3330,0,0,0.0,0.0,0.0,0,0,6.9059,6.9059,GK
4433,2023-24,Atalanta | Frosinone,19,1389,2,5,0.5186,0.5186,3.5342,12,24,6.0426,4.33,D M S
4433,2024-25,Cagliari,35,2749,6,2,2.9334,2.9334,3.8426,32,29,11.5493,5.9476,D M S
4433,2025-26,Bologna,32,1776,0,2,0.4221,0.4221,2.8583,11,26,5.779,3.2571,D S
4436,2023-24,Empoli,37,2573,1,1,4.1655,4.1655,2.809,72,31,9.3042,3.2786,F M S
4436,2024-25,Bologna,18,581,1,3,0.7283,0.7283,2.0717,14,10,4.4883,2.1139,F M S
4436,2025-26,Bologna,28,1510,3,4,2.9168,2.9168,3.0302,24,18,6.6586,1.8299,F M S
4459,2023-24,Lazio,23,1328,0,2,0.5673,0.5673,0.3832,5,10,4.8644,4.1574,M S
4459,2024-25,Lazio,33,2747,0,3,1.6034,1.6034,2.8911,28,30,12.7936,10.8142,M S
4459,2025-26,Lazio,11,510,0,1,0.0171,0.0171,1.4669,1,13,1.6087,1.3888,M S
4461,2023-24,Cagliari,38,2553,1,3,1.4801,1.4801,3.2003,19,25,7.5659,3.5023,D M S
4461,2024-25,Cagliari,37,3070,2,0,0.7888,0.7888,4.3287,11,28,8.3869,5.0761,D S
4461,2025-26,Cagliari,31,1583,0,3,1.1292,1.1292,2.1066,11,13,6.0589,4.1715,D S
4463,2024-25,Empoli,33,2370,8,0,6.2383,4.7157,2.3591,61,35,9.8013,4.8689,F M S
4463,2025-26,Cagliari,36,2751,7,5,5.7444,4.9831,5.5778,57,71,11.4864,4.7634,F M S
4465,2023-24,Juventus,8,432,0,2,0.2789,0.2789,1.3754,6,11,2.4495,1.6592,M S
4465,2024-25,Fiorentina | Juventus,32,1514,1,2,0.8893,0.8893,3.0207,22,27,9.7936,8.0401,M S
4465,2025-26,Fiorentina,33,2588,2,3,1.9044,1.9044,5.2244,33,64,15.3266,11.0831,M S
4479,2023-24,Napoli,11,326,2,0,0.5557,0.5557,0.2569,6,6,2.0066,1.388,F M S
4479,2024-25,Torino,13,1032,4,0,1.3763,1.3763,0.5361,19,10,3.8013,2.1076,F M S
4479,2025-26,Napoli,33,1791,1,3,3.6417,3.6417,1.7522,27,24,8.1902,4.1265,F M S
4502,2023-24,Lecce,35,2526,0,3,0.761,0.761,5.0523,15,47,9.6634,6.2951,D S
4502,2024-25,Lecce,31,2624,0,2,0.3414,0.3414,3.2846,9,43,6.5719,4.682,D
4502,2025-26,Lecce,37,3063,0,4,0.8321,0.8321,3.945,6,36,5.2358,3.61,D S
4510,2023-24,Milan,34,2534,9,9,9.5097,9.5097,10.2436,70,59,22.9797,8.5979,F M S
4510,2024-25,Milan,34,2329,8,8,8.6715,8.6715,7.5453,67,58,19.9799,9.7064,F M S
4510,2025-26,Milan,29,1874,9,3,9.6019,8.0793,4.9775,63,23,15.7331,4.8356,F S
4657,2023-24,Roma,17,645,0,0,0.1264,0.1264,0.5789,2,9,1.8308,1.1342,D S
4657,2024-25,Roma,31,2270,0,2,0.6175,0.6175,1.8602,13,19,6.3643,5.3474,D M S
4657,2025-26,Roma,34,2747,1,2,1.7681,1.7681,2.4127,22,27,13.8561,11.6554,D M S
4686,2024-25,Milan,35,2516,1,6,1.1362,1.1362,3.5258,36,24,14.9336,11.9405,M S
4686,2025-26,Milan,33,2231,2,3,4.5851,4.5851,3.6384,44,36,13.3589,6.3727,M S
4728,2025-26,Milan,32,1343,7,3,9.9405,6.134,1.6137,29,16,8.7215,2.4927,F S
4734,2024-25,Bologna,31,2271,0,6,0.7253,0.7253,6.9418,22,57,12.5648,10.4316,D S
4734,2025-26,Bologna,32,2576,1,3,0.5171,0.5171,4.5046,13,64,11.6765,9.174,D S
4751,2023-24,Milan,26,2133,4,0,3.6082,3.6082,0.1108,17,4,8.2312,8.0945,D S
4751,2024-25,Milan,22,1590,0,1,0.1243,0.1243,0.5303,2,8,7.2663,6.7863,D S
4751,2025-26,Milan,33,2572,0,2,0.5944,0.5944,1.0016,9,4,8.9091,7.4683,D S
4772,2023-24,Roma,16,1169,0,1,0.2103,0.2103,1.6354,8,19,4.2121,3.5994,D S
4772,2024-25,Roma,38,3182,2,1,1.4242,1.4242,5.5225,24,50,13.306,9.5415,D M S
4772,2025-26,Roma,7,427,0,0,0.2326,0.2326,0.2805,5,5,0.7899,0.6207,D M S
4777,2024-25,Napoli,34,2938,12,4,8.8576,8.8576,2.8353,76,26,17.0202,7.9078,M S
4777,2025-26,Napoli,33,2798,10,3,12.4298,11.6685,2.0054,101,22,15.4405,8.0388,M S
4807,2024-25,Roma,8,228,0,0,0.0702,0.0702,0.0,1,0,0.4514,0.4514,D S
4807,2025-26,Roma,27,2106,3,2,2.1928,2.1928,0.8592,20,10,7.1921,5.7191,D S
4856,2023-24,Milan,24,1011,1,3,2.3205,2.3205,2.8136,28,20,7.7599,4.5798,F M S
4856,2024-25,Milan,26,910,3,2,2.7907,2.7907,3.1468,32,27,6.9005,2.5275,F M S
4856,2025-26,Milan,1,23,0,0,0.0,0.0,0.0,0,0,0.0211,0.0211,S
4867,2023-24,Frosinone,31,2748,0,0,0.0,0.0,0.0,0,0,1.8934,1.8934,GK
4867,2024-25,Monza,30,2678,0,0,0.0,0.0,0.0,0,0,4.3368,4.3368,GK
4867,2025-26,Sassuolo,6,535,0,0,0.0,0.0,0.0425,0,1,1.3311,1.2886,GK
4870,2023-24,Atalanta,10,84,0,1,0.2529,0.2529,0.1039,1,2,0.9938,0.8899,S
4870,2024-25,Cagliari,35,2416,1,1,1.132,1.132,2.4681,20,19,9.3393,6.933,M S
4870,2025-26,Cagliari,38,3074,1,2,2.5289,2.5289,2.4405,28,27,8.8084,5.8197,D M S
4871,2023-24,Inter,35,2750,13,7,15.4891,15.4891,4.3815,77,30,25.6975,8.5356,F S
4871,2024-25,Inter,32,2316,14,4,12.1233,12.1233,4.545,65,39,20.5457,6.455,F S
4871,2025-26,Inter,29,1933,13,6,11.8955,11.8955,4.4688,74,29,16.4358,4.1568,F S
4887,2023-24,Torino,37,3104,1,7,1.7604,1.7604,6.6509,32,52,11.594,6.9862,D M S
4887,2024-25,Atalanta | Torino,35,2505,0,9,2.014,2.014,6.1612,19,35,14.8679,9.299,D M S
4887,2025-26,Atalanta,24,1374,0,1,0.501,0.501,1.9426,13,21,5.8085,4.1224,D M S
4892,2023-24,Bologna,30,1909,4,2,2.825,2.825,3.0194,29,44,8.5848,4.7481,F M S
4892,2024-25,Milan | Roma,23,1510,7,3,3.0718,3.0718,3.0003,25,26,12.4203,8.6385,D F M S
4892,2025-26,Milan,35,2819,3,3,3.5982,3.5982,4.7879,43,53,18.2068,11.0678,D F M S
4896,2023-24,Empoli | Monza,18,568,4,1,1.816,1.816,0.9732,21,12,3.5452,1.6823,F M S
4896,2024-25,Atalanta | Monza,30,1574,6,0,6.7052,6.7052,1.6987,49,16,9.6314,2.194,F M S
4896,2025-26,Atalanta | Lazio,21,944,2,1,2.8131,2.8131,1.1871,23,11,4.7051,1.746,F M S
4911,2024-25,Juventus,19,491,0,0,0.6867,0.6867,1.1568,8,14,3.9438,3.0533,M S
4925,2023-24,Monza,21,1489,1,0,1.4665,1.4665,0.5416,18,8,5.4557,3.966,D S
4925,2024-25,Monza,26,2209,0,1,0.3448,0.3448,0.1529,8,4,4.8864,4.6543,D M S
4929,2024-25,Cagliari,1,3,0,0,0.0,0.0,0.0,0,0,0.0,0.0,S
4947,2023-24,Frosinone,36,2324,4,2,2.033,2.033,2.1246,31,22,7.0102,3.6808,D F M S
4947,2024-25,Atalanta,29,959,4,2,4.3975,4.3975,1.235,20,7,7.267,2.3232,M S
4947,2025-26,Atalanta | Fiorentina,26,1018,2,1,2.351,2.351,1.2418,13,10,4.8565,2.4573,M S
4952,2023-24,Frosinone,24,1470,2,2,1.4172,1.4172,0.392,5,5,3.2531,2.7315,D S
4957,2023-24,Verona,37,3330,0,1,0.0,0.0,0.0146,0,1,2.2297,2.2151,GK
4957,2024-25,Verona,36,3240,0,0,0.0,0.0,0.0,0,0,1.1513,1.1513,GK
4957,2025-26,Verona,35,3150,0,1,0.0,0.0,0.2184,0,3,2.1883,1.9699,GK
4970,2023-24,Genoa,18,1042,1,0,1.6917,1.6917,2.1624,22,16,3.8877,1.8943,D F M S
4970,2024-25,Genoa,17,832,1,1,2.6006,1.8393,0.6973,18,8,2.1806,0.7364,F M S
4970,2025-26,Genoa,20,655,3,1,1.8635,1.1022,1.0572,19,6,3.0287,1.5729,M S
4973,2023-24,Juventus,34,2603,0,7,3.1354,3.1354,4.2331,23,41,12.872,8.7066,D M S
4973,2024-25,Juventus,32,2334,2,4,2.9408,2.9408,4.6562,22,32,10.6591,5.9426,D F M S
4973,2025-26,Juventus,36,2857,5,5,8.644,8.644,5.392,43,48,21.1914,12.1492,D M S
4976,2023-24,Milan,9,363,0,0,0.0826,0.0826,0.0839,2,2,0.8817,0.8817,D S
4976,2024-25,Juventus,29,2330,1,0,0.8487,0.8487,0.5811,7,11,9.8703,9.131,D S
4976,2025-26,Juventus,37,3281,1,4,1.4483,1.4483,5.5372,12,43,18.3091,14.8732,D
4994,2023-24,Torino,28,1372,0,3,0.2669,0.2669,1.5012,9,18,5.7841,5.1164,D M S
4994,2024-25,Como | Torino,28,1836,1,2,0.6812,0.6812,3.3965,9,24,8.3225,5.1917,D S
4994,2025-26,Como,30,1602,2,2,1.4711,1.4711,3.0943,18,29,7.9195,4.8267,D F M S
5007,2023-24,Torino,31,2097,3,2,2.5717,2.5717,5.4199,27,47,7.8791,4.5728,M S
5007,2024-25,Torino,19,898,1,0,1.1345,1.1345,0.9605,11,9,4.0333,2.4873,M S
5007,2025-26,Torino,8,414,0,0,0.0,0.0,0.7176,0,8,1.2886,0.6006,M S
5010,2023-24,Empoli,26,2037,0,0,0.2571,0.2571,0.092,5,4,4.9353,4.9196,D S
5010,2024-25,Empoli,29,2510,0,0,0.5099,0.5099,0.0301,5,2,2.1674,2.1534,D
5010,2025-26,Torino,25,1907,0,1,0.7488,0.7488,0.539,6,4,3.3903,2.838,D S
5022,2024-25,Milan,24,1866,2,1,2.1692,2.1692,1.2955,17,6,8.9968,7.7177,D S
5022,2025-26,Milan,34,2876,5,1,3.9109,3.9109,0.7155,26,15,12.9166,10.8924,D S
5036,2024-25,Como,18,1110,2,3,0.7745,0.7745,2.1084,8,19,5.4499,3.5102,M S
5036,2025-26,Como,30,1493,2,6,1.7355,1.7355,2.78,18,26,10.6714,7.4382,M S
5116,2023-24,Genoa,36,3240,0,0,0.0,0.0,0.0194,0,1,2.7372,2.7178,GK
5116,2024-25,Inter,5,450,0,0,0.0,0.0,0.0644,0,1,0.9504,0.886,GK
5116,2025-26,Inter,5,450,0,0,0.0,0.0,0.0,0,0,1.1353,1.1353,GK
5119,2023-24,Udinese,34,2393,6,2,3.7649,3.0036,5.8428,57,61,7.7469,5.5263,M S
5119,2024-25,Atalanta,31,1119,2,1,1.9263,1.9263,3.3171,33,35,8.1272,4.7407,M S
5119,2025-26,Atalanta,26,1005,2,1,2.7764,2.7764,2.3769,25,28,8.5507,4.5451,M S
5131,2024-25,Napoli,26,1161,0,1,0.627,0.627,1.504,9,21,8.0016,6.5646,M S
5131,2025-26,Napoli,17,798,1,0,0.572,0.572,0.4836,10,6,4.1984,3.3647,M S
5273,2025-26,Milan,19,1045,1,1,0.4772,0.4772,1.5814,9,13,7.5274,6.9204,D S
5295,2023-24,Milan,30,1439,0,2,0.6487,0.6487,1.5079,14,14,5.7279,3.9547,D M S
5295,2024-25,Milan,29,1561,0,2,2.6011,2.6011,2.0416,22,23,9.6095,7.5496,D F M S
5295,2025-26,Atalanta | Milan,20,623,1,0,0.7453,0.7453,0.7338,7,4,4.7116,3.2702,D M S
5298,2023-24,Milan,11,298,0,0,0.3183,0.3183,0.2568,5,1,2.4861,2.0225,D M S
5298,2024-25,Bologna,21,1180,2,2,2.5043,2.5043,1.3731,24,11,5.3084,3.1972,M S
5298,2025-26,Bologna,26,1446,3,1,1.8405,1.8405,0.551,25,6,5.3181,3.3508,M S
5301,2025-26,Inter,30,1617,1,2,1.152,1.152,2.1901,15,22,8.6392,5.7536,D S
5307,2024-25,Parma,20,1559,1,0,0.1997,0.1997,0.147,7,4,3.4622,3.3513,D S
5307,2025-26,Parma,27,2255,0,0,0.487,0.487,1.166,17,10,5.1886,4.2814,D S
5319,2024-25,Parma,37,3015,4,0,4.3499,4.3499,2.6309,34,20,15.7203,9.8046,M S
5319,2025-26,Bologna | Fiorentina,28,1447,0,1,0.7936,0.7936,2.0447,9,15,4.9743,3.7022,M S
5320,2024-25,Torino,1,90,0,0,0.0,0.0,0.0,0,0,0.0,0.0,GK
5320,2025-26,Torino,29,2610,0,0,0.0,0.0,0.0,0,0,1.6754,1.6754,GK
5336,2023-24,Fiorentina,33,1526,3,3,4.3406,3.5793,1.8532,32,21,5.8305,1.8985,F M S
5336,2025-26,Pisa | Sassuolo,30,1514,4,1,7.3171,5.0332,1.2388,39,20,7.4412,1.6972,F S
5365,2023-24,Genoa,19,1710,2,1,1.2186,1.2186,0.9098,17,7,2.6907,1.7259,D
5422,2023-24,Roma,22,976,0,1,1.106,1.106,1.9128,16,17,5.1366,3.1167,D F S
5422,2024-25,Inter | Roma,23,963,1,1,0.4306,0.4306,3.0763,10,21,6.6064,3.702,D M S
5422,2025-26,Atalanta,33,1917,2,4,3.1388,3.1388,5.1435,38,36,10.349,5.9626,D M S
5427,2025-26,Napoli,28,1478,1,1,0.5719,0.5719,1.7834,15,20,8.1692,7.4021,D S
5436,2024-25,Venezia,9,71,0,0,0.5108,0.5108,0.1056,1,1,0.6164,0.0,S
5449,2023-24,Fiorentina,21,1451,0,1,1.1006,1.1006,2.1931,12,16,9.4319,7.1889,D S
5449,2024-25,Fiorentina,26,1107,2,0,0.4368,0.4368,1.036,9,4,3.2318,1.7779,D M S
5449,2025-26,Fiorentina,23,1550,1,1,1.3022,1.3022,1.9189,24,19,6.7882,4.4645,D F M S
5453,2023-24,Torino,32,2425,1,2,1.2501,1.2501,2.9166,30,26,9.49,6.5076,M S
5453,2024-25,Torino,34,2863,1,1,1.2636,1.2636,0.6733,22,15,6.6811,4.9345,M
5453,2025-26,Milan,31,1273,1,4,2.1062,2.1062,2.7816,18,20,8.7488,5.3244,M S
5457,2023-24,Empoli,34,2639,0,1,0.9273,0.9273,2.161,18,34,6.2818,3.8272,M S
5457,2024-25,Empoli,22,1524,0,1,0.9959,0.9959,0.9007,17,12,3.46,2.3958,M S
5457,2025-26,Cremonese | Lecce,23,1574,1,0,1.2885,1.2885,0.6453,22,9,2.9693,1.8251,M S
5481,2023-24,Napoli | Salernitana,28,1730,0,2,0.3392,0.3392,1.4283,13,17,3.6569,2.8753,D S
5481,2024-25,Napoli,20,691,0,0,0.3297,0.3297,0.4411,3,5,2.2415,1.5481,D S
5481,2025-26,Napoli,16,288,0,1,0.0465,0.0465,1.1448,2,4,2.0701,1.4018,D S
5485,2024-25,Venezia,9,153,0,0,0.0,0.0,0.0505,0,1,0.0683,0.0683,D S
5498,2023-24,Lazio,20,1559,0,0,0.9764,0.9764,0.0759,7,2,4.4984,4.311,D S
5498,2024-25,Bologna | Lazio,17,1036,0,1,0.2746,0.2746,0.4304,5,3,2.3872,2.0312,D S
5498,2025-26,Bologna,12,672,0,0,0.7464,0.7464,0.2049,5,4,1.794,1.7077,D S
5500,2023-24,Empoli,36,1772,4,2,5.7523,5.7523,3.4372,40,17,8.5708,1.7997,D F M S
5500,2024-25,Parma,27,1453,3,0,2.5087,2.5087,0.5386,22,10,3.8869,1.2166,F M S
5500,2025-26,Lazio,30,1740,4,3,5.2176,5.2176,1.9236,41,18,8.6503,1.8232,F M S
5504,2023-24,Salernitana,28,2096,0,1,0.4365,0.4365,0.9734,13,11,5.6519,5.2968,M S
5504,2024-25,Lecce,38,2687,1,0,1.2991,1.2991,1.0492,9,12,7.3479,5.1728,M S
5504,2025-26,Lecce,33,2708,3,1,3.2001,3.2001,1.1774,28,20,7.5888,4.8551,M S
5507,2024-25,Venezia,33,2537,2,0,2.8547,2.8547,1.6146,36,28,6.5052,2.8292,F M S
5514,2023-24,Genoa,37,2843,1,1,2.0767,2.0767,0.9381,34,11,5.8108,4.7087,D M S
5514,2024-25,Genoa,36,3036,3,0,2.4397,2.4397,0.3346,36,7,5.9033,5.4866,D S
5514,2025-26,Genoa,36,3219,1,0,1.8855,1.8855,0.465,24,9,6.4928,6.2094,D
5520,2023-24,Juventus,34,2410,2,3,3.4013,3.4013,3.7686,29,37,10.5511,6.4221,D F M S
5520,2024-25,Juventus,33,2227,2,3,0.9298,0.9298,2.9846,17,34,13.4966,11.9343,D F M S
5520,2025-26,Juventus,36,2846,3,4,2.895,2.895,6.8481,26,56,19.0103,13.3885,D M S
5526,2023-24,Atalanta,33,2579,1,3,1.3214,1.3214,1.2767,19,10,11.5708,10.1045,D M S
5526,2024-25,Atalanta,6,284,0,0,0.0859,0.0859,0.0,4,0,0.0639,0.0224,D S
5526,2025-26,Atalanta,24,1841,3,1,3.8606,3.8606,1.5809,20,14,12.3499,10.117,D S
5527,2023-24,Napoli | Salernitana,21,963,0,2,0.2113,0.2113,1.4767,3,12,3.1347,1.9626,D S
5527,2024-25,Genoa,31,1716,1,0,0.6539,0.6539,1.1977,11,19,3.9356,2.3123,D M S
5527,2025-26,Udinese,19,1314,1,2,0.1,0.1,1.5539,3,15,3.5436,2.38,D M S
5544,2025-26,Juventus,35,1784,6,4,11.4643,10.703,4.2323,41,33,14.403,4.1256,F S
5555,2023-24,Udinese,35,2285,1,1,2.5372,2.5372,2.913,26,21,10.3858,6.2736,D S
5555,2024-25,Udinese,30,2020,1,4,0.7477,0.7477,3.2552,17,25,5.0709,3.5145,D M S
5555,2025-26,Udinese,26,1883,0,2,0.8898,0.8898,2.5138,16,23,6.3781,4.1133,D M S
5559,2024-25,Como,36,2639,3,2,1.581,1.581,4.599,37,54,11.007,8.9874,M S
5559,2025-26,Como,36,2765,6,4,6.9264,3.8812,6.0216,42,45,17.4915,12.7136,M S
5562,2024-25,Juventus,35,2331,4,5,3.5313,3.5313,4.6821,36,25,15.0609,9.894,M S
5562,2025-26,Juventus,35,2481,3,3,4.0633,4.0633,2.6531,50,25,12.7745,8.5267,M S
5578,2024-25,Atalanta,18,1126,0,0,1.09,1.09,0.0669,6,1,5.1605,4.8586,D S
5578,2025-26,Atalanta,19,981,1,0,0.2642,0.2642,0.2572,5,4,4.143,3.8508,D S
5585,2025-26,Roma,18,1499,14,2,15.2047,12.1595,1.5484,70,8,14.9105,3.8561,F
5589,2024-25,Roma,34,2597,2,1,2.9577,2.9577,1.7725,34,19,14.168,11.8415,M S
5589,2025-26,Roma,29,2468,2,3,1.9377,1.9377,3.4995,21,25,14.5203,10.8695,M S
5603,2023-24,Lecce,36,3220,0,0,1.301,1.301,0.4592,13,11,7.1054,6.5912,D
5603,2024-25,Fiorentina,20,1380,0,0,0.0933,0.0933,0.445,3,5,3.3791,3.2754,D S
5603,2025-26,Fiorentina,35,2923,0,0,0.593,0.593,0.6889,8,8,6.7989,6.3975,D S
5620,2024-25,Lazio,23,1725,0,8,1.5731,1.5731,6.4471,28,34,9.1602,5.098,D S
5620,2025-26,Lazio,23,1478,0,0,1.1278,1.1278,1.183,16,20,5.689,4.4115,D S
5637,2023-24,Udinese,8,160,1,0,0.5509,0.5509,0.0649,6,3,0.8542,0.2383,S
5637,2024-25,Udinese,23,1049,2,1,3.0698,3.0698,2.451,29,20,5.5032,1.1153,F S
5637,2025-26,Udinese,30,2106,10,4,9.8901,6.8449,4.3277,50,31,13.4253,5.1648,F S
5672,2023-24,Salernitana,17,1134,4,0,4.5979,3.8366,0.5253,29,10,4.8021,0.8396,F M S
5672,2024-25,Lazio,35,2220,9,3,6.8993,6.8993,4.6098,39,26,14.7047,6.0498,F M S
5672,2025-26,Lazio,27,1257,1,2,2.6982,2.6982,1.7122,12,15,5.3527,2.558,F M S
5674,2023-24,Salernitana,15,1172,0,0,0.4445,0.4445,0.418,12,16,2.6648,2.299,M S
5674,2025-26,Lazio,23,1764,2,3,1.305,1.305,2.4126,30,22,6.4265,4.7051,M
5678,2023-24,Atalanta,22,956,1,1,3.3515,3.3515,1.2132,26,4,5.2548,3.0256,D M S
5678,2024-25,Bologna,21,1129,1,1,0.7301,0.7301,1.0091,10,10,3.9055,2.8998,D S
5678,2025-26,Bologna | Juventus,18,891,1,4,1.1489,1.1489,2.2786,13,9,4.3352,3.0599,D S
5680,2024-25,Verona,32,1940,4,1,4.7946,4.7946,2.1191,23,22,8.2909,2.3353,F S
5680,2025-26,Verona,34,1046,0,1,1.6174,1.6174,1.3703,19,15,4.1505,1.9156,F M S
5685,2023-24,Atalanta,34,2641,12,5,6.4772,4.9546,6.8475,54,59,18.9022,11.4847,F M S
5685,2024-25,Juventus,28,1998,3,3,4.8931,4.8931,2.5622,42,37,9.2317,3.9347,F M S
5685,2025-26,Juventus,33,1803,0,0,1.795,1.795,0.7337,28,16,8.0817,6.7649,D M S
5687,2023-24,Torino,33,2630,3,2,3.2144,3.2144,3.4073,46,35,13.1145,7.3534,F M S
5687,2024-25,Torino,30,2127,5,4,3.3856,1.863,2.6417,31,32,7.9034,4.7948,F M S
5687,2025-26,Torino,37,3079,8,3,7.4081,3.6016,4.6804,49,54,14.8539,8.5309,F M S
5694,2023-24,Udinese,1,81,0,0,0.0,0.0,0.178,0,6,0.178,0.033,F
5695,2023-24,Genoa,16,767,0,1,0.0962,0.0962,0.8938,4,3,1.0057,0.6379,D M S
5695,2024-25,Venezia,25,1369,1,1,1.4897,1.4897,1.0017,15,7,4.6282,2.3849,D S
5701,2023-24,Cagliari,17,929,0,0,0.1257,0.1257,0.8503,3,6,3.2031,2.4631,D S
5701,2024-25,Cagliari,21,1072,1,1,1.0165,1.0165,0.4557,9,10,3.5124,2.221,D M S
5701,2025-26,Cagliari,35,2813,0,3,1.3562,1.3562,3.7093,10,26,9.107,7.3746,D S
5725,2024-25,Como,4,43,0,0,0.0118,0.0118,0.0,1,0,0.0909,0.0909,S
5734,2023-24,Frosinone,36,3173,11,3,11.0021,6.4343,6.4021,84,81,18.0896,9.6473,F M
5734,2024-25,Roma,27,1807,5,5,3.6972,3.6972,6.4494,42,51,14.1389,6.3391,D F M S
5734,2025-26,Roma,33,2207,6,5,4.6787,4.6787,4.4577,52,45,15.8587,9.501,F M S
5735,2023-24,Sassuolo,22,606,1,0,0.4367,0.4367,1.4256,12,16,1.7139,0.7558,F M S
5735,2025-26,Sassuolo,24,1060,2,4,1.749,1.749,2.8961,21,23,6.1812,2.2634,F M S
5739,2023-24,Genoa,29,2383,0,1,0.5454,0.5454,0.9032,11,5,3.9913,3.6823,D S
5739,2024-25,Genoa,25,2132,3,0,2.7675,2.7675,0.2701,13,3,6.3299,6.264,D S
5739,2025-26,Milan,26,1797,1,1,0.7966,0.7966,0.6499,7,5,8.047,7.8924,D S
5750,2023-24,Napoli,25,1611,1,0,1.0278,1.0278,0.1085,7,3,5.1027,5.0324,D S
5750,2025-26,Genoa,30,2631,5,1,2.9207,2.9207,0.8718,22,10,6.932,5.8805,D
5757,2023-24,Genoa | Monza,6,117,0,0,0.0,0.0,0.0,0,0,0.0827,0.0827,D S
5761,2025-26,Juventus,19,330,0,0,0.7612,0.7612,1.026,19,9,2.2295,1.3333,S
5791,2023-24,Genoa,37,3154,2,5,1.5405,1.5405,2.2739,30,14,8.2108,5.892,D M S
5791,2024-25,Genoa,35,3115,2,0,1.6894,1.6894,0.7125,31,14,8.6209,6.6557,M
5791,2025-26,Genoa,36,3093,1,0,0.2742,0.2742,1.3583,8,14,6.0386,4.7931,M S
5792,2023-24,Atalanta,36,2888,6,1,4.5079,4.5079,1.5685,38,18,16.615,12.2609,M S
5792,2024-25,Atalanta,37,2898,4,1,4.3372,4.3372,5.6898,39,37,22.2926,16.0172,M S
5792,2025-26,Atalanta,30,2253,2,1,5.5464,4.7851,2.2104,35,25,16.2554,12.2443,M S
5800,2023-24,Genoa,35,3034,14,4,10.5829,6.7764,5.5032,56,79,11.8515,3.6251,F M S
5800,2024-25,Fiorentina,24,1284,6,1,4.8458,3.3232,1.8325,27,15,7.4428,3.0833,F M S
5800,2025-26,Fiorentina,33,2290,5,4,5.8043,3.5204,3.7848,41,31,10.8434,6.0542,F M S
5812,2023-24,Milan | Verona,21,1361,0,1,0.3425,0.3425,1.1813,8,17,3.9119,2.6313,D M S
5812,2024-25,Milan,13,527,0,0,0.1483,0.1483,0.0855,3,2,1.2648,1.1628,D M S
5812,2025-26,Cremonese,36,3023,2,0,2.3331,2.3331,0.6407,14,11,4.2043,3.7367,D S
5813,2023-24,Juventus,25,1118,1,1,1.325,1.325,1.4678,20,25,4.8875,2.9446,F M S
5813,2024-25,Genoa,25,1718,3,3,3.4912,3.4912,2.2382,24,22,6.6093,2.1041,M S
5813,2025-26,Juventus,23,585,1,2,1.628,1.628,1.2492,18,11,5.1148,2.6716,M S
5820,2025-26,Udinese,28,1756,0,1,0.9957,0.9957,1.549,13,11,4.4856,2.8581,D S
5823,2023-24,Empoli | Roma,27,1261,2,0,2.679,2.679,2.0064,29,17,5.8122,1.8397,F M S
5823,2024-25,Roma,31,777,1,1,1.9191,1.9191,1.3113,20,10,5.2209,2.457,M S
5823,2025-26,Genoa | Roma,18,787,1,2,1.8793,1.8793,0.9014,20,14,4.4183,2.2227,F M S
5831,2023-24,Juventus,32,2654,4,0,6.3019,6.3019,2.3319,35,10,9.019,6.1769,D S
5831,2024-25,Juventus,30,2207,1,0,2.6438,2.6438,0.2837,25,6,6.3888,5.9206,D S
5831,2025-26,Juventus,21,1081,2,0,1.9631,1.9631,0.2072,14,3,2.4201,2.0658,D S
5833,2023-24,Lazio,21,1822,0,0,0.4284,0.4284,0.646,8,7,6.5682,6.3829,D
5833,2024-25,Lazio,32,2740,1,0,0.9576,0.9576,0.7199,15,15,11.0419,10.8829,D S
5833,2025-26,Lazio,31,2498,0,0,1.6254,1.6254,0.7183,12,5,6.2362,5.6552,D
5838,2023-24,Monza,35,2006,0,2,1.2049,1.2049,2.6631,25,23,9.2748,6.3048,D S
5838,2024-25,Monza,21,1497,3,0,1.888,1.888,1.6815,15,18,6.6602,3.367,D M S
5840,2023-24,Napoli,23,1573,1,1,0.8126,0.8126,1.107,12,19,7.6499,6.4848,D S
5840,2024-25,Napoli,32,2360,0,2,1.0978,1.0978,1.8172,16,25,13.3848,11.2923,D S
5840,2025-26,Napoli,25,1370,0,0,1.7913,1.7913,0.5973,8,10,7.2172,5.7409,D S
5841,2023-24,Roma,15,1350,0,0,0.0,0.0,0.0396,0,1,1.6329,1.6329,GK
5841,2024-25,Roma,38,3420,0,0,0.0803,0.0803,0.0,1,0,7.2524,7.2524,GK
5841,2025-26,Roma,38,3420,0,0,0.0,0.0,0.0,0,0,5.1393,5.1393,GK
5844,2023-24,Sassuolo,34,2439,6,1,4.5745,4.5745,1.9407,42,37,8.2213,3.5457,M S
5844,2025-26,Sassuolo,32,2450,4,4,6.6449,6.6449,2.6295,43,32,16.1282,8.9037,F M S
5851,2023-24,Sassuolo | Verona,28,2205,0,2,0.5909,0.5909,1.2934,13,19,4.7801,3.4591,D M S
5851,2025-26,Sassuolo,30,1924,0,0,0.7494,0.7494,1.5035,11,15,5.6392,4.2567,D S
5858,2023-24,Bologna,31,2725,6,3,6.6091,6.6091,3.1291,60,33,14.555,7.7316,M
5858,2024-25,Bologna,16,974,1,1,0.9485,0.1872,1.5488,6,14,5.3289,3.8222,M S
5858,2025-26,Bologna,27,1576,1,0,0.6512,0.6512,1.5658,13,16,5.2001,4.3743,M S
5862,2023-24,Frosinone,16,1173,0,1,1.3665,1.3665,2.4136,20,24,5.2322,2.0419,D M S
5862,2024-25,Parma,35,2883,2,6,1.6036,0.8423,5.6061,27,36,9.6624,4.9457,D M S
5862,2025-26,Parma,34,2637,0,2,0.669,0.669,3.7773,23,51,6.4828,4.9691,D M S
5872,2024-25,Lecce,21,1156,0,4,1.3022,1.3022,0.9663,16,22,2.9387,1.4569,M S
5872,2025-26,Lecce,8,129,0,0,0.2772,0.2772,0.1027,3,3,0.3372,0.0512,M S
5876,2023-24,Monza,33,2872,0,0,0.0,0.0,0.0,0,0,5.7258,5.7258,GK
5876,2024-25,Juventus,33,2970,0,0,0.0,0.0,0.3084,0,1,3.5321,3.5321,GK
5876,2025-26,Juventus,30,2654,0,0,0.0,0.0,0.0,0,0,3.4839,3.4839,GK S
5877,2023-24,Inter,37,1659,0,3,1.1028,1.1028,3.1643,22,19,12.2802,9.8126,D S
5877,2024-25,Inter,29,1658,3,2,3.479,3.479,1.9168,24,9,9.3763,7.5486,D M S
5877,2025-26,Inter,34,1745,1,1,1.9602,1.9602,1.1391,20,11,13.0393,11.1729,D S
5878,2023-24,Monza,38,2751,8,4,5.1956,5.1956,6.0153,65,57,16.8332,8.73,F M S
5878,2024-25,Fiorentina,25,1469,2,1,3.3542,3.3542,1.1401,36,17,7.35,3.4853,M S
5880,2023-24,Monza,22,1606,0,1,1.4754,1.4754,3.1463,28,31,7.0596,3.7341,D F M S
5880,2024-25,Monza,21,1101,1,1,0.5167,0.5167,2.296,11,13,2.599,0.5054,D F M S
5882,2023-24,Monza,34,2084,4,3,5.2517,5.2517,3.4416,38,34,11.0321,5.3336,D F M S
5882,2024-25,Monza,31,2121,5,2,4.9406,4.9406,1.9611,42,21,9.0505,3.2416,F M S
5885,2023-24,Fiorentina,9,522,0,0,0.0843,0.0843,0.7045,2,10,1.8383,1.2679,D S
5885,2024-25,Fiorentina,35,3126,0,5,1.4069,1.4069,4.7983,27,37,13.0662,9.1976,D M
5885,2025-26,Fiorentina,36,3158,1,2,1.3771,1.3771,5.3877,25,51,14.5283,10.4554,D M
5888,2024-25,Torino,15,1030,1,1,1.2501,1.2501,0.3902,14,7,3.1192,1.9035,F M S
5888,2025-26,Torino,33,1971,6,0,4.652,4.652,1.8107,35,17,10.0286,6.9228,M S
5918,2025-26,Atalanta,25,993,2,1,2.4879,2.4879,2.2797,25,13,7.9078,3.8877,M S
5951,2024-25,Juventus,16,1175,8,1,4.8074,4.0461,1.423,26,17,6.1035,1.3632,F M S
5982,2023-24,Genoa,16,836,0,0,0.0895,0.0895,0.2374,2,6,0.6684,0.4553,D M S
5994,2023-24,Udinese,1,15,0,0,0.0,0.0,0.0,0,0,0.0466,0.0466,S
5994,2024-25,Udinese,2,83,0,0,0.0,0.0,0.0515,0,1,0.1034,0.0519,S
5994,2025-26,Torino | Verona,17,1342,0,1,0.0586,0.0586,0.5226,1,6,4.7121,4.5945,D S
5995,2023-24,Atalanta,35,2064,10,8,7.5769,6.8156,7.6735,45,49,17.6209,7.4745,F M S
5995,2024-25,Atalanta,36,2092,7,7,9.4554,9.4554,6.6905,48,39,21.8137,11.4687,F M S
5995,2025-26,Atalanta,31,2206,3,5,4.546,4.546,10.6526,46,64,19.829,7.5812,F M S
5998,2023-24,Monza | Napoli,20,820,0,1,0.7994,0.7994,1.5719,9,16,3.7449,2.148,D F M S
5998,2024-25,Napoli | Venezia,20,1523,1,1,2.1581,2.1581,2.3658,17,24,5.1755,1.3223,D M S
5998,2025-26,Cremonese,32,1643,0,3,1.8215,1.8215,2.4867,21,17,5.1341,1.9742,D M S
6005,2025-26,Torino,19,1028,1,2,2.3625,2.3625,1.2235,13,12,3.5587,2.1685,M S
6010,2023-24,Empoli,31,1213,1,1,1.0734,1.0734,2.0791,23,24,5.4868,3.578,M S
6010,2024-25,Empoli,20,1403,4,1,3.6925,3.6925,1.0941,26,12,6.9237,2.6492,F M S
6010,2025-26,Fiorentina,20,562,0,0,0.8833,0.8833,0.7232,9,9,1.9942,0.4616,F M S
6015,2023-24,Lecce,6,196,0,0,0.126,0.126,0.3247,2,5,0.7064,0.4351,M S
6015,2024-25,Lecce,17,697,0,1,0.6647,0.6647,0.7706,24,11,1.8913,1.0574,M S
6015,2025-26,Lecce,13,893,2,3,1.3144,1.3144,2.8892,24,20,3.1227,1.6004,M S
6020,2024-25,Venezia,36,2503,2,2,1.3821,1.3821,2.1617,21,20,5.425,2.4925,D M S
6020,2025-26,Genoa,36,2770,1,1,2.1504,2.1504,2.5014,26,16,6.2506,3.1559,D M S
6021,2024-25,Udinese,6,70,0,0,0.1147,0.1147,0.0,1,0,0.4268,0.3121,S
6039,2023-24,Verona,22,1498,0,0,0.438,0.438,0.4447,12,12,4.1627,3.8799,D S
6039,2024-25,Juventus,7,464,0,0,0.1307,0.1307,0.172,5,1,3.0655,3.0412,D S
6039,2025-26,Juventus,12,262,2,0,1.0797,1.0797,0.6363,5,2,1.5074,1.1933,D S
6042,2023-24,Bologna,29,2201,0,0,0.7498,0.7498,0.4332,11,4,8.9662,8.5946,D S
6042,2024-25,Bologna,32,2626,0,1,0.7917,0.7917,0.5481,12,9,8.9048,8.7496,D S
6042,2025-26,Bologna,29,2282,1,0,1.3786,1.3786,0.7873,8,7,7.4939,6.785,D S
6046,2023-24,Atalanta | Verona,26,1783,0,1,0.3597,0.3597,0.0426,8,1,5.4989,5.4563,D S
6046,2024-25,Atalanta,30,2336,0,0,0.9531,0.9531,0.0766,8,2,11.4857,11.4091,D S
6046,2025-26,Atalanta,28,1951,1,0,1.0833,1.0833,0.1073,9,2,6.4165,6.3568,D S
6047,2023-24,Udinese,23,957,0,1,1.4999,1.4999,0.4408,18,8,3.0454,1.4039,D S
6047,2024-25,Udinese,33,2534,0,1,1.6658,1.6658,2.3173,14,22,7.5015,3.7159,D M S
6047,2025-26,Udinese,32,1810,2,0,1.4331,1.4331,0.693,9,8,4.861,2.8225,D M S
6052,2025-26,Napoli,33,2784,13,5,13.3123,12.551,3.2673,60,33,19.5134,4.6118,F S
6054,2023-24,Bologna,23,839,1,0,1.0066,1.0066,0.3596,11,11,3.988,2.7982,F M S
6054,2024-25,Bologna,22,1223,0,2,0.4687,0.4687,1.3278,14,20,4.5358,3.8092,M S
6054,2025-26,Bologna,30,1784,1,0,0.9314,0.9314,2.0523,21,26,6.238,5.0887,M S
6060,2023-24,Sassuolo,37,2972,5,4,6.066,6.066,4.8034,84,47,11.7957,3.5438,F M S
6060,2025-26,Sassuolo,38,2655,7,9,4.3922,4.3922,8.5149,71,54,14.8277,7.808,F M S
6145,2023-24,Napoli | Verona,32,1750,8,2,5.5926,5.5926,2.709,59,30,8.6555,2.4354,F M S
6145,2024-25,Napoli,18,177,0,0,0.5908,0.5908,0.1964,13,3,0.7979,0.1581,F S
6145,2025-26,Torino,20,987,1,1,2.7625,2.7625,0.5624,24,12,4.7325,1.5956,F S
6149,2024-25,Venezia,8,220,0,0,0.0143,0.0143,0.093,1,2,0.2046,0.1957,D M S
6149,2025-26,Parma,7,106,0,0,0.0,0.0,0.0,0,0,0.6373,0.6373,D S
6151,2024-25,Como,26,1866,0,3,0.9457,0.9457,1.9598,10,30,9.6327,7.2426,M S
6151,2025-26,Como,36,2758,3,4,2.4864,2.4864,2.5357,18,32,16.4928,12.2413,M S
6164,2023-24,Genoa,9,273,2,0,1.1881,1.1881,0.1561,14,2,1.35,0.159,F M S
6164,2024-25,Genoa,25,1346,2,3,1.7762,1.7762,4.1157,33,17,5.6963,1.6134,F M S
6164,2025-26,Genoa,35,2262,5,1,6.9092,6.9092,2.1775,65,16,9.6502,2.6485,F M S
6170,2023-24,Torino,14,522,0,0,0.6061,0.6061,0.4123,9,8,2.4252,2.0007,M S
6170,2024-25,Torino,30,1431,3,1,1.8469,1.8469,2.1717,29,21,5.0203,2.3742,M S
6170,2025-26,Torino,29,1778,0,1,0.9364,0.9364,2.6753,27,26,5.6221,4.1167,M S
6189,2023-24,Sassuolo,8,254,0,0,0.2369,0.2369,0.0446,4,2,0.5472,0.2991,D S
6190,2023-24,Roma,1,8,0,0,0.0,0.0,0.0,0,0,0.0,0.0,S
6190,2024-25,Roma,28,1198,2,1,3.0673,3.0673,0.9415,27,10,5.934,3.9243,M S
6190,2025-26,Roma,25,1263,2,4,2.2729,2.2729,2.2182,19,12,6.5563,4.0264,M S
6191,2023-24,Verona,2,88,0,0,0.0283,0.0283,0.0,1,0,0.8645,0.8361,M S
6191,2024-25,Lazio | Verona,28,1849,0,2,0.194,0.194,1.1984,6,16,5.8047,4.6485,M S
6191,2025-26,Lazio,13,601,0,2,0.207,0.207,1.1282,3,6,1.7243,1.4415,M S
6202,2023-24,Bologna,30,2554,1,1,2.6552,2.6552,0.6004,12,7,7.4116,7.2359,D S
6202,2024-25,Bologna,35,3010,0,1,1.6606,1.6606,1.1881,15,10,9.0217,8.6216,D S
6202,2025-26,Napoli,24,1675,2,0,1.7312,1.7312,0.3936,8,6,5.4121,5.1302,D S
6204,2023-24,Frosinone,5,45,0,0,0.0,0.0,0.0,0,0,0.0,0.0,S
6206,2023-24,Bologna,27,1044,5,2,4.7381,4.7381,1.95,28,16,5.7814,1.8029,F M S
6206,2024-25,Bologna,30,992,3,1,2.8819,2.8819,1.5135,21,10,3.6327,1.3714,M S
6206,2025-26,Bologna | Fiorentina,29,1160,2,0,2.6654,2.6654,1.653,22,9,5.0444,1.9828,M S
6207,2023-24,Lecce,30,2132,2,1,2.9668,2.9668,3.025,40,28,6.5891,1.2147,F M S
6207,2024-25,Parma,29,1085,1,1,2.0622,2.0622,1.6867,26,10,5.69,2.2184,D F M S
6207,2025-26,Parma,13,442,0,1,0.3375,0.3375,1.8196,5,9,2.523,0.9908,D M S
6212,2023-24,Udinese,15,383,2,0,0.5559,0.5559,0.0348,6,2,0.9766,0.8069,M S
6212,2024-25,Udinese,22,881,1,0,0.2872,0.2872,0.3233,6,6,2.0175,1.4891,M S
6212,2025-26,Udinese,24,427,0,0,0.5969,0.5969,0.1327,4,2,1.634,1.0193,M S
6215,2023-24,Udinese,37,2624,8,4,9.098,9.098,1.4458,61,20,10.7894,1.7023,F S
6215,2024-25,Udinese,33,2369,12,1,9.2535,8.4922,1.4154,66,14,9.2918,1.9438,F S
6215,2025-26,Napoli,16,381,1,0,1.9075,1.9075,0.664,15,2,3.8791,1.3836,F S
6217,2023-24,Inter,16,880,2,0,0.839,0.839,0.4912,12,1,8.878,8.468,D S
6217,2024-25,Inter,27,1646,3,2,2.454,2.454,1.4669,21,7,9.7531,8.0092,D S
6217,2025-26,Inter,23,1924,3,1,2.8309,2.8309,0.6501,25,8,11.5018,10.4051,D S
6218,2023-24,Cagliari,25,1094,2,1,2.0436,2.0436,0.8277,23,15,4.4236,2.5103,F M S
6218,2024-25,Venezia,37,2353,3,3,5.6927,5.6927,2.3287,44,33,8.7856,2.1292,F M S
6218,2025-26,Parma,20,853,1,0,2.3994,2.3994,0.6013,23,10,3.5321,0.7341,F M S
6219,2023-24,Sassuolo,30,2031,1,0,0.6599,0.6599,0.4137,13,14,6.659,5.7599,M S
6219,2025-26,Sassuolo,2,137,0,0,0.0955,0.0955,0.0386,2,1,0.1647,0.0306,M
6225,2023-24,Bologna,18,520,2,2,0.4724,0.4724,0.9569,2,6,2.4028,1.316,M S
6225,2024-25,Bologna,2,11,0,0,0.0,0.0,0.0,0,0,0.0557,0.0557,S
6229,2023-24,Atalanta,11,369,2,0,1.8828,1.8828,1.0415,12,7,3.5923,0.7911,F S
6238,2023-24,Frosinone,16,1193,0,1,0.2425,0.2425,1.1169,4,10,3.0324,2.3354,D S
6241,2023-24,Frosinone,27,1562,0,0,0.7697,0.7697,3.5164,10,25,4.0847,2.2016,D F M S
6243,2023-24,Frosinone,1,19,0,0,0.0,0.0,0.0,0,0,0.0,0.0,S
6243,2025-26,Cagliari,27,1263,5,1,4.58,4.58,0.8708,30,12,5.7258,2.5947,F S
6244,2023-24,Genoa,6,101,0,0,0.0484,0.0484,0.0,1,0,0.2911,0.2911,D S
6244,2024-25,Genoa,13,888,0,0,0.1579,0.1579,0.2325,4,3,1.3594,1.0877,D S
6245,2023-24,Genoa,20,1183,0,1,0.2211,0.2211,0.4769,5,13,2.252,1.7883,D S
6245,2024-25,Genoa | Parma,22,1499,2,0,1.5824,1.5824,0.1248,6,4,2.4423,2.3866,D S
6246,2023-24,Sassuolo,8,392,0,0,0.1795,0.1795,0.2084,3,3,0.4472,0.2594,M S
6246,2025-26,Sassuolo,24,1011,0,1,0.9188,0.9188,1.1097,12,11,4.8234,3.315,M S
6248,2024-25,Venezia,16,1367,0,0,0.0,0.0,0.0,0,0,0.5519,0.5519,GK
6252,2023-24,Verona,34,2827,5,1,4.3016,4.3016,1.3998,47,18,6.7402,2.4937,F M S
6252,2024-25,Fiorentina | Napoli,20,662,0,0,0.6156,0.6156,0.7538,10,3,3.0495,1.7586,D M S
6252,2025-26,Cagliari,27,2032,2,0,2.9471,2.9471,0.944,36,14,5.2544,2.6885,D F M S
6271,2025-26,Roma,25,958,1,2,0.9577,0.9577,1.774,6,12,5.9169,3.7153,M S
6274,2025-26,Inter,19,462,1,0,0.9449,0.9449,1.7516,10,11,4.3424,1.7893,D M S
6294,2024-25,Fiorentina,9,397,0,0,0.1504,0.1504,0.0,4,0,1.4027,1.3219,M S
6294,2025-26,Fiorentina,33,1875,3,0,2.613,2.613,0.3478,24,7,6.2874,4.3338,M S
6344,2023-24,Inter,23,716,2,5,2.6577,1.8964,4.3035,18,18,8.541,5.7264,F S
6344,2024-25,Udinese,13,435,0,0,1.2309,1.2309,0.1015,7,3,2.6643,1.4354,F S
6398,2023-24,Lazio,28,1061,3,1,1.6455,1.6455,2.6049,23,19,6.7533,3.5159,D F M S
6398,2024-25,Lazio,37,2254,4,2,5.2362,5.2362,3.0842,55,36,12.2001,5.9984,F M S
6398,2025-26,Lazio,30,1606,5,1,5.4085,5.4085,0.8824,48,17,7.8178,2.5441,F S
6403,2023-24,Fiorentina,4,360,0,0,0.0,0.0,0.0,0,0,1.4053,1.4053,GK
6403,2025-26,Fiorentina,1,87,0,0,0.0,0.0,0.0,0,0,0.3862,0.3862,GK
6410,2023-24,Lecce,23,1375,0,0,1.4865,1.4865,0.8268,14,13,5.8881,3.6748,M S
6410,2024-25,Lecce,15,422,0,0,0.6476,0.6476,0.0307,4,1,0.9743,0.8637,M S
6410,2025-26,Lecce,15,614,0,0,0.4404,0.4404,0.219,9,5,1.623,1.1392,M S
6424,2023-24,Cagliari,26,1978,1,1,2.1295,2.1295,0.5821,35,14,4.8932,4.0565,M S
6424,2024-25,Cagliari,12,579,0,0,0.0737,0.0737,0.5022,4,6,1.2199,0.9838,M S
6424,2025-26,Cagliari | Torino,33,1893,1,1,1.6767,1.6767,1.6993,31,13,6.0553,4.2625,M S
6426,2023-24,Sassuolo,28,1580,0,2,0.1501,0.1501,1.4424,3,10,3.2358,2.2975,D S
6426,2024-25,Torino,29,1349,0,0,0.8384,0.8384,0.314,8,7,2.5685,1.5591,D S
6426,2025-26,Torino,29,2148,1,2,1.6248,1.6248,2.8879,15,20,8.2926,4.0228,D M S
6434,2023-24,Juventus,27,923,2,0,1.904,1.904,1.6227,19,18,4.989,2.5735,F S
6434,2024-25,Juventus,35,2414,7,4,4.9149,4.9149,5.6617,61,56,13.799,5.8593,F M S
6434,2025-26,Juventus,36,2877,10,6,8.6272,7.1046,10.8204,97,76,22.734,10.2343,F M S
6435,2023-24,Lecce,35,2401,7,1,12.6029,10.319,2.6957,92,40,13.926,3.3291,F S
6435,2024-25,Lecce,37,3096,11,5,12.1922,9.9083,3.5718,137,30,13.7921,3.1143,F
6435,2025-26,Atalanta,33,1781,10,5,15.675,15.675,3.2306,99,23,19.626,3.1462,F S
6462,2023-24,Udinese,21,1890,0,0,0.0,0.0,0.0,0,0,0.2133,0.2133,GK
6462,2024-25,Udinese,25,2250,0,0,0.0,0.0,0.0,0,0,1.6492,1.6492,GK
6462,2025-26,Udinese,30,2616,0,0,0.0,0.0,0.0714,0,2,1.9903,1.9739,GK
6482,2023-24,Lazio,9,721,0,0,0.0,0.0,0.0,0,0,0.5141,0.5141,GK S
6482,2024-25,Lazio,9,810,0,0,0.0,0.0,0.0,0,0,2.2916,2.2916,GK
6485,2023-24,Udinese,26,2100,0,1,1.3206,1.3206,0.3005,10,4,3.7206,3.5097,D S
6485,2024-25,Udinese,24,1747,1,0,0.9477,0.9477,0.3604,4,4,3.4539,3.367,D S
6485,2025-26,Udinese,28,2482,3,0,1.8785,1.8785,0.2244,11,3,4.5114,4.0951,D
6495,2023-24,Fiorentina,4,37,0,0,0.0,0.0,0.0,0,0,0.4442,0.4442,S
6495,2024-25,Fiorentina,33,2192,1,0,0.4729,0.4729,0.3626,4,6,5.2066,5.1454,D S
6495,2025-26,Fiorentina,27,1697,1,0,0.8149,0.8149,0.0444,10,3,5.9861,5.849,D S
6496,2023-24,Milan,6,61,0,0,0.0,0.0,0.0,0,0,0.1569,0.1569,S
6496,2024-25,Milan,4,115,0,0,0.0303,0.0303,0.1432,1,2,0.9094,0.8432,D S
6496,2025-26,Milan,31,2447,2,0,1.3741,1.3741,3.9136,22,44,9.8075,7.9791,D M S
6506,2023-24,Genoa,3,31,0,0,0.1392,0.1392,0.0,2,0,0.5612,0.4438,S
6506,2025-26,Genoa,1,30,0,0,0.0,0.0,0.0251,0,1,0.0251,0.0,S
6519,2023-24,Milan,2,8,0,0,0.0,0.0,0.0,0,0,0.0,0.0,S
6519,2024-25,Milan,10,194,0,0,0.522,0.522,0.2813,8,5,1.5164,0.8795,F S
6519,2025-26,Lecce,21,671,1,0,2.378,1.6167,0.5864,16,4,1.6625,0.6395,F S
6530,2023-24,Frosinone,6,159,0,0,0.2441,0.2441,0.1188,3,2,2.2412,1.8782,F S
6531,2023-24,Milan,3,64,0,0,0.0,0.0,0.0968,0,1,0.1774,0.1774,S
6531,2024-25,Milan,22,1285,0,1,1.2753,1.2753,1.6894,15,12,7.9444,5.334,D M S
6531,2025-26,Milan,1,42,0,0,0.0,0.0,0.1404,0,2,0.3836,0.2432,S
6537,2024-25,Empoli,33,2560,0,1,0.2619,0.2619,0.3744,6,3,2.41,1.959,D S
6537,2025-26,Udinese,8,418,0,0,0.554,0.554,0.0634,3,2,1.1797,1.1365,D S
6549,2023-24,Lecce,11,175,0,2,0.3271,0.3271,0.8847,7,2,1.4068,0.2904,S
6549,2024-25,Lecce,36,1963,4,2,4.261,4.261,2.8618,32,25,7.3315,1.7949,F M S
6549,2025-26,Lecce,37,2661,1,2,3.7692,3.7692,2.6034,32,22,7.3356,2.3824,F M S
6556,2023-24,Verona,17,1368,5,4,3.636,3.636,1.8713,36,26,7.4125,2.3475,F M
6556,2024-25,Lazio,30,830,2,2,2.6564,2.6564,1.5994,19,12,5.0967,2.308,F M S
6556,2025-26,Lazio,29,1113,4,2,4.3193,4.3193,2.3876,35,17,8.6455,3.1768,F S
6572,2023-24,Bologna,8,229,1,1,0.8369,0.8369,0.3986,7,1,2.0451,1.2478,F S
6572,2024-25,Bologna,36,2313,8,4,8.536,7.7747,3.1317,63,29,12.7684,4.1811,F S
6572,2025-26,Bologna,35,2381,7,2,8.2991,8.2991,2.7326,63,28,10.8685,1.571,F S
6592,2024-25,Monza,9,198,0,0,0.428,0.428,0.3217,5,8,0.8695,0.1913,F S
6593,2023-24,Inter,1,12,0,0,0.0,0.0,0.0874,0,1,0.0874,0.0874,S
6593,2025-26,Pisa,24,1441,0,1,1.1125,1.1125,1.6432,13,16,4.2977,1.7949,M S
6598,2023-24,Cagliari,5,25,1,0,0.051,0.051,0.0,2,0,0.051,0.0,S
6598,2024-25,Cagliari,6,102,0,0,0.2073,0.2073,0.0,4,0,1.0373,0.83,S
6618,2023-24,Verona,1,6,0,0,0.0,0.0,0.0,0,0,0.0,0.0,S
6618,2024-25,Verona,2,5,0,0,0.0393,0.0393,0.0,2,0,0.0192,0.0,S
6629,2024-25,Lazio,20,947,3,1,1.4859,1.4859,0.7894,16,9,3.4042,1.4639,M S
6629,2025-26,Lazio,24,1159,1,0,0.5852,0.5852,1.1201,9,11,6.5922,5.6743,M S
6631,2024-25,Verona,24,2029,0,0,0.5332,0.5332,0.1899,12,6,1.4486,1.2841,D S
6631,2025-26,Roma,23,1070,0,0,0.5609,0.5609,0.4173,3,4,2.8199,2.4925,D S
6632,2024-25,Lecce,24,2148,0,1,0.7674,0.7674,1.0295,16,6,3.6467,3.5604,D
6632,2025-26,Lecce,23,1827,0,0,0.7933,0.7933,0.0,9,0,2.6573,2.6573,D S
6638,2024-25,Napoli,4,133,0,0,0.0964,0.0964,0.0,2,0,0.5633,0.5472,D S
6640,2024-25,Cagliari,20,908,0,3,1.0934,1.0934,1.2247,10,10,3.3921,2.5924,M S
6640,2025-26,Cagliari,12,397,2,1,1.3367,1.3367,0.7565,9,8,2.2656,0.6047,D M S
6641,2024-25,Parma,37,3319,0,0,0.0,0.0,0.0,0,0,5.3997,5.3997,GK
6641,2025-26,Parma,20,1800,0,0,0.0,0.0,0.0257,0,1,0.6844,0.6587,GK
6642,2024-25,Torino,32,2851,2,0,1.9452,1.9452,0.0063,20,1,4.0811,4.0147,D
6642,2025-26,Torino,35,3093,1,1,1.1569,1.1569,0.7588,15,11,6.5949,5.9522,D
6643,2024-25,Bologna,31,1124,3,2,5.5363,5.5363,0.5392,31,12,6.4345,0.6634,F S
6643,2025-26,Bologna,23,785,2,2,3.8861,3.8861,0.7199,24,10,5.5513,1.0567,F S
6646,2024-25,Torino,36,2650,9,3,9.5132,8.7519,2.1833,64,26,12.4174,3.5755,F S
6646,2025-26,Torino,33,1899,6,2,6.6096,6.6096,3.2093,53,25,12.3376,3.9271,F M S
6650,2024-25,Cagliari,7,627,0,0,0.0,0.0,0.0228,0,1,0.1197,0.1197,GK
6660,2024-25,Genoa | Venezia,10,407,0,0,0.566,0.566,0.0,2,0,0.2607,0.2607,D S
6660,2025-26,Genoa,32,2597,0,2,0.2701,0.2701,0.6531,5,10,4.4464,4.0216,D S
6662,2025-26,Parma,17,1530,0,0,0.0,0.0,0.0,0,0,1.6451,1.6451,GK
6663,2024-25,Parma,6,540,0,0,0.1778,0.1778,0.0216,2,1,1.0005,0.9789,D
6663,2025-26,Parma,31,2667,1,0,0.7364,0.7364,0.246,8,9,4.7672,4.2428,D
6664,2024-25,Parma,34,2944,4,0,1.9652,1.9652,1.2807,12,15,8.7768,7.2302,D M S
6664,2025-26,Parma,35,2958,2,0,2.2564,2.2564,0.7835,18,8,4.6741,3.122,D S
6666,2024-25,Parma,21,1464,1,1,1.5122,1.5122,1.6503,27,23,8.4522,6.9691,M S
6666,2025-26,Parma,32,2542,3,1,2.6228,2.6228,4.6414,50,55,8.5337,4.3409,D M S
6669,2024-25,Parma,37,2580,6,4,8.8726,6.5887,4.2702,63,30,11.4941,2.4311,F S
6669,2025-26,Inter,33,1112,5,4,4.5816,4.5816,2.6709,22,17,9.6826,3.2492,F S
6672,2024-25,Venezia,35,3130,1,0,2.1057,2.1057,1.5452,16,8,5.5702,4.6094,D
6672,2025-26,Sassuolo,35,3065,0,0,0.2001,0.2001,0.7444,5,3,5.8689,5.3472,D
6673,2024-25,Venezia,16,1123,1,0,0.2007,0.2007,0.3805,3,2,2.041,1.8272,D S
6675,2024-25,Roma,32,2454,12,2,14.3549,12.8323,2.9209,63,25,14.9344,3.3422,F S
6675,2025-26,Roma,14,364,3,1,3.0978,3.0978,1.2936,12,11,3.8167,0.7824,F S
6677,2024-25,Juventus,6,33,0,0,0.0272,0.0272,0.0,1,0,0.0983,0.071,S
6677,2025-26,Juventus,10,142,1,0,0.227,0.227,0.1823,6,4,0.4783,0.3747,M S
6678,2024-25,Milan,1,63,0,0,0.0684,0.0684,0.0761,2,1,0.3107,0.1809,M
6680,2024-25,Udinese,37,3201,0,3,1.0215,1.0215,1.6783,13,21,8.5393,6.6834,M S
6680,2025-26,Udinese,36,3164,1,0,0.9444,0.9444,0.8987,20,16,7.8527,6.5668,M
6681,2024-25,Venezia,3,145,0,0,0.0342,0.0342,0.0,1,0,0.0629,0.0288,D
6682,2024-25,Monza,9,735,0,0,0.0,0.0,0.0,0,0,0.0293,0.0293,GK S
6684,2024-25,Udinese,34,1884,3,2,3.1339,3.1339,1.6341,26,16,7.974,4.5436,M S
6684,2025-26,Udinese,31,2234,5,3,4.7301,4.7301,2.555,33,27,10.3778,3.8738,F M S
6717,2025-26,Sassuolo,35,2795,6,0,5.0833,5.0833,1.7597,23,23,12.1725,7.8443,M S
6766,2024-25,Juventus,12,1018,0,0,0.6167,0.6167,0.134,7,3,3.0284,2.811,D S
6766,2025-26,Juventus,35,2997,1,1,0.9669,0.9669,1.0618,17,11,12.8487,12.2844,D S
6809,2024-25,Empoli,18,1058,0,0,0.6265,0.6265,0.1537,8,3,1.9465,1.8548,D M S
6809,2025-26,Napoli | Torino,12,688,0,1,0.0295,0.0295,0.9747,2,8,4.4013,3.4262,D S
6814,2024-25,Genoa,14,726,0,0,0.2189,0.2189,0.1128,5,2,1.3187,0.9869,D F M S
6814,2025-26,Genoa,27,2221,2,1,2.007,2.007,1.8841,15,21,7.1482,3.553,D M S
6815,2024-25,Como,28,1652,1,3,1.7973,1.7973,3.3554,28,23,9.1285,4.8411,D M S
6815,2025-26,Sassuolo,28,959,2,1,2.362,2.362,0.8788,13,7,4.0414,1.7655,F S
6821,2024-25,Parma,25,1184,2,0,0.8537,0.8537,0.7658,6,9,2.9905,2.2022,D M S
6822,2024-25,Genoa,24,727,1,1,1.3274,1.3274,1.3739,10,10,2.3449,0.5532,F M S
6822,2025-26,Genoa,30,930,3,0,3.1878,3.1878,0.8694,20,10,4.8473,1.2906,F M S
6826,2024-25,Torino,15,369,1,0,0.3785,0.3785,0.1087,5,3,0.5299,0.2157,D S
6826,2025-26,Torino,2,15,0,0,0.0525,0.0525,0.0,1,0,0.0525,0.0,S
6827,2024-25,Torino,16,361,1,0,1.2352,1.2352,0.5602,9,4,1.7522,0.031,S
6827,2025-26,Torino,15,266,1,1,1.2114,1.2114,0.161,5,3,1.766,0.622,F M S
6831,2024-25,Napoli,28,1268,2,4,2.9943,2.9943,3.3754,29,26,9.53,4.621,F S
6831,2025-26,Napoli,16,932,3,3,1.4846,1.4846,3.7861,17,19,7.3524,3.568,F M S
6833,2024-25,Juventus,23,687,3,3,0.4565,0.4565,1.7539,9,15,3.5779,1.5902,M S
6844,2025-26,Bologna,28,1612,3,2,4.9771,4.9771,2.6997,48,21,8.2326,1.3821,F M S
6867,2024-25,Como,15,1042,0,0,0.3291,0.3291,0.5185,9,11,3.6807,3.0707,D S
6867,2025-26,Como,28,2028,1,4,0.8854,0.8854,1.4774,11,14,8.4397,6.7663,D S
6869,2025-26,Como,32,2744,2,0,5.4724,5.4724,1.0275,39,11,11.1471,10.4251,D S
6875,2024-25,Como,35,2704,6,8,9.9642,9.2029,5.4787,110,54,16.9652,5.5732,F M S
6875,2025-26,Como,35,2905,12,6,8.9021,7.3795,7.0328,121,51,19.7536,8.8728,F M S
6883,2024-25,Lecce,19,1384,0,0,0.0759,0.0759,0.0571,1,1,2.0158,2.0158,D S
6883,2025-26,Lecce,7,180,0,0,0.0,0.0,0.0,0,0,0.0136,0.0136,D S
6884,2024-25,Juventus,26,1320,3,3,3.129,3.129,4.4052,40,28,12.8692,7.6112,F M S
6884,2025-26,Juventus,31,2124,3,5,8.4878,8.4878,4.1634,73,42,18.7402,9.53,D F M S
6889,2024-25,Empoli,22,1127,2,3,0.7893,0.7893,2.2849,23,17,3.6056,0.8866,M S
6889,2025-26,Torino,15,258,0,0,0.6038,0.6038,0.1187,4,3,1.4106,1.0755,M S
6890,2024-25,Fiorentina,4,144,0,0,0.0,0.0,0.0448,0,2,0.0614,0.0374,D S
6892,2024-25,Venezia,16,1124,0,0,0.0,0.0,0.0966,0,3,0.4356,0.416,D S
6893,2024-25,Como,31,2622,0,0,1.457,1.457,1.5637,20,10,10.1188,9.9707,D M S
6893,2025-26,Como,34,2317,4,1,3.283,3.283,1.0999,22,8,8.623,8.4817,D S
6895,2024-25,Bologna,24,1309,3,2,2.4307,2.4307,0.732,30,10,6.1429,3.6524,F M S
6895,2025-26,Bologna,15,553,0,3,0.6472,0.6472,0.2638,12,7,2.3465,1.5743,M S
6896,2024-25,Como,20,1256,0,1,0.5744,0.5744,0.4267,7,10,2.9767,2.4431,D S
6896,2025-26,Como,20,915,0,1,0.163,0.163,0.8157,3,5,4.3708,4.0914,D S
6898,2024-25,Parma,30,1852,0,2,0.0985,0.0985,1.208,5,16,6.0919,5.1326,M S
6898,2025-26,Parma,37,3016,1,1,0.484,0.484,0.2839,16,11,2.9601,2.3855,M S
6904,2024-25,Venezia,33,1198,1,1,2.5315,2.5315,2.9614,30,20,6.8712,2.029,F M S
6908,2024-25,Udinese,27,1223,0,1,1.5435,1.5435,1.7459,26,18,4.8843,2.5245,M S
6908,2025-26,Udinese,32,2575,5,3,4.2349,4.2349,3.2536,57,34,14.4519,8.2052,F M S
6916,2024-25,Genoa,6,263,0,0,0.6984,0.6984,0.0649,3,2,0.5304,0.0726,D M S
6916,2025-26,Atalanta,22,1368,0,0,2.3819,2.3819,0.1238,13,2,3.2898,2.9145,D S
6917,2024-25,Genoa,26,1528,1,0,0.4354,0.4354,0.2545,8,6,3.3008,3.0459,M S
6917,2025-26,Genoa,28,1379,0,1,2.0301,2.0301,1.238,18,9,4.9571,2.6701,M S
6925,2024-25,Udinese,1,2,0,0,0.0,0.0,0.0,0,0,0.0,0.0,S
6925,2025-26,Udinese,5,109,0,0,0.0,0.0,0.0,0,0,0.2005,0.2005,D S
6956,2024-25,Udinese,19,1676,1,2,0.8947,0.8947,1.2163,12,18,3.9687,3.1539,D
6956,2025-26,Udinese,35,2962,3,1,2.8993,2.138,2.2997,33,21,10.7446,9.3519,D S
6966,2024-25,Como,19,1663,0,0,0.0,0.0,0.0309,0,1,2.4075,2.3766,GK S
6966,2025-26,Como,38,3420,0,1,0.0,0.0,0.4512,0,3,8.1695,7.7183,GK
6967,2024-25,Como,15,1268,8,1,3.5163,3.5163,0.7812,28,8,7.2482,3.6591,F M S
6967,2025-26,Como,17,1098,2,1,3.1756,3.1756,1.6824,31,9,6.4364,1.8002,M S
6977,2024-25,Genoa,3,183,0,0,0.0,0.0,0.0,0,0,0.076,0.076,D
6977,2025-26,Genoa,13,829,0,0,0.0836,0.0836,0.0,3,0,0.6105,0.6105,D S
6980,2024-25,Genoa,6,149,2,0,1.1553,1.1553,0.1815,4,3,1.3505,0.0496,M S
6980,2025-26,Genoa | Roma,12,224,0,0,0.3035,0.3035,0.8655,5,7,1.4495,0.4312,M S
6981,2025-26,Roma,12,184,1,0,0.6553,0.6553,0.0,5,0,0.7227,0.1572,S
6984,2024-25,Parma,12,408,5,0,1.353,1.353,1.1569,14,8,2.6189,1.2011,M S
6984,2025-26,Parma,16,768,0,0,1.4231,1.4231,0.4259,20,5,2.7515,1.0622,F M S
6985,2024-25,Venezia,17,1530,1,1,0.8237,0.8237,0.804,5,4,2.1585,1.4531,D
6985,2025-26,Sassuolo,12,509,0,0,0.1701,0.1701,0.0115,3,1,0.5958,0.4142,D S
6986,2024-25,Roma,14,458,0,1,0.6234,0.6234,0.7634,3,2,2.3204,2.1855,D S
6986,2025-26,Roma,24,1180,1,4,0.5695,0.5695,2.7164,6,10,4.8665,3.605,D M S
6989,2024-25,Lecce,2,92,0,0,0.0,0.0,0.0,0,0,0.0453,0.0453,S
6989,2025-26,Lecce,37,3223,2,0,3.9837,3.9837,0.0281,20,2,2.5175,2.4254,D S
6990,2024-25,Lecce,13,332,0,0,0.722,0.722,0.329,5,6,1.6651,0.8139,D S
6990,2025-26,Lecce,36,3026,0,1,0.2587,0.2587,1.4321,6,20,4.8348,3.6639,D S
6994,2024-25,Venezia,16,1130,1,0,1.3554,1.3554,1.0465,13,18,3.3956,1.4249,M S
7001,2024-25,Lecce,11,285,0,0,0.4773,0.4773,0.1473,9,6,0.5177,0.1157,M S
7001,2025-26,Lecce,27,474,2,0,0.7121,0.7121,0.7715,19,4,1.867,0.8636,M S
7008,2024-25,Milan,14,665,5,2,4.4601,3.6988,1.6852,23,6,5.8868,1.0302,F S
7008,2025-26,Milan,16,905,0,1,3.7895,3.7895,0.5481,27,4,4.3117,1.1985,F S
7012,2024-25,Lazio,2,27,0,0,0.0,0.0,0.0,0,0,0.0366,0.0366,S
7012,2025-26,Lazio,26,1515,0,0,0.6659,0.6659,0.6628,6,4,4.6583,4.085,D S
7014,2024-25,Como,9,627,0,0,0.7791,0.7791,0.1208,7,2,1.1278,0.9111,D S
7014,2025-26,Como,28,1685,0,1,1.1305,1.1305,1.4588,12,14,5.3495,4.8472,D S
7017,2024-25,Como,13,587,2,2,3.1398,3.1398,1.3894,14,8,5.0493,1.4315,F S
7017,2025-26,Como,38,2279,14,1,15.1707,14.4094,2.242,65,24,18.0618,3.2304,F S
7036,2025-26,Sassuolo,6,116,0,1,0.1267,0.1267,0.4741,3,3,1.2305,0.6297,M S
7060,2024-25,Torino,2,21,0,0,0.0,0.0,0.0,0,0,0.2962,0.2962,S
7068,2025-26,Bologna,19,1320,0,0,0.738,0.738,0.1709,8,3,1.804,1.5788,D S
7069,2025-26,Fiorentina,16,488,0,0,0.2287,0.2287,0.4631,8,4,1.3272,0.7595,D S
7070,2025-26,Inter,34,1763,2,2,2.1819,2.1819,4.041,22,29,15.2084,10.9277,M S
7071,2025-26,Inter,35,1535,7,3,9.8645,9.8645,2.0567,57,21,13.5007,3.5961,F S
7120,2025-26,Napoli,18,645,1,2,1.3652,1.3652,1.975,9,14,4.1738,2.764,F M S
7125,2025-26,Cagliari,23,737,2,0,0.789,0.789,0.2484,6,6,3.7341,3.2927,D S
7126,2025-26,Como,29,1579,6,3,1.9011,1.9011,6.6961,28,61,11.8592,7.0638,F M S
7127,2025-26,Como,12,688,3,0,1.5145,1.5145,1.0215,13,7,3.7352,1.3606,M S
7128,2025-26,Como,23,643,1,1,0.9032,0.9032,1.4387,8,11,4.0391,1.8611,M S
7129,2025-26,Como,31,1728,2,9,3.9215,3.9215,6.9713,45,36,13.897,4.4757,F M S
7131,2025-26,Cremonese,28,1156,0,1,0.2002,0.2002,1.3023,5,9,1.9744,1.199,D M S
7138,2025-26,Parma,28,1076,1,0,0.4495,0.4495,0.2705,10,6,1.8653,1.4927,M S
7146,2025-26,Pisa,32,2283,1,0,2.9979,2.9979,3.5666,28,20,7.3135,3.0379,D M S
7154,2025-26,Sassuolo,1,1,0,0,0.0,0.0,0.0,0,0,0.0,0.0,S
7157,2025-26,Sassuolo,15,230,1,0,0.7572,0.7572,0.0,3,0,0.8943,0.1371,M S
7158,2025-26,Sassuolo,14,181,0,0,0.8333,0.8333,0.2612,6,1,1.2078,0.1255,F S
7161,2025-26,Udinese,15,432,0,2,1.3256,1.3256,0.731,14,3,1.7772,0.3395,F S
7162,2025-26,Napoli | Verona,33,1873,3,5,4.2693,4.2693,4.3574,56,32,8.811,2.3908,F M S
7164,2025-26,Lecce,1,31,0,0,0.0,0.0,0.0138,0,1,0.0263,0.0124,D
7165,2025-26,Cagliari,4,277,0,0,0.0,0.0,0.0,0,0,0.154,0.154,M
7172,2025-26,Bologna,4,353,0,0,0.0,0.0,0.0,0,0,0.3043,0.3043,GK S
7175,2025-26,Bologna | Juventus,20,1003,1,0,0.2812,0.2812,0.7328,7,8,3.5708,2.7405,D S
7181,2025-26,Roma,30,2474,5,0,2.4843,2.4843,5.3521,25,33,14.1413,7.724,D M S
7182,2025-26,Lecce,14,533,0,0,0.1294,0.1294,0.0512,2,2,0.6001,0.5618,D S
7183,2025-26,Torino,15,500,0,0,0.4122,0.4122,0.5976,7,3,1.3414,0.4527,D M S
7198,2025-26,Udinese,33,1702,1,1,3.2054,3.2054,0.7784,36,12,6.5128,3.213,M S
7202,2025-26,Parma,11,786,0,0,0.3604,0.3604,0.0226,6,1,2.3115,2.2722,D S
7203,2025-26,Milan,14,703,0,1,0.2435,0.2435,1.1304,7,9,3.5846,2.4458,M S
7208,2025-26,Udinese,24,985,0,2,0.3062,0.3062,1.3455,9,13,2.4091,1.2458,M S
7209,2025-26,Parma,34,1834,1,1,2.0451,2.0451,0.7403,15,9,5.0425,3.4158,D M S
7211,2025-26,Milan,27,804,2,2,0.3818,0.3818,1.5629,13,12,4.8328,3.5311,D S
7212,2025-26,Bologna,27,2109,0,0,1.0151,1.0151,0.0509,11,2,4.1579,4.1459,D S
7219,2025-26,Atalanta,23,1570,0,3,0.4186,0.4186,3.1461,9,27,7.7642,6.4738,D M S
7220,2025-26,Verona,26,1935,2,0,2.6008,2.6008,2.21,21,28,6.7007,2.8434,D M S
7223,2025-26,Napoli,12,625,1,2,0.7056,0.7056,0.8353,10,11,2.6104,1.2568,M S
7235,2025-26,Parma,21,1631,1,0,0.9772,0.9772,0.6567,9,7,2.2315,1.7643,D S
7238,2025-26,Fiorentina,3,62,0,0,0.0,0.0,0.0108,0,1,0.0972,0.0864,S
7240,2025-26,Lecce,21,1701,1,0,0.4798,0.4798,0.3155,6,3,2.341,1.9713,D S
7248,2025-26,Lecce,2,27,0,0,0.0,0.0,0.0,0,0,0.3341,0.3341,S
7249,2025-26,Udinese,25,886,3,0,2.7839,2.7839,0.9993,12,11,3.9164,0.5736,F S
7252,2025-26,Lecce,34,1713,4,0,5.4713,4.71,2.1005,33,20,6.2662,1.3461,F S
7253,2025-26,Verona,19,1347,0,0,0.0762,0.0762,0.0467,3,1,2.4116,2.3733,D S
7255,2025-26,Parma,29,2103,0,2,0.41,0.41,2.035,13,17,4.0718,1.8429,D M S
7260,2025-26,Roma,18,500,0,0,0.141,0.141,0.0413,2,1,0.8011,0.8011,D S
7268,2025-26,Cagliari,17,1327,1,0,1.1984,1.1984,0.0,3,0,2.5587,2.5306,D S
7272,2025-26,Udinese,19,368,1,0,2.2641,2.2641,0.157,20,4,3.5067,1.6756,F S
7274,2025-26,Cagliari,23,1723,0,1,0.745,0.745,0.4578,7,3,3.504,3.0286,D S
7276,2025-26,Parma,8,122,0,0,0.0181,0.0181,0.013,1,1,0.0418,0.0288,M S
7311,2025-26,Roma,2,5,0,0,0.0,0.0,0.0,0,0,0.5332,0.5332,S
7312,2025-26,Udinese,10,173,0,0,0.0271,0.0271,0.135,1,1,0.5363,0.3741,D S
7313,2025-26,Lazio,8,228,0,0,0.5318,0.5318,0.0181,6,1,0.4372,0.0189,F S
7314,2025-26,Lazio,17,1418,3,2,2.0894,2.0894,1.0836,16,13,4.5469,2.6423,M
7317,2025-26,Cagliari,8,68,1,0,0.598,0.598,0.1456,7,2,0.6775,0.0,S
7318,2025-26,Lecce,19,971,2,1,1.7339,1.7339,1.121,10,7,3.1843,1.0364,M S
7319,2025-26,Lecce,5,80,0,0,0.1006,0.1006,0.1806,2,2,0.2812,0.0,M S
7322,2025-26,Lecce,15,847,0,0,0.2408,0.2408,0.1908,5,4,1.0601,0.8157,M S
7326,2025-26,Bologna,6,497,0,0,0.0997,0.0997,0.1499,1,3,0.8593,0.7094,D
7329,2025-26,Torino,16,1135,1,3,0.1724,0.1724,1.0564,7,11,2.8037,2.079,D M S
7332,2025-26,Genoa,16,1399,0,0,0.0,0.0,0.0,0,0,1.8982,1.8982,GK
7337,2025-26,Lazio,9,810,0,0,0.0,0.0,0.0461,0,1,1.6419,1.6419,GK
7338,2025-26,Cagliari,2,23,0,0,0.0,0.0,0.0,0,0,0.078,0.078,S
7341,2025-26,Genoa,11,554,0,0,0.1271,0.1271,0.7568,2,11,1.3446,0.7348,M S
7342,2025-26,Parma,9,297,2,1,2.3499,2.3499,0.3569,6,4,2.4368,0.1902,F S
7345,2025-26,Lazio,1,7,0,0,0.0196,0.0196,0.0,1,0,0.0196,0.0,S
7346,2025-26,Cagliari,1,4,0,0,0.0,0.0,0.0,0,0,0.0237,0.0237,S
7347,2025-26,Verona,14,1211,4,0,4.0993,4.0993,0.4409,33,12,5.1178,0.8251,F
7349,2025-26,Torino,13,284,0,1,0.8516,0.8516,0.3413,5,5,1.3058,0.2139,F S
7351,2025-26,Napoli,14,836,4,0,1.5114,1.5114,1.6119,29,14,5.0846,2.7119,F M S
7356,2025-26,Udinese,7,159,0,0,0.0,0.0,0.0535,0,1,0.0413,0.0413,D S
7374,2025-26,Cagliari,9,326,2,0,2.389,2.389,0.2572,15,6,2.7216,0.8245,F S
7392,2025-26,Udinese,1,9,0,0,0.0,0.0,0.043,0,1,0.0384,0.0384,S
7396,2025-26,Sassuolo,1,90,0,0,0.4983,0.4983,0.0,1,0,0.0,0.0,D
7477,2023-24,Monza,25,1351,4,1,4.1946,4.1946,0.4335,37,8,6.4604,1.997,F S
7477,2024-25,Empoli,37,2254,6,2,6.4886,5.7273,2.6644,56,21,12.3871,4.7159,F M S
7477,2025-26,Genoa,38,2373,7,1,9.3957,7.8731,1.872,66,19,10.4239,3.2527,F S
7554,2023-24,Milan,4,72,0,0,0.1344,0.1344,0.0,1,0,0.6175,0.4832,S
