giornata,data,casa,trasferta
1,2026-08-23,Atalanta,Sassuolo
1,2026-08-24,Bologna,Lazio
1,2026-08-23,Frosinone,Juventus
1,2026-08-22,Genoa,Napoli
1,2026-08-22,Inter,Monza
1,2026-08-22,Parma,Cagliari
1,2026-08-24,Roma,Fiorentina
1,2026-08-23,Torino,Milan
1,2026-08-22,Udinese,Como
1,2026-08-23,Venezia,Lecce
2,2026-08-31,Atalanta,Bologna
2,2026-08-30,Cagliari,Inter
2,2026-08-29,Fiorentina,Frosinone
2,2026-08-29,Juventus,Parma
2,2026-08-30,Lazio,Genoa
2,2026-08-31,Lecce,Roma
2,2026-08-28,Milan,Venezia
2,2026-08-29,Monza,Udinese
2,2026-08-30,Napoli,Como
2,2026-08-29,Sassuolo,Torino
3,2026-09-06,Bologna,Sassuolo
3,2026-09-07,Cagliari,Lecce
3,2026-09-05,Fiorentina,Torino
3,2026-09-06,Frosinone,Venezia
3,2026-09-04,Genoa,Como
3,2026-09-05,Inter,Napoli
3,2026-09-06,Juventus,Milan
3,2026-09-06,Parma,Monza
3,2026-09-05,Roma,Atalanta
3,2026-09-07,Udinese,Lazio
4,2026-09-12,Atalanta,Cagliari
4,2026-09-13,Como,Parma
4,2026-09-12,Genoa,Frosinone
4,2026-09-14,Inter,Udinese
4,2026-09-13,Lazio,Milan
4,2026-09-13,Lecce,Monza
4,2026-09-13,Napoli,Bologna
4,2026-09-12,Sassuolo,Juventus
4,2026-09-13,Torino,Roma
4,2026-09-11,Venezia,Fiorentina
5,2026-09-19,Bologna,Torino
5,2026-09-20,Fiorentina,Napoli
5,2026-09-20,Frosinone,Como
5,2026-09-20,Juventus,Atalanta
5,2026-09-20,Milan,Lecce
5,2026-09-18,Monza,Sassuolo
5,2026-09-20,Parma,Genoa
5,2026-09-19,Roma,Inter
5,2026-09-19,Udinese,Cagliari
5,2026-09-19,Venezia,Lazio
6,2026-10-10,Atalanta,Venezia
6,2026-10-10,Cagliari,Juventus
6,2026-10-10,Como,Roma
6,2026-10-10,Genoa,Fiorentina
6,2026-10-10,Inter,Parma
6,2026-10-10,Lazio,Monza
6,2026-10-10,Lecce,Bologna
6,2026-10-10,Napoli,Frosinone
6,2026-10-10,Sassuolo,Milan
6,2026-10-10,Torino,Udinese
7,2026-10-17,Bologna,Inter
7,2026-10-17,Fiorentina,Como
7,2026-10-17,Frosinone,Sassuolo
7,2026-10-17,Juventus,Lazio
7,2026-10-17,Milan,Atalanta
7,2026-10-17,Monza,Cagliari
7,2026-10-17,Parma,Torino
7,2026-10-17,Roma,Genoa
7,2026-10-17,Udinese,Lecce
7,2026-10-17,Venezia,Napoli
8,2026-10-24,Atalanta,Frosinone
8,2026-10-24,Cagliari,Bologna
8,2026-10-24,Como,Sassuolo
8,2026-10-24,Genoa,Venezia
8,2026-10-24,Inter,Fiorentina
8,2026-10-24,Lazio,Parma
8,2026-10-24,Lecce,Juventus
8,2026-10-24,Napoli,Roma
8,2026-10-24,Torino,Monza
8,2026-10-24,Udinese,Milan
9,2026-10-27,Fiorentina,Atalanta
9,2026-10-27,Frosinone,Lecce
9,2026-10-27,Genoa,Juventus
9,2026-10-27,Milan,Bologna
9,2026-10-27,Monza,Napoli
9,2026-10-27,Parma,Udinese
9,2026-10-27,Roma,Cagliari
9,2026-10-27,Sassuolo,Lazio
9,2026-10-27,Torino,Como
9,2026-10-27,Venezia,Inter
10,2026-10-31,Atalanta,Parma
10,2026-10-31,Bologna,Monza
10,2026-10-31,Como,Venezia
10,2026-10-31,Frosinone,Torino
10,2026-10-31,Juventus,Napoli
10,2026-10-31,Lazio,Cagliari
10,2026-10-31,Lecce,Genoa
10,2026-10-31,Milan,Inter
10,2026-10-31,Sassuolo,Fiorentina
10,2026-10-31,Udinese,Roma
11,2026-11-07,Cagliari,Frosinone
11,2026-11-07,Fiorentina,Juventus
11,2026-11-07,Genoa,Milan
11,2026-11-07,Inter,Como
11,2026-11-07,Monza,Atalanta
11,2026-11-07,Napoli,Lazio
11,2026-11-07,Parma,Bologna
11,2026-11-07,Roma,Sassuolo
11,2026-11-07,Torino,Lecce
11,2026-11-07,Venezia,Udinese
12,2026-11-21,Atalanta,Inter
12,2026-11-21,Bologna,Udinese
12,2026-11-21,Como,Cagliari
12,2026-11-21,Juventus,Venezia
12,2026-11-21,Lazio,Lecce
12,2026-11-21,Milan,Frosinone
12,2026-11-21,Monza,Fiorentina
12,2026-11-21,Napoli,Torino
12,2026-11-21,Parma,Roma
12,2026-11-21,Sassuolo,Genoa
13,2026-11-28,Cagliari,Milan
13,2026-11-28,Como,Juventus
13,2026-11-28,Frosinone,Parma
13,2026-11-28,Inter,Genoa
13,2026-11-28,Lecce,Atalanta
13,2026-11-28,Roma,Monza
13,2026-11-28,Sassuolo,Napoli
13,2026-11-28,Torino,Lazio
13,2026-11-28,Udinese,Fiorentina
13,2026-11-28,Venezia,Bologna
14,2026-12-05,Bologna,Roma
14,2026-12-05,Fiorentina,Cagliari
14,2026-12-05,Frosinone,Inter
14,2026-12-05,Genoa,Torino
14,2026-12-05,Juventus,Udinese
14,2026-12-05,Lazio,Atalanta
14,2026-12-05,Milan,Parma
14,2026-12-05,Monza,Como
14,2026-12-05,Napoli,Lecce
14,2026-12-05,Venezia,Sassuolo
15,2026-12-12,Atalanta,Genoa
15,2026-12-12,Cagliari,Venezia
15,2026-12-12,Como,Bologna
15,2026-12-12,Inter,Torino
15,2026-12-12,Juventus,Monza
15,2026-12-12,Lazio,Roma
15,2026-12-12,Lecce,Sassuolo
15,2026-12-12,Napoli,Milan
15,2026-12-12,Parma,Fiorentina
15,2026-12-12,Udinese,Frosinone
16,2026-12-19,Atalanta,Napoli
16,2026-12-19,Fiorentina,Bologna
16,2026-12-19,Frosinone,Lazio
16,2026-12-19,Genoa,Udinese
16,2026-12-19,Lecce,Inter
16,2026-12-19,Milan,Como
16,2026-12-19,Roma,Juventus
16,2026-12-19,Sassuolo,Parma
16,2026-12-19,Torino,Cagliari
16,2026-12-19,Venezia,Monza
17,2027-01-02,Bologna,Juventus
17,2027-01-02,Cagliari,Genoa
17,2027-01-02,Como,Lecce
17,2027-01-02,Fiorentina,Lazio
17,2027-01-02,Inter,Sassuolo
17,2027-01-02,Monza,Milan
17,2027-01-02,Parma,Napoli
17,2027-01-02,Roma,Frosinone
17,2027-01-02,Torino,Venezia
17,2027-01-02,Udinese,Atalanta
18,2027-01-05,Atalanta,Como
18,2027-01-05,Frosinone,Bologna
18,2027-01-05,Genoa,Monza
18,2027-01-05,Juventus,Torino
18,2027-01-05,Lazio,Inter
18,2027-01-05,Lecce,Parma
18,2027-01-05,Milan,Fiorentina
18,2027-01-05,Napoli,Cagliari
18,2027-01-05,Sassuolo,Udinese
18,2027-01-05,Venezia,Roma
19,2027-01-09,Bologna,Genoa
19,2027-01-09,Cagliari,Sassuolo
19,2027-01-09,Como,Lazio
19,2027-01-09,Fiorentina,Lecce
19,2027-01-09,Inter,Juventus
19,2027-01-09,Monza,Frosinone
19,2027-01-09,Parma,Venezia
19,2027-01-09,Roma,Milan
19,2027-01-09,Torino,Atalanta
19,2027-01-09,Udinese,Napoli
20,2027-01-16,Atalanta,Roma
20,2027-01-16,Cagliari,Como
20,2027-01-16,Juventus,Genoa
20,2027-01-16,Lazio,Bologna
20,2027-01-16,Lecce,Udinese
20,2027-01-16,Milan,Torino
20,2027-01-16,Napoli,Fiorentina
20,2027-01-16,Parma,Inter
20,2027-01-16,Sassuolo,Monza
20,2027-01-16,Venezia,Frosinone
21,2027-01-23,Bologna,Atalanta
21,2027-01-23,Como,Napoli
21,2027-01-23,Fiorentina,Sassuolo
21,2027-01-23,Frosinone,Milan
21,2027-01-23,Genoa,Parma
21,2027-01-23,Inter,Venezia
21,2027-01-23,Juventus,Cagliari
21,2027-01-23,Lecce,Torino
21,2027-01-23,Monza,Lazio
21,2027-01-23,Roma,Udinese
22,2027-01-30,Atalanta,Fiorentina
22,2027-01-30,Cagliari,Parma
22,2027-01-30,Genoa,Lecce
22,2027-01-30,Lazio,Venezia
22,2027-01-30,Milan,Juventus
22,2027-01-30,Monza,Roma
22,2027-01-30,Napoli,Inter
22,2027-01-30,Sassuolo,Como
22,2027-01-30,Torino,Frosinone
22,2027-01-30,Udinese,Bologna
23,2027-02-06,Atalanta,Lazio
23,2027-02-06,Bologna,Milan
23,2027-02-06,Como,Monza
23,2027-02-06,Fiorentina,Udinese
23,2027-02-06,Inter,Cagliari
23,2027-02-06,Juventus,Sassuolo
23,2027-02-06,Lecce,Napoli
23,2027-02-06,Parma,Frosinone
23,2027-02-06,Roma,Torino
23,2027-02-06,Venezia,Genoa
24,2027-02-13,Bologna,Como
24,2027-02-13,Cagliari,Lazio
24,2027-02-13,Frosinone,Fiorentina
24,2027-02-13,Genoa,Atalanta
24,2027-02-13,Inter,Milan
24,2027-02-13,Monza,Lecce
24,2027-02-13,Napoli,Juventus
24,2027-02-13,Roma,Parma
24,2027-02-13,Torino,Sassuolo
24,2027-02-13,Udinese,Venezia
25,2027-02-20,Atalanta,Monza
25,2027-02-20,Como,Torino
25,2027-02-20,Fiorentina,Inter
25,2027-02-20,Juventus,Bologna
25,2027-02-20,Lazio,Napoli
25,2027-02-20,Lecce,Frosinone
25,2027-02-20,Milan,Genoa
25,2027-02-20,Sassuolo,Roma
25,2027-02-20,Udinese,Parma
25,2027-02-20,Venezia,Cagliari
26,2027-02-27,Bologna,Lecce
26,2027-02-27,Cagliari,Udinese
26,2027-02-27,Como,Milan
26,2027-02-27,Frosinone,Napoli
26,2027-02-27,Genoa,Lazio
26,2027-02-27,Inter,Atalanta
26,2027-02-27,Monza,Juventus
26,2027-02-27,Parma,Sassuolo
26,2027-02-27,Roma,Venezia
26,2027-02-27,Torino,Fiorentina
27,2027-03-06,Atalanta,Torino
27,2027-03-06,Fiorentina,Venezia
27,2027-03-06,Juventus,Roma
27,2027-03-06,Lazio,Frosinone
27,2027-03-06,Lecce,Como
27,2027-03-06,Milan,Cagliari
27,2027-03-06,Monza,Genoa
27,2027-03-06,Napoli,Parma
27,2027-03-06,Sassuolo,Bologna
27,2027-03-06,Udinese,Inter
28,2027-03-13,Bologna,Napoli
28,2027-03-13,Cagliari,Fiorentina
28,2027-03-13,Como,Udinese
28,2027-03-13,Frosinone,Monza
28,2027-03-13,Genoa,Roma
28,2027-03-13,Lazio,Juventus
28,2027-03-13,Milan,Sassuolo
28,2027-03-13,Parma,Lecce
28,2027-03-13,Torino,Inter
28,2027-03-13,Venezia,Atalanta
29,2027-03-20,Atalanta,Milan
29,2027-03-20,Fiorentina,Genoa
29,2027-03-20,Inter,Frosinone
29,2027-03-20,Juventus,Como
29,2027-03-20,Monza,Bologna
29,2027-03-20,Napoli,Venezia
29,2027-03-20,Parma,Lazio
29,2027-03-20,Roma,Lecce
29,2027-03-20,Sassuolo,Cagliari
29,2027-03-20,Udinese,Torino
30,2027-04-03,Cagliari,Napoli
30,2027-04-03,Como,Fiorentina
30,2027-04-03,Frosinone,Udinese
30,2027-04-03,Genoa,Inter
30,2027-04-03,Lecce,Lazio
30,2027-04-03,Milan,Monza
30,2027-04-03,Roma,Bologna
30,2027-04-03,Sassuolo,Atalanta
30,2027-04-03,Torino,Juventus
30,2027-04-03,Venezia,Parma
31,2027-04-10,Bologna,Venezia
31,2027-04-10,Cagliari,Atalanta
31,2027-04-10,Fiorentina,Milan
31,2027-04-10,Frosinone,Genoa
31,2027-04-10,Inter,Roma
31,2027-04-10,Juventus,Lecce
31,2027-04-10,Lazio,Torino
31,2027-04-10,Napoli,Sassuolo
31,2027-04-10,Parma,Como
31,2027-04-10,Udinese,Monza
32,2027-04-17,Atalanta,Udinese
32,2027-04-17,Bologna,Cagliari
32,2027-04-17,Como,Frosinone
32,2027-04-17,Fiorentina,Parma
32,2027-04-17,Milan,Napoli
32,2027-04-17,Monza,Inter
32,2027-04-17,Roma,Lazio
32,2027-04-17,Sassuolo,Lecce
32,2027-04-17,Torino,Genoa
32,2027-04-17,Venezia,Juventus
33,2027-04-24,Cagliari,Monza
33,2027-04-24,Frosinone,Roma
33,2027-04-24,Genoa,Sassuolo
33,2027-04-24,Inter,Bologna
33,2027-04-24,Juventus,Fiorentina
33,2027-04-24,Lazio,Como
33,2027-04-24,Lecce,Milan
33,2027-04-24,Napoli,Udinese
33,2027-04-24,Parma,Atalanta
33,2027-04-24,Venezia,Torino
34,2027-05-01,Atalanta,Juventus
34,2027-05-01,Bologna,Fiorentina
34,2027-05-01,Como,Inter
34,2027-05-01,Lecce,Cagliari
34,2027-05-01,Milan,Lazio
34,2027-05-01,Monza,Venezia
34,2027-05-01,Roma,Napoli
34,2027-05-01,Sassuolo,Frosinone
34,2027-05-01,Torino,Parma
34,2027-05-01,Udinese,Genoa
35,2027-05-08,Fiorentina,Roma
35,2027-05-08,Frosinone,Atalanta
35,2027-05-08,Genoa,Cagliari
35,2027-05-08,Inter,Lecce
35,2027-05-08,Lazio,Sassuolo
35,2027-05-08,Napoli,Monza
35,2027-05-08,Parma,Milan
35,2027-05-08,Torino,Bologna
35,2027-05-08,Udinese,Juventus
35,2027-05-08,Venezia,Como
36,2027-05-15,Bologna,Frosinone
36,2027-05-15,Cagliari,Torino
36,2027-05-15,Como,Atalanta
36,2027-05-15,Juventus,Inter
36,2027-05-15,Lazio,Udinese
36,2027-05-15,Lecce,Fiorentina
36,2027-05-15,Milan,Roma
36,2027-05-15,Monza,Parma
36,2027-05-15,Napoli,Genoa
36,2027-05-15,Sassuolo,Venezia
37,2027-05-22,Atalanta,Lecce
37,2027-05-22,Fiorentina,Monza
37,2027-05-22,Frosinone,Cagliari
37,2027-05-22,Genoa,Bologna
37,2027-05-22,Inter,Lazio
37,2027-05-22,Parma,Juventus
37,2027-05-22,Roma,Como
37,2027-05-22,Torino,Napoli
37,2027-05-22,Udinese,Sassuolo
37,2027-05-22,Venezia,Milan
38,2027-05-29,Bologna,Parma
38,2027-05-29,Cagliari,Roma
38,2027-05-29,Como,Genoa
38,2027-05-29,Juventus,Frosinone
38,2027-05-29,Lazio,Fiorentina
38,2027-05-29,Lecce,Venezia
38,2027-05-29,Milan,Udinese
38,2027-05-29,Monza,Torino
38,2027-05-29,Napoli,Atalanta
38,2027-05-29,Sassuolo,Inter
