id,titolarita,quota_minuti_2025_26,ballottaggio_con,rigorista,fonte_rigorista,calci_piazzati,corner,stato,rientro_stimato,fascia,nota_listone,consiglio_sos,accoppiata
3,,,,0,derivato_da_rigori_calciati_2025-26,,,,,R,,,Atalanta Fiorentina Venezia
4,,0.026,,0,derivato_da_rigori_calciati_2025-26,,,,,R,,,Frosinone Bologna Cagliari
22,,0.795,,0,derivato_da_rigori_calciati_2025-26,,,,,,Cartellini,Affidabile,Lazio Napoli Juventus
133,,0.466,,0,derivato_da_rigori_calciati_2025-26,,,,,2° Fascia A,mod.,pararigori,Atalanta Lecce Napoli
152,,0.599,,2,derivato_da_rigori_calciati_2025-26,,,,,Semi-Top,Bonus,Rigorista,Milan Sassuolo Juventus
158,,0.001,,0,derivato_da_rigori_calciati_2025-26,,,,,R,,,Cagliari Como Lazio
184,,0.35,,2,derivato_da_rigori_calciati_2025-26,,,,,Terza,Bonus,Infortuni,Atalanta Lecce Napoli
218,,0.224,,0,derivato_da_rigori_calciati_2025-26,,,,,,aggiunto dal listone ufficiale del 7 settembre 2026,,
219,,0.051,,0,derivato_da_rigori_calciati_2025-26,,,,,R,,,Juventus Bologna Como
252,,0.145,,0,derivato_da_rigori_calciati_2025-26,,,,,,,,Juventus Lazio Lecce
254,,0.792,,0,derivato_da_rigori_calciati_2025-26,,,,,Top,Mod.,Calci Piazzati,Milan Sassuolo Juventus
256,,0.488,,0,derivato_da_rigori_calciati_2025-26,,,,,titolare,Inaffidabile,,Cagliari Monza Bologna
294,,0.169,,0,derivato_da_rigori_calciati_2025-26,,,,,,Affidabile,Scommessa,Torino Genoa Roma
309,,0.398,,2,derivato_da_rigori_calciati_2025-26,,,,,Semi-Top,Calci Piazzati,Infortuni,Lazio Napoli Juventus
313,,0.268,,2,derivato_da_rigori_calciati_2025-26,,,,,,aggiunto dal listone ufficiale del 7 settembre 2026,,
327,,0.192,,0,derivato_da_rigori_calciati_2025-26,,,,,,,,Roma Genoa Torino
333,,0.587,,2,derivato_da_rigori_calciati_2025-26,,,,,,Cartellini,Infortuni,Roma Fiorentina Torino
383,,,,0,derivato_da_rigori_calciati_2025-26,,,,,,aggiunto dal listone ufficiale del 7 settembre 2026,,
418,,0.004,,0,derivato_da_rigori_calciati_2025-26,,,,,,Inaffidabile,Cartellini,Fiorentina Frosinone Genoa
460,,0.781,,0,derivato_da_rigori_calciati_2025-26,,,,,jolly,Mod.,Cartellini,Roma Genoa Torino
487,,0.146,,0,derivato_da_rigori_calciati_2025-26,,,,,,Jolly,,Atalanta Lecce Napoli
526,,,,,,,,,,,Inaffidabile,,Cagliari Monza Bologna
530,,0.441,,2,derivato_da_rigori_calciati_2025-26,,,,,,Infortuni,Inaffidabile,Lazio Napoli Juventus
531,,0.583,,1,derivato_da_rigori_calciati_2025-26,,,,,Terza,Titolare,Infortuni,Inter Parma Bologna
536,,0.658,,0,derivato_da_rigori_calciati_2025-26,,,,,Scomm.,Affidabile,Bonus,Roma Bologna Frosinone
543,,0.053,,0,derivato_da_rigori_calciati_2025-26,,,,,R,,,Genoa Lecce Milan
554,,0.762,,0,derivato_da_rigori_calciati_2025-26,,,,,Semi-Top,Bonus,Infortuni,Frosinone Bologna Cagliari
572,,0.287,,0,derivato_da_rigori_calciati_2025-26,,,,,1° Fascia B,Mod.,,Roma Bologna Frosinone
608,,0.318,,2,derivato_da_rigori_calciati_2025-26,,,,,Scomm.,Affidabile,Infortuni,Juventus Lazio Lecce
610,,,,0,derivato_da_rigori_calciati_2025-26,,,,,R,,,Lazio Napoli Juventus
632,,0.622,,2,derivato_da_rigori_calciati_2025-26,,,,,Semi-Top,Titolare,Calci Piazzati,Roma Fiorentina Torino
779,,0.911,,0,derivato_da_rigori_calciati_2025-26,,,,,Quarta,Cartellini,Bonus,Lazio Napoli Juventus
787,,,,0,derivato_da_rigori_calciati_2025-26,,,,,,aggiunto dal listone ufficiale del 7 settembre 2026,,
791,,0.272,,0,derivato_da_rigori_calciati_2025-26,,,,,Scommessa,Mod.,Bonus,Juventus Bologna Como
795,,0.182,,0,derivato_da_rigori_calciati_2025-26,,,,,,aggiunto dal listone ufficiale del 7 settembre 2026,,
801,,0.647,,0,derivato_da_rigori_calciati_2025-26,,,,,,Inaffidabile,,Atalanta Fiorentina Venezia
827,,0.886,,2,derivato_da_rigori_calciati_2025-26,,,,,Quarta,Cartellini,Affidabile,Torino Genoa Roma
1850,,,,,,,,,,Terza,Scommessa,Bonus,"Frosinone, Bologna Cagliari"
1852,,0.557,,0,derivato_da_rigori_calciati_2025-26,,,,,Semi-Top,Infortuni,Mod.,Roma Bologna Frosinone
1870,,0.749,,0,derivato_da_rigori_calciati_2025-26,,,,,Semi-Top,Titolare,Affidabile,Milan Sassuolo Juventus
1871,,0.422,,0,derivato_da_rigori_calciati_2025-26,,,,,Titolare,Cartellini,Inaffidabile,Atalanta Fiorentina Venezia
1926,,0.002,,0,derivato_da_rigori_calciati_2025-26,,,,,R,,,Milan Sassuolo Juventus
1930,,,,0,derivato_da_rigori_calciati_2025-26,,,,,R,,,Torino Genoa Roma
1933,,0.722,,2,derivato_da_rigori_calciati_2025-26,,,,,Quarta,Affidabile,Cartellini,Juventus Lazio Lecce
2012,,0.01,,0,derivato_da_rigori_calciati_2025-26,,,,,,Infortuni,,Torino Genoa Roma
2038,,0.763,,2,derivato_da_rigori_calciati_2025-26,,,,,Terza,Inaffidabile,Bonus,Roma Fiorentina Torino
2061,,0.665,,0,derivato_da_rigori_calciati_2025-26,,,,,Semi-Top,Bonus,Titolare,Juventus Lazio Lecce
2077,,0.562,,0,derivato_da_rigori_calciati_2025-26,,,,,Scomm.,Bonus,Scommessa,"Frosinone, Bologna Cagliari"
2097,,0.597,,2,derivato_da_rigori_calciati_2025-26,,,,,Scomm.,Bonus,Infortuni,Fiorentina Frosinone Genoa
2115,,,,,,,,,,,aggiunto dal listone ufficiale del 7 settembre 2026,,
2120,,0.663,,0,derivato_da_rigori_calciati_2025-26,,,,,Top,Titolare,Mod.,Milan Sassuolo Juventus
2127,,,,0,derivato_da_rigori_calciati_2025-26,,,,,R,,,Inter Parma Bologna
2134,,1.0,,0,derivato_da_rigori_calciati_2025-26,,,,,3° Fascia,Titolare,Mod.,Parma Bologna Fiorentina
2137,,0.385,,2,derivato_da_rigori_calciati_2025-26,,,,,Terza,Infortuni,Bonus,"Frosinone, Bologna Cagliari"
2155,,0.265,,0,derivato_da_rigori_calciati_2025-26,,,,,Scomm.,Scommessa,Affidabile,Lecce Venezia Atalanta
2167,,0.627,,1,derivato_da_rigori_calciati_2025-26,,,,,Top,Calci Piazzati,Bonus,Atalanta Lecce Napoli
2169,,,,,,,,,,,aggiunto dal listone ufficiale del 7 settembre 2026,,
2170,,0.711,,0,derivato_da_rigori_calciati_2025-26,,,,,3° Fascia,Imbattibilità,Mod.,Roma Bologna Frosinone
2188,,0.817,,0,derivato_da_rigori_calciati_2025-26,,,,,jolly,Mod.,Infortuni,Roma Genoa Torino
2194,,0.489,,1,derivato_da_rigori_calciati_2025-26,,,,,Top,Titolare,Calci Piazzati,Milan Sassuolo Juventus
2263,,0.268,,0,derivato_da_rigori_calciati_2025-26,,,,,Scommessa,Cartellini,Bonus,Roma Genoa Torino
2296,,0.903,,0,derivato_da_rigori_calciati_2025-26,,,,,Top,Titolare,Mod.,Lazio Napoli Juventus
2297,,,,0,derivato_da_rigori_calciati_2025-26,,,,,,aggiunto dal listone ufficiale del 7 settembre 2026,,
2379,,0.744,,0,derivato_da_rigori_calciati_2025-26,,,,,Semi-Top,Affidabile,Bonus,Inter Parma Cagliari
2401,,,,0,derivato_da_rigori_calciati_2025-26,,,,,,aggiunto dal listone ufficiale del 7 settembre 2026,,
2423,,0.471,,2,derivato_da_rigori_calciati_2025-26,,,,,Top,Titolare,Bonus,Inter Parma Cagliari
2514,,,,,,,,,,,,,Milan Sassuolo Juventus
2517,,0.344,,1,derivato_da_rigori_calciati_2025-26,,,,,Semi-Top,Affidabile,Bonus,Roma Bologna Frosinone
2521,,0.974,,0,derivato_da_rigori_calciati_2025-26,,,,,1° Fascia A,Titolare,Mod.,Cagliari Como Lazio
2528,,0.785,,0,derivato_da_rigori_calciati_2025-26,,,,,Titolare,Cartellini,,Inter Parma Bologna
2529,,0.452,,0,derivato_da_rigori_calciati_2025-26,,,,,,Affidabile,Bonus,Milan Sassuolo Juventus
2531,,0.01,,0,derivato_da_rigori_calciati_2025-26,,,,,,aggiunto dal listone ufficiale del 7 settembre 2026,,
2593,,0.634,,2,derivato_da_rigori_calciati_2025-26,,,,,,aggiunto dal listone ufficiale del 7 settembre 2026,,
2606,,0.827,,0,derivato_da_rigori_calciati_2025-26,,,,,Terza,Affidabile,Titolare,Inter Parma Cagliari
2640,,0.361,,0,derivato_da_rigori_calciati_2025-26,,,,,Quarta,Mod.,Infortuni,Frosinone Bologna Cagliari
2724,,0.739,,0,derivato_da_rigori_calciati_2025-26,,,,,jolly,Mod.,Infortuni,Roma Bologna Frosinone
2728,,0.434,,0,derivato_da_rigori_calciati_2025-26,,,,,Scommessa,Cartellini,Infortuni,Roma Genoa Torino
2741,,,,,,,,,,Scomm.,Rigorista,Cartellini,Lecce Venezia Atalanta
2764,,0.645,,0,derivato_da_rigori_calciati_2025-26,,,,,Top,Titolare,Bonus,Milan Sassuolo Juventus
2765,,0.407,,0,derivato_da_rigori_calciati_2025-26,,,,,Scomm.,Bonus,Inaffidabile,Atalanta Lecce Napoli
2766,,0.675,,0,derivato_da_rigori_calciati_2025-26,,,,,Semi-Top,Infortuni,Cartellini,Genoa Lecce Milan
2788,,0.639,,0,derivato_da_rigori_calciati_2025-26,,,,,Top,Titolare,Mod.,Torino Genoa Roma
2809,,,,0,derivato_da_rigori_calciati_2025-26,,,,,R,,,Fiorentina Frosinone Genoa
2814,,0.711,,0,derivato_da_rigori_calciati_2025-26,,,,,R,Mod.,Jolly,Milan Sassuolo Juventus
2815,,,,0,derivato_da_rigori_calciati_2025-26,,,,,R,Mod.,,Inter Parma Cagliari
2816,,0.666,,0,derivato_da_rigori_calciati_2025-26,,,,,Semi-Top,Mod.,Bonus,Roma Bologna Frosinone
2832,,0.195,,0,derivato_da_rigori_calciati_2025-26,,,,,Scomm.,Scommessa,Subentrante,Torino Genoa Roma
2845,,0.002,,0,derivato_da_rigori_calciati_2025-26,,,,,R,,,Roma Bologna Frosinone
2848,,0.153,,0,derivato_da_rigori_calciati_2025-26,,,,,Semi-Top,Titolare,Bonus,Roma Fiorentina Torino
2857,,,,,,,,,,,Subentrante,Infortuni,Juventus Bologna Como
2874,,,,,,,,,,R,,,Lecce Sassuolo Milan
4137,,0.569,,0,derivato_da_rigori_calciati_2025-26,,,,,Quarta,Cartellini,Mod.,Lecce Sassuolo Milan
4147,,,,,,,,,,,,,Inter Parma Bologna
4159,,0.823,,0,derivato_da_rigori_calciati_2025-26,,,,,Top,Mod.,Titolare,Milan Sassuolo Juventus
4177,,0.026,,0,derivato_da_rigori_calciati_2025-26,,,,,jolly,,,Milan Sassuolo Juventus
4179,,0.004,,0,derivato_da_rigori_calciati_2025-26,,,,,Semi-Top,Infortuni,Subentrante,Torino Genoa Roma
4199,,0.328,,0,derivato_da_rigori_calciati_2025-26,,,,,Scomm.,Bonus,Infortuni,Inter Parma Cagliari
4210,,0.632,,0,derivato_da_rigori_calciati_2025-26,,,,,Quarta,Titolare,Bonus,Atalanta Fiorentina Venezia
4220,,0.366,,0,derivato_da_rigori_calciati_2025-26,,,,,Scomm.,Affidabile,Bonus,Roma Bologna Frosinone
4236,,0.842,,0,derivato_da_rigori_calciati_2025-26,,,,,3° Fascia,Scommessa,,Inter Parma Bologna
4260,,,,,,,,,,Titolare,,,Atalanta Fiorentina Venezia
4263,,0.665,,0,derivato_da_rigori_calciati_2025-26,,,,,Quarta,Bonus,Titolare,Genoa Lecce Milan
4287,,0.714,,0,derivato_da_rigori_calciati_2025-26,,,,,Titolare,Affidabile,,Roma Bologna Frosinone
4312,,0.964,,0,derivato_da_rigori_calciati_2025-26,,,,,1° Fascia A,Titolare,Mod.,Inter Parma Cagliari
4317,,0.785,,0,derivato_da_rigori_calciati_2025-26,,,,,Semi-Top,Cartellini,Mod.,Lazio Napoli Juventus
4349,,0.426,,0,derivato_da_rigori_calciati_2025-26,,,,,,Cartellini,,Lecce Sassuolo Milan
4359,,0.483,,0,derivato_da_rigori_calciati_2025-26,,,,,Quarta,Scommessa,Subentrante,Atalanta Lecce Napoli
4360,,1.0,,0,derivato_da_rigori_calciati_2025-26,,,,,2° Fascia A,Mod.,Titolare,Atalanta Fiorentina Venezia
4364,,0.561,,0,derivato_da_rigori_calciati_2025-26,,,,,Quarta,Infortuni,Affidabile,"Frosinone, Bologna Cagliari"
4371,,0.229,,0,derivato_da_rigori_calciati_2025-26,,,,,Terza,Affidabile,Bonus,"Frosinone, Bologna Cagliari"
4374,,0.839,,0,derivato_da_rigori_calciati_2025-26,,,,,Scommessa,Inaffidabile,,Inter Parma Bologna
4375,,,,,,,,,,Scommessa,,Jolly,Atalanta Como Napoli
4378,,0.728,,0,derivato_da_rigori_calciati_2025-26,,,,,Scommessa,Cartellini,Bonus,Cagliari Como Lazio
4387,,,,,,,,,,,Scommessa,Subentrante,Cagliari Monza Bologna
4401,,0.74,,0,derivato_da_rigori_calciati_2025-26,,,,,jolly,Mod.,Infortuni,Inter Parma Cagliari
4409,,0.529,,0,derivato_da_rigori_calciati_2025-26,,,,,Top,Mod.,Infortuni,Roma Bologna Frosinone
4431,,0.974,,0,derivato_da_rigori_calciati_2025-26,,,,,0° TOP A,Mod.,Titolare,Frosinone Bologna Cagliari
4433,,0.519,,0,derivato_da_rigori_calciati_2025-26,,,,,Quarta,Mod.,Jolly,Atalanta Lecce Napoli
4436,,0.442,,0,derivato_da_rigori_calciati_2025-26,,,,,Scomm.,Subentrante,Infortuni,Atalanta Lecce Napoli
4459,,0.149,,0,derivato_da_rigori_calciati_2025-26,,,,,,Cartellini,Affidabile,Roma Fiorentina Torino
4461,,0.463,,0,derivato_da_rigori_calciati_2025-26,,,,,,aggiunto dal listone ufficiale del 7 settembre 2026,,
4463,,0.804,,2,derivato_da_rigori_calciati_2025-26,,,,,Scomm.,Affidabile,Scommessa,Inter Parma Bologna
4465,,0.757,,0,derivato_da_rigori_calciati_2025-26,,,,,Quarta,Cartellini,Bonus,Cagliari Como Lazio
4468,,,,,,,,,,R,,,Parma Bologna Fiorentina
4479,,0.524,,0,derivato_da_rigori_calciati_2025-26,,,,,Scomm.,Bonus,Subentrante,"Frosinone, Bologna Cagliari"
4485,,,,,,,,,,R,Scommessa,,Lecce Venezia Atalanta
4502,,0.896,,0,derivato_da_rigori_calciati_2025-26,,,,,Quarta,Titolare,Bonus,Parma Bologna Fiorentina
4510,,0.548,,2,derivato_da_rigori_calciati_2025-26,,,,,,aggiunto dal listone ufficiale del 7 settembre 2026,,
4518,,,,0,derivato_da_rigori_calciati_2025-26,,,,,R,,,Inter Parma Bologna
4657,,0.803,,0,derivato_da_rigori_calciati_2025-26,,,,,Terza,Mod.,Jolly,Torino Genoa Roma
4664,,,,,,,,,,jolly,Scommessa,,Roma Bologna Frosinone
4686,,0.652,,0,derivato_da_rigori_calciati_2025-26,,,,,,aggiunto dal listone ufficiale del 7 settembre 2026,,
4705,,,,,,,,,,jolly,Scommessa,,Lazio Napoli Juventus
4728,,0.393,,1,derivato_da_rigori_calciati_2025-26,,,,,,aggiunto dal listone ufficiale del 7 settembre 2026,,
4734,,0.753,,0,derivato_da_rigori_calciati_2025-26,,,,,Terza,Bonus,Mod.,Atalanta Lecce Napoli
4751,,0.752,,0,derivato_da_rigori_calciati_2025-26,,,,,Scommessa,Infortuni,Mod.,Inter Parma Cagliari
4772,,0.125,,0,derivato_da_rigori_calciati_2025-26,,,,,,aggiunto dal listone ufficiale del 7 settembre 2026,,
4777,,0.818,,2,derivato_da_rigori_calciati_2025-26,,,,,Top,Affidabile,Bonus,Roma Bologna Frosinone
4807,,0.616,,0,derivato_da_rigori_calciati_2025-26,,,,,Terza,Cartellini,Mod.,Lazio Napoli Juventus
4817,,,,,,,,,,Quarta,Scommessa,Jolly,Roma Genoa Torino
4845,,,,,,,,,,jolly,Scommessa,,Cagliari Monza Bologna
4856,,0.007,,0,derivato_da_rigori_calciati_2025-26,,,,,Scomm.,Bonus,Subentrante,Inter Parma Cagliari
4867,,0.156,,0,derivato_da_rigori_calciati_2025-26,,,,,R,Mod.,Infortuni,Inter Parma Bologna
4870,,0.899,,0,derivato_da_rigori_calciati_2025-26,,,,,Titolare,,,Atalanta Fiorentina Venezia
4871,,0.565,,0,derivato_da_rigori_calciati_2025-26,,,,,Top,Affidabile,Titolare,Milan Sassuolo Juventus
4887,,0.402,,0,derivato_da_rigori_calciati_2025-26,,,,,jolly,Bonus,Mod.,Frosinone Bologna Cagliari
4892,,0.824,,0,derivato_da_rigori_calciati_2025-26,,,,,Terza,Infortuni,Affidabile,Inter Parma Cagliari
4896,,0.276,,0,derivato_da_rigori_calciati_2025-26,,,,,Quarta,Bonus,Infortuni,Atalanta Fiorentina Venezia
4911,,,,0,derivato_da_rigori_calciati_2025-26,,,,,Scomm.,Scommessa,,Torino Genoa Roma
4923,,,,2,derivato_da_rigori_calciati_2025-26,,,,,Terza,Rigorista,Titolare,Juventus Bologna Como
4925,,,,,,,,,,titolare,Bonus,Infortuni,Lecce Venezia Atalanta
4929,,,,0,derivato_da_rigori_calciati_2025-26,,,,,,aggiunto dal listone ufficiale del 7 settembre 2026,,
4947,,0.298,,0,derivato_da_rigori_calciati_2025-26,,,,,,Subentrante,Affidabile,Cagliari Como Lazio
4952,,,,,,,,,,titolare,,,Atalanta Como Napoli
4957,,0.921,,0,derivato_da_rigori_calciati_2025-26,,,,,R,mod.,jolly,Cagliari Monza Bologna
4964,,,,,,,,,,0° TOP B,titolare,mod.,Torino Genoa Roma
4970,,0.192,,2,derivato_da_rigori_calciati_2025-26,,,,,Scomm.,Subentrante,Scommessa,Juventus Bologna Como
4973,,0.835,,0,derivato_da_rigori_calciati_2025-26,,,,,Semi-Top,Affidabile,Bonus,Torino Genoa Roma
4976,,0.959,,0,derivato_da_rigori_calciati_2025-26,,,,,Semi-Top,Mod.,Titolare,Torino Genoa Roma
4994,,0.468,,0,derivato_da_rigori_calciati_2025-26,,,,,Terza,Bonus,Mod.,Genoa Lecce Milan
4998,,,,,,,,,,Top,Titolare,Bonus,Lazio Napoli Juventus
5007,,0.121,,0,derivato_da_rigori_calciati_2025-26,,,,,Titolare,Affidabile,Infortuni,Parma Bologna Fiorentina
5010,,0.558,,0,derivato_da_rigori_calciati_2025-26,,,,,Quarta,Infortuni,Mod.,Juventus Lazio Lecce
5022,,0.841,,0,derivato_da_rigori_calciati_2025-26,,,,,Semi-Top,Mod.,Bonus,Inter Parma Cagliari
5029,,,,,,,,,,Quarta,Scommessa,Rigorista,Parma Bologna Fiorentina
5036,,0.437,,0,derivato_da_rigori_calciati_2025-26,,,,,,Scommessa,Bonus,Fiorentina Frosinone Genoa
5116,,0.132,,0,derivato_da_rigori_calciati_2025-26,,,,,0° TOP B,Mod.,Imbattibilità,Milan Sassuolo Juventus
5119,,0.294,,0,derivato_da_rigori_calciati_2025-26,,,,,Terza,Bonus,Affidabile,"Frosinone, Bologna Cagliari"
5131,,0.233,,0,derivato_da_rigori_calciati_2025-26,,,,,,Subentrante,Affidabile,Roma Bologna Frosinone
5172,,,,,,,,,,Scomm.,Scommessa,Bonus,Milan Sassuolo Juventus
5273,,0.306,,0,derivato_da_rigori_calciati_2025-26,,,,,Scommessa,Inaffidabile,Jolly,Inter Parma Cagliari
5295,,0.182,,0,derivato_da_rigori_calciati_2025-26,,,,,Quarta,Scommessa,,Inter Parma Cagliari
5298,,0.423,,0,derivato_da_rigori_calciati_2025-26,,,,,Titolare,Infortuni,,Atalanta Lecce Napoli
5301,,0.473,,0,derivato_da_rigori_calciati_2025-26,,,,,Scomm.,Scommessa,Bonus,Milan Sassuolo Juventus
5307,,0.659,,0,derivato_da_rigori_calciati_2025-26,,,,,Scommessa,Titolare,Infortuni,Lecce Sassuolo Milan
5319,,0.423,,0,derivato_da_rigori_calciati_2025-26,,,,,,Bonus,Subentrante,Cagliari Monza Bologna
5320,,0.763,,0,derivato_da_rigori_calciati_2025-26,,,,,R,,,Juventus Lazio Lecce
5336,,0.443,,1,derivato_da_rigori_calciati_2025-26,,,,,,,,Atalanta Fiorentina Venezia
5365,,,,,,,,,,,,,Cagliari Como Lazio
5399,,,,,,,,,,,,,Lecce Venezia Atalanta
5422,,0.561,,0,derivato_da_rigori_calciati_2025-26,,,,,Scomm.,Subentrante,Bonus,"Frosinone, Bologna Cagliari"
5424,,,,,,,,,,,,,Atalanta Como Napoli
5427,,0.432,,0,derivato_da_rigori_calciati_2025-26,,,,,,aggiunto dal listone ufficiale del 7 settembre 2026,,
5436,,,,0,derivato_da_rigori_calciati_2025-26,,,,,Quarta,Scommessa,,Atalanta Como Napoli
5449,,0.453,,0,derivato_da_rigori_calciati_2025-26,,,,,Scommessa,Cartellini,Bonus,Cagliari Como Lazio
5453,,0.372,,0,derivato_da_rigori_calciati_2025-26,,,,,,Affidabile,Cartellini,Fiorentina Frosinone Genoa
5457,,0.46,,0,derivato_da_rigori_calciati_2025-26,,,,,Titolare,Inaffidabile,Cartellini,Parma Bologna Fiorentina
5462,,,,,,,,,,,,,Atalanta Fiorentina Venezia
5481,,0.084,,0,derivato_da_rigori_calciati_2025-26,,,,,Scommessa,Infortuni,Jolly,Cagliari Monza Bologna
5485,,,,,,,,,,,aggiunto dal listone ufficiale del 7 settembre 2026,,
5498,,0.196,,0,derivato_da_rigori_calciati_2025-26,,,,,,Jolly,Infortuni,Atalanta Lecce Napoli
5500,,0.509,,0,derivato_da_rigori_calciati_2025-26,,,,,Scomm.,Scommessa,Subentrante,Roma Fiorentina Torino
5504,,0.792,,0,derivato_da_rigori_calciati_2025-26,,,,,Titolare,Cartellini,Affidabile,Parma Bologna Fiorentina
5507,,,,,,,,,,Quarta,Titolare,Affidabile,Cagliari Monza Bologna
5514,,0.941,,0,derivato_da_rigori_calciati_2025-26,,,,,Terza,Titolare,Cartellini,Juventus Bologna Como
5520,,0.832,,0,derivato_da_rigori_calciati_2025-26,,,,,jolly,Cartellini,Titolare,Torino Genoa Roma
5526,,0.538,,0,derivato_da_rigori_calciati_2025-26,,,,,Semi-Top,Cartellini,Infortuni,Frosinone Bologna Cagliari
5527,,0.384,,0,derivato_da_rigori_calciati_2025-26,,,,,Scommessa,Bonus,,Genoa Lecce Milan
5544,,0.522,,2,derivato_da_rigori_calciati_2025-26,,,,,,aggiunto dal listone ufficiale del 7 settembre 2026,,
5555,,0.551,,0,derivato_da_rigori_calciati_2025-26,,,,,Quarta,Inaffidabile,,Genoa Lecce Milan
5559,,0.808,,1,derivato_da_rigori_calciati_2025-26,,,,,Semi-Top,Bonus,Cartellini,Fiorentina Frosinone Genoa
5562,,0.725,,0,derivato_da_rigori_calciati_2025-26,,,,,,Affidabile,Cartellini,Torino Genoa Roma
5578,,0.287,,0,derivato_da_rigori_calciati_2025-26,,,,,jolly,Infortuni,Mod.,Frosinone Bologna Cagliari
5585,,0.438,,1,derivato_da_rigori_calciati_2025-26,,,,,Top,Bonus,Affidabile,Lazio Napoli Juventus
5589,,0.722,,0,derivato_da_rigori_calciati_2025-26,,,,,Terza,Cartellini,Affidabile,Lazio Napoli Juventus
5603,,0.855,,0,derivato_da_rigori_calciati_2025-26,,,,,Scommessa,Cartellini,Infortuni,Cagliari Como Lazio
5620,,0.432,,0,derivato_da_rigori_calciati_2025-26,,,,,jolly,Bonus,Infortuni,Roma Genoa Torino
5637,,0.616,,1,derivato_da_rigori_calciati_2025-26,,,,,Semi-Top,Infortuni,Bonus,Genoa Lecce Milan
5641,,,,,,,,,,Semi-Top,Scommessa,Bonus,Fiorentina Frosinone Genoa
5672,,0.368,,0,derivato_da_rigori_calciati_2025-26,,,,,,aggiunto dal listone ufficiale del 7 settembre 2026,,
5674,,0.516,,0,derivato_da_rigori_calciati_2025-26,,,,,Quarta,Bonus,Affidabile,Cagliari Monza Bologna
5675,,,,,,,,,,Quarta,Titolare,Bonus,Atalanta Lecce Napoli
5678,,0.261,,0,derivato_da_rigori_calciati_2025-26,,,,,jolly,Bonus,Infortuni,Atalanta Lecce Napoli
5680,,,,,,,,,,Quarta,,,Torino Genoa Roma
5685,,0.527,,0,derivato_da_rigori_calciati_2025-26,,,,,,Inaffidabile,,Torino Genoa Roma
5687,,0.9,,1,derivato_da_rigori_calciati_2025-26,,,,,Semi-Top,Bonus,Rigorista,Juventus Lazio Lecce
5694,,,,,,,,,,Terza,Scommessa,Bonus,Cagliari Como Lazio
5695,,,,,,,,,,Quarta,Titolare,Bonus,Cagliari Monza Bologna
5701,,0.823,,0,derivato_da_rigori_calciati_2025-26,,,,,Quarta,Cartellini,Titolare,Atalanta Fiorentina Venezia
5707,,,,,,,,,,R,,,Genoa Lecce Milan
5725,,,,,,,,,,,,,Atalanta Como Napoli
5734,,0.645,,0,derivato_da_rigori_calciati_2025-26,,,,,Scomm.,Affidabile,Bonus,Lazio Napoli Juventus
5735,,0.31,,0,derivato_da_rigori_calciati_2025-26,,,,,Scomm.,Subentrante,Infortuni,Inter Parma Bologna
5739,,0.525,,0,derivato_da_rigori_calciati_2025-26,,,,,Quarta,Cartellini,Infortuni,Inter Parma Cagliari
5742,,,,,,,,,,Quarta,,,Juventus Bologna Como
5750,,0.769,,0,derivato_da_rigori_calciati_2025-26,,,,,Semi-Top,Cartellini,Bonus,Juventus Bologna Como
5751,,,,,,,,,,jolly,Scommessa,,Juventus Lazio Lecce
5757,,,,,,,,,,titolare,,,Atalanta Como Napoli
5761,,0.096,,0,derivato_da_rigori_calciati_2025-26,,,,,Scomm.,Scommessa,Bonus,Torino Genoa Roma
5791,,0.904,,0,derivato_da_rigori_calciati_2025-26,,,,,Titolare,,Affidabile,Juventus Bologna Como
5792,,0.659,,2,derivato_da_rigori_calciati_2025-26,,,,,Terza,Affidabile,Titolare,"Frosinone, Bologna Cagliari"
5800,,0.67,,1,derivato_da_rigori_calciati_2025-26,,,,,Semi-Top,Bonus,Affidabile,Roma Fiorentina Torino
5812,,0.884,,0,derivato_da_rigori_calciati_2025-26,,,,,Scommessa,Mod.,,Inter Parma Cagliari
5813,,0.171,,0,derivato_da_rigori_calciati_2025-26,,,,,,aggiunto dal listone ufficiale del 7 settembre 2026,,
5820,,0.513,,0,derivato_da_rigori_calciati_2025-26,,,,,Scommessa,Inaffidabile,,Genoa Lecce Milan
5823,,0.23,,0,derivato_da_rigori_calciati_2025-26,,,,,Terza,Affidabile,Bonus,Juventus Bologna Como
5831,,0.316,,0,derivato_da_rigori_calciati_2025-26,,,,,Scommessa,Cartellini,Bonus,Torino Genoa Roma
5833,,0.73,,0,derivato_da_rigori_calciati_2025-26,,,,,Semi-Top,Titolare,Mod.,Inter Parma Cagliari
5838,,,,,,,,,,Quarta,Bonus,Cartellini,Lecce Venezia Atalanta
5840,,0.401,,0,derivato_da_rigori_calciati_2025-26,,,,,Scommessa,Jolly,,Roma Bologna Frosinone
5841,,1.0,,0,derivato_da_rigori_calciati_2025-26,,,,,0° TOP A,Titolare,Mod.,Lazio Napoli Juventus
5844,,0.716,,0,derivato_da_rigori_calciati_2025-26,,,,,Scomm.,Bonus,Infortuni,Inter Parma Bologna
5851,,0.563,,0,derivato_da_rigori_calciati_2025-26,,,,,titolare,Inaffidabile,Bonus,Inter Parma Bologna
5858,,0.461,,0,derivato_da_rigori_calciati_2025-26,,,,,Titolare,Infortuni,Affidabile,Atalanta Lecce Napoli
5862,,0.771,,0,derivato_da_rigori_calciati_2025-26,,,,,Semi-Top,Bonus,Mod.,Lecce Sassuolo Milan
5872,,0.038,,0,derivato_da_rigori_calciati_2025-26,,,,,,Scommessa,,Cagliari Monza Bologna
5876,,0.776,,0,derivato_da_rigori_calciati_2025-26,,,,,,aggiunto dal listone ufficiale del 7 settembre 2026,,
5877,,0.51,,0,derivato_da_rigori_calciati_2025-26,,,,,jolly,,Bonus,Milan Sassuolo Juventus
5878,,,,,,,,,,Quarta,Bonus,,Lecce Venezia Atalanta
5880,,,,,,,,,,,Bonus,Subentrante,Lecce Venezia Atalanta
5882,,,,,,,,,,Scomm.,Affidabile,,Lecce Venezia Atalanta
5885,,0.923,,0,derivato_da_rigori_calciati_2025-26,,,,,jolly,Bonus,Infortuni,Cagliari Como Lazio
5888,,0.576,,0,derivato_da_rigori_calciati_2025-26,,,,,Quarta,Inaffidabile,Subentrante,Juventus Lazio Lecce
5918,,0.29,,0,derivato_da_rigori_calciati_2025-26,,,,,,Scommessa,Subentrante,"Frosinone, Bologna Cagliari"
5946,,,,,,,,,,Quarta,Scommessa,,Juventus Bologna Como
5951,,,,,,,,,,Top,Affidabile,Bonus,Torino Genoa Roma
5982,,,,,,,,,,Semi-Top,Bonus,Scommessa,Milan Sassuolo Juventus
5994,,0.392,,0,derivato_da_rigori_calciati_2025-26,,,,,Scommessa,Inaffidabile,,Genoa Lecce Milan
5995,,0.645,,0,derivato_da_rigori_calciati_2025-26,,,,,Terza,Bonus,Affidabile,"Frosinone, Bologna Cagliari"
5998,,0.48,,0,derivato_da_rigori_calciati_2025-26,,,,,Scomm.,Scommessa,Bonus,Atalanta Como Napoli
6005,,0.301,,0,derivato_da_rigori_calciati_2025-26,,,,,,Inaffidabile,,Juventus Lazio Lecce
6010,,0.164,,0,derivato_da_rigori_calciati_2025-26,,,,,Quarta,Infortuni,Bonus,Atalanta Fiorentina Venezia
6015,,0.261,,0,derivato_da_rigori_calciati_2025-26,,,,,Scomm.,Infortuni,Affidabile,Parma Bologna Fiorentina
6020,,0.81,,0,derivato_da_rigori_calciati_2025-26,,,,,Titolare,Scommessa,Subentrante,Juventus Bologna Como
6021,,,,,,,,,,jolly,Mod.,,Genoa Lecce Milan
6024,,,,0,derivato_da_rigori_calciati_2025-26,,,,,,,,Inter Parma Bologna
6039,,0.077,,0,derivato_da_rigori_calciati_2025-26,,,,,Scommessa,Jolly,,Torino Genoa Roma
6042,,0.667,,0,derivato_da_rigori_calciati_2025-26,,,,,jolly,Mod.,Cartellini,Torino Genoa Roma
6046,,0.57,,0,derivato_da_rigori_calciati_2025-26,,,,,Scommessa,Cartellini,Mod.,Frosinone Bologna Cagliari
6047,,0.529,,0,derivato_da_rigori_calciati_2025-26,,,,,,aggiunto dal listone ufficiale del 7 settembre 2026,,
6052,,0.814,,2,derivato_da_rigori_calciati_2025-26,,,,,Semi-Top,Titolare,Affidabile,Roma Bologna Frosinone
6054,,0.522,,0,derivato_da_rigori_calciati_2025-26,,,,,,,,Atalanta Lecce Napoli
6060,,0.776,,0,derivato_da_rigori_calciati_2025-26,,,,,Terza,Bonus,Titolare,Inter Parma Bologna
6145,,0.289,,0,derivato_da_rigori_calciati_2025-26,,,,,,,,Lecce Venezia Atalanta
6149,,0.031,,0,derivato_da_rigori_calciati_2025-26,,,,,,,,Lecce Sassuolo Milan
6151,,0.806,,0,derivato_da_rigori_calciati_2025-26,,,,,Quarta,Cartellini,Affidabile,Fiorentina Frosinone Genoa
6164,,0.661,,0,derivato_da_rigori_calciati_2025-26,,,,,Scomm.,Titolare,,Juventus Bologna Como
6170,,0.52,,0,derivato_da_rigori_calciati_2025-26,,,,,Titolare,Inaffidabile,Subentrante,Juventus Lazio Lecce
6189,,,,0,derivato_da_rigori_calciati_2025-26,,,,,,aggiunto dal listone ufficiale del 7 settembre 2026,,
6190,,0.369,,0,derivato_da_rigori_calciati_2025-26,,,,,Scomm.,Scommessa,Subentrante,Lazio Napoli Juventus
6191,,0.176,,0,derivato_da_rigori_calciati_2025-26,,,,,,Affidabile,Cartellini,Roma Fiorentina Torino
6202,,0.49,,0,derivato_da_rigori_calciati_2025-26,,,,,Scommessa,Mod.,Jolly,Roma Bologna Frosinone
6204,,,,,,,,,,Quarta,Scommessa,Bonus,Atalanta Como Napoli
6206,,0.339,,0,derivato_da_rigori_calciati_2025-26,,,,,,Affidabile,Subentrante,Lecce Sassuolo Milan
6207,,0.129,,0,derivato_da_rigori_calciati_2025-26,,,,,,Subentrante,,Lecce Sassuolo Milan
6212,,0.125,,0,derivato_da_rigori_calciati_2025-26,,,,,,,,Genoa Lecce Milan
6215,,0.111,,0,derivato_da_rigori_calciati_2025-26,,,,,,Scommessa,Subentrante,Roma Bologna Frosinone
6217,,0.563,,0,derivato_da_rigori_calciati_2025-26,,,,,Semi-Top,Bonus,Mod.,Milan Sassuolo Juventus
6218,,0.249,,0,derivato_da_rigori_calciati_2025-26,,,,,Scomm.,Scommessa,Affidabile,Juventus Lazio Lecce
6219,,0.04,,0,derivato_da_rigori_calciati_2025-26,,,,,,Affidabile,,Inter Parma Bologna
6225,,,,0,derivato_da_rigori_calciati_2025-26,,,,,,,,Atalanta Lecce Napoli
6229,,,,0,derivato_da_rigori_calciati_2025-26,,,,,Quarta,Scommessa,Infortuni,Lecce Sassuolo Milan
6238,,,,,,,,,,Quarta,Bonus,,Atalanta Como Napoli
6241,,,,,,,,,,,,,Atalanta Como Napoli
6243,,0.369,,0,derivato_da_rigori_calciati_2025-26,,,,,,Subentrante,,Atalanta Fiorentina Venezia
6244,,,,,,,,,,,aggiunto dal listone ufficiale del 7 settembre 2026,,
6245,,,,0,derivato_da_rigori_calciati_2025-26,,,,,,aggiunto dal listone ufficiale del 7 settembre 2026,,
6246,,0.296,,0,derivato_da_rigori_calciati_2025-26,,,,,,,,Inter Parma Bologna
6248,,,,,,,,,,3° Fascia,Titolare,Mod.,Cagliari Monza Bologna
6252,,0.594,,0,derivato_da_rigori_calciati_2025-26,,,,,Quarta,Bonus,Infortuni,Lecce Venezia Atalanta
6271,,0.28,,0,derivato_da_rigori_calciati_2025-26,,,,,,aggiunto dal listone ufficiale del 7 settembre 2026,,
6274,,0.135,,0,derivato_da_rigori_calciati_2025-26,,,,,Semi-Top,Scommessa,Bonus,Milan Sassuolo Juventus
6294,,0.548,,0,derivato_da_rigori_calciati_2025-26,,,,,Scomm.,Scommessa,,Cagliari Como Lazio
6320,,,,,,,,,,Terza,,,Roma Genoa Torino
6344,,,,,,,,,,2° Fascia C,,,Fiorentina Frosinone Genoa
6372,,,,,,,,,,Scomm.,Scommessa,Bonus,Inter Parma Cagliari
6397,,,,,,,,,,Top,Titolare,Bonus,Inter Parma Cagliari
6398,,0.47,,0,derivato_da_rigori_calciati_2025-26,,,,,Scomm.,Bonus,Subentrante,Roma Fiorentina Torino
6403,,0.025,,0,derivato_da_rigori_calciati_2025-26,,,,,R,,,Cagliari Como Lazio
6410,,0.18,,0,derivato_da_rigori_calciati_2025-26,,,,,,Inaffidabile,,Parma Bologna Fiorentina
6415,,,,,,,,,,3° Fascia,Scommessa,,Atalanta Como Napoli
6424,,0.554,,0,derivato_da_rigori_calciati_2025-26,,,,,,aggiunto dal listone ufficiale del 7 settembre 2026,,
6426,,0.628,,0,derivato_da_rigori_calciati_2025-26,,,,,,aggiunto dal listone ufficiale del 7 settembre 2026,,
6434,,0.841,,2,derivato_da_rigori_calciati_2025-26,,,,,Scomm.,Affidabile,Titolare,Torino Genoa Roma
6435,,0.521,,0,derivato_da_rigori_calciati_2025-26,,,,,Scomm.,Bonus,Subentrante,"Frosinone, Bologna Cagliari"
6462,,0.765,,0,derivato_da_rigori_calciati_2025-26,,,,,2° Fascia B,Mod.,Infortuni,Genoa Lecce Milan
6482,,,,0,derivato_da_rigori_calciati_2025-26,,,,,2° Fascia B,Mod.,Titolare,Roma Genoa Torino
6485,,0.726,,0,derivato_da_rigori_calciati_2025-26,,,,,Quarta,Inaffidabile,Cartellini,Frosinone Bologna Cagliari
6495,,0.496,,0,derivato_da_rigori_calciati_2025-26,,,,,titolare,Cartellini,Mod.,Juventus Lazio Lecce
6496,,0.715,,0,derivato_da_rigori_calciati_2025-26,,,,,Terza,Mod.,,Inter Parma Cagliari
6503,,,,,,,,,,,Scommessa,Subentrante,Milan Sassuolo Juventus
6506,,0.009,,0,derivato_da_rigori_calciati_2025-26,,,,,,,,Atalanta Como Napoli
6519,,0.196,,2,derivato_da_rigori_calciati_2025-26,,,,,,Subentrante,,Inter Parma Cagliari
6523,,,,0,derivato_da_rigori_calciati_2025-26,,,,,,aggiunto dal listone ufficiale del 7 settembre 2026,,
6530,,,,,,,,,,Quarta,Bonus,,Atalanta Como Napoli
6531,,0.012,,0,derivato_da_rigori_calciati_2025-26,,,,,Semi-Top,,Cartellini,Cagliari Como Lazio
6534,,,,,,,,,,2° Fascia C,Scommessa,,Juventus Lazio Lecce
6537,,0.122,,0,derivato_da_rigori_calciati_2025-26,,,,,Scommessa,,,Lecce Venezia Atalanta
6549,,0.778,,0,derivato_da_rigori_calciati_2025-26,,,,,Titolare,Bonus,Inaffidabile,Parma Bologna Fiorentina
6556,,0.325,,0,derivato_da_rigori_calciati_2025-26,,,,,Scomm.,Subentrante,,Roma Fiorentina Torino
6569,,,,,,,,,,R,,,Juventus Bologna Como
6572,,0.696,,0,derivato_da_rigori_calciati_2025-26,,,,,Scomm.,Subentrante,Bonus,Lazio Napoli Juventus
6592,,,,,,,,,,,Scommessa,Bonus,Lecce Venezia Atalanta
6593,,0.421,,0,derivato_da_rigori_calciati_2025-26,,,,,Titolare,Affidabile,,Lecce Venezia Atalanta
6598,,,,,,,,,,,aggiunto dal listone ufficiale del 7 settembre 2026,,
6601,,,,,,,,,,,,,Fiorentina Frosinone Genoa
6618,,,,0,derivato_da_rigori_calciati_2025-26,,,,,Scomm.,Scommessa,,Inter Parma Cagliari
6629,,0.339,,0,derivato_da_rigori_calciati_2025-26,,,,,,Bonus,Scommessa,Roma Fiorentina Torino
6631,,0.313,,0,derivato_da_rigori_calciati_2025-26,,,,,Scommessa,Cartellini,,Lazio Napoli Juventus
6632,,0.534,,0,derivato_da_rigori_calciati_2025-26,,,,,Quarta,Mod.,Infortuni,Parma Bologna Fiorentina
6638,,,,,,,,,,jolly,Inaffidabile,Scommessa,Roma Bologna Frosinone
6640,,0.116,,0,derivato_da_rigori_calciati_2025-26,,,,,,Scommessa,Bonus,Atalanta Fiorentina Venezia
6641,,0.526,,0,derivato_da_rigori_calciati_2025-26,,,,,,aggiunto dal listone ufficiale del 7 settembre 2026,,
6642,,0.904,,0,derivato_da_rigori_calciati_2025-26,,,,,Quarta,Titolare,Mod.,Juventus Lazio Lecce
6643,,0.23,,0,derivato_da_rigori_calciati_2025-26,,,,,,aggiunto dal listone ufficiale del 7 settembre 2026,,
6646,,0.555,,0,derivato_da_rigori_calciati_2025-26,,,,,Quarta,Bonus,Scommessa,Juventus Lazio Lecce
6650,,,,0,derivato_da_rigori_calciati_2025-26,,,,,R,,,Atalanta Fiorentina Venezia
6659,,,,,,,,,,titolare,Inaffidabile,Cartellini,Lecce Venezia Atalanta
6660,,0.759,,0,derivato_da_rigori_calciati_2025-26,,,,,Quarta,Scommessa,Mod.,Juventus Bologna Como
6662,,0.447,,0,derivato_da_rigori_calciati_2025-26,,,,,R,Mod.,,Lecce Sassuolo Milan
6663,,0.78,,0,derivato_da_rigori_calciati_2025-26,,,,,,aggiunto dal listone ufficiale del 7 settembre 2026,,
6664,,0.865,,0,derivato_da_rigori_calciati_2025-26,,,,,Quarta,Titolare,Bonus,Lecce Sassuolo Milan
6666,,0.743,,0,derivato_da_rigori_calciati_2025-26,,,,,Terza,Titolare,Bonus,Lecce Sassuolo Milan
6669,,0.325,,0,derivato_da_rigori_calciati_2025-26,,,,,Scomm.,Affidabile,Bonus,Milan Sassuolo Juventus
6671,,,,,,,,,,R,,,Cagliari Monza Bologna
6672,,0.896,,0,derivato_da_rigori_calciati_2025-26,,,,,Quarta,Mod.,,Inter Parma Bologna
6673,,,,,,,,,,,Cartellini,,Cagliari Monza Bologna
6675,,0.106,,0,derivato_da_rigori_calciati_2025-26,,,,,Scomm.,Bonus,Infortuni,Atalanta Lecce Napoli
6677,,0.042,,0,derivato_da_rigori_calciati_2025-26,,,,,Scomm.,Scommessa,Subentrante,Inter Parma Bologna
6678,,,,0,derivato_da_rigori_calciati_2025-26,,,,,Scomm.,Scommessa,Bonus,Fiorentina Frosinone Genoa
6680,,0.925,,0,derivato_da_rigori_calciati_2025-26,,,,,Titolare,,Inaffidabile,Genoa Lecce Milan
6681,,,,,,,,,,,,,Cagliari Monza Bologna
6682,,,,,,,,,,,aggiunto dal listone ufficiale del 7 settembre 2026,,
6684,,0.653,,0,derivato_da_rigori_calciati_2025-26,,,,,Semi-Top,Affidabile,Bonus,Genoa Lecce Milan
6717,,0.817,,0,derivato_da_rigori_calciati_2025-26,,,,,Scomm.,Scommessa,,Inter Parma Bologna
6727,,,,,,,,,,Terza,Scommessa,Bonus,Fiorentina Frosinone Genoa
6752,,,,,,,,,,Scomm.,Scommessa,Bonus,Torino Genoa Roma
6766,,0.876,,0,derivato_da_rigori_calciati_2025-26,,,,,Terza,Titolare,Mod.,Torino Genoa Roma
6783,,,,,,,,,,Scomm.,Scommessa,,Genoa Lecce Milan
6809,,0.201,,0,derivato_da_rigori_calciati_2025-26,,,,,Scommessa,,,Roma Bologna Frosinone
6813,,,,0,derivato_da_rigori_calciati_2025-26,,,,,R,,,Inter Parma Cagliari
6814,,0.649,,0,derivato_da_rigori_calciati_2025-26,,,,,,aggiunto dal listone ufficiale del 7 settembre 2026,,
6815,,0.28,,0,derivato_da_rigori_calciati_2025-26,,,,,Scomm.,Scommessa,Bonus,Atalanta Fiorentina Venezia
6821,,,,0,derivato_da_rigori_calciati_2025-26,,,,,Terza,Bonus,Scommessa,Cagliari Monza Bologna
6822,,0.272,,0,derivato_da_rigori_calciati_2025-26,,,,,,Subentrante,Scommessa,Torino Genoa Roma
6826,,0.004,,0,derivato_da_rigori_calciati_2025-26,,,,,Scommessa,,,Parma Bologna Fiorentina
6827,,0.078,,0,derivato_da_rigori_calciati_2025-26,,,,,Scomm.,Scommessa,Affidabile,Cagliari Como Lazio
6831,,0.273,,0,derivato_da_rigori_calciati_2025-26,,,,,Scomm.,Bonus,Affidabile,Roma Bologna Frosinone
6833,,,,,,,,,,Terza,Scommessa,Affidabile,Atalanta Lecce Napoli
6844,,0.471,,0,derivato_da_rigori_calciati_2025-26,,,,,Semi-Top,Bonus,Infortuni,"Frosinone, Bologna Cagliari"
6867,,0.593,,0,derivato_da_rigori_calciati_2025-26,,,,,Terza,Bonus,Jolly,Fiorentina Frosinone Genoa
6869,,0.802,,0,derivato_da_rigori_calciati_2025-26,,,,,Semi-Top,Mod.,Titolare,Fiorentina Frosinone Genoa
6875,,0.849,,2,derivato_da_rigori_calciati_2025-26,,,,,Top,Affidabile,Titolare,Fiorentina Frosinone Genoa
6883,,0.053,,0,derivato_da_rigori_calciati_2025-26,,,,,,Mod.,,Parma Bologna Fiorentina
6884,,0.621,,0,derivato_da_rigori_calciati_2025-26,,,,,Semi-Top,Bonus,Affidabile,Torino Genoa Roma
6889,,0.075,,0,derivato_da_rigori_calciati_2025-26,,,,,,,,Juventus Lazio Lecce
6890,,,,,,,,,,Scommessa,Infortuni,,Cagliari Monza Bologna
6892,,,,,,,,,,titolare,,,Cagliari Monza Bologna
6893,,0.677,,0,derivato_da_rigori_calciati_2025-26,,,,,jolly,Mod.,,Fiorentina Frosinone Genoa
6895,,0.162,,0,derivato_da_rigori_calciati_2025-26,,,,,Scomm.,Bonus,Subentrante,Inter Parma Bologna
6896,,0.268,,0,derivato_da_rigori_calciati_2025-26,,,,,titolare,Mod.,Infortuni,Inter Parma Bologna
6898,,0.882,,0,derivato_da_rigori_calciati_2025-26,,,,,Titolare,Inaffidabile,,Lecce Sassuolo Milan
6903,,,,,,,,,,,,,Atalanta Como Napoli
6904,,,,,,,,,,Quarta,Affidabile,Bonus,Cagliari Monza Bologna
6908,,0.753,,0,derivato_da_rigori_calciati_2025-26,,,,,Semi-Top,Affidabile,Titolare,Cagliari Como Lazio
6916,,0.4,,0,derivato_da_rigori_calciati_2025-26,,,,,,aggiunto dal listone ufficiale del 7 settembre 2026,,
6917,,0.403,,0,derivato_da_rigori_calciati_2025-26,,,,,,Scommessa,,Atalanta Como Napoli
6925,,0.032,,0,derivato_da_rigori_calciati_2025-26,,,,,Scommessa,Infortuni,,Genoa Lecce Milan
6956,,0.866,,2,derivato_da_rigori_calciati_2025-26,,,,,Top,Mod.,Titolare,Genoa Lecce Milan
6966,,1.0,,0,derivato_da_rigori_calciati_2025-26,,,,,1° Fascia A,Mod.,Titolare,Fiorentina Frosinone Genoa
6967,,0.321,,0,derivato_da_rigori_calciati_2025-26,,,,,Terza,Infortuni,Bonus,Fiorentina Frosinone Genoa
6977,,0.242,,0,derivato_da_rigori_calciati_2025-26,,,,,,,,Juventus Bologna Como
6980,,0.065,,0,derivato_da_rigori_calciati_2025-26,,,,,,Subentrante,Bonus,Juventus Bologna Como
6981,,0.054,,0,derivato_da_rigori_calciati_2025-26,,,,,,aggiunto dal listone ufficiale del 7 settembre 2026,,
6984,,0.225,,0,derivato_da_rigori_calciati_2025-26,,,,,,aggiunto dal listone ufficiale del 7 settembre 2026,,
6985,,0.149,,0,derivato_da_rigori_calciati_2025-26,,,,,,Inaffidabile,,Inter Parma Bologna
6986,,0.345,,0,derivato_da_rigori_calciati_2025-26,,,,,jolly,,Infortuni,Lazio Napoli Juventus
6989,,0.942,,0,derivato_da_rigori_calciati_2025-26,,,,,Quarta,Scommessa,Titolare,Parma Bologna Fiorentina
6990,,0.885,,0,derivato_da_rigori_calciati_2025-26,,,,,titolare,Inaffidabile,,Parma Bologna Fiorentina
6994,,,,,,,,,,Scomm.,Scommessa,Subentrante,Cagliari Monza Bologna
7001,,0.139,,0,derivato_da_rigori_calciati_2025-26,,,,,Scomm.,Scommessa,,Parma Bologna Fiorentina
7008,,0.265,,0,derivato_da_rigori_calciati_2025-26,,,,,,aggiunto dal listone ufficiale del 7 settembre 2026,,
7012,,0.443,,0,derivato_da_rigori_calciati_2025-26,,,,,Quarta,Scommessa,,Roma Genoa Torino
7014,,0.493,,0,derivato_da_rigori_calciati_2025-26,,,,,Scommessa,Cartellini,Inaffidabile,Fiorentina Frosinone Genoa
7017,,0.666,,2,derivato_da_rigori_calciati_2025-26,,,,,Semi-Top,Scommessa,Bonus,Fiorentina Frosinone Genoa
7023,,,,2,derivato_da_rigori_calciati_2025-26,,,,,Scomm.,Bonus,,Cagliari Como Lazio
7027,,,,0,derivato_da_rigori_calciati_2025-26,,,,,,aggiunto dal listone ufficiale del 7 settembre 2026,,
7036,,0.034,,0,derivato_da_rigori_calciati_2025-26,,,,,Quarta,Affidabile,,Inter Parma Bologna
7048,,,,,,,,,,R,,,Lazio Napoli Juventus
7060,,,,,,,,,,Quarta,Scommessa,,Juventus Lazio Lecce
7068,,0.386,,0,derivato_da_rigori_calciati_2025-26,,,,,Scommessa,,Jolly,Atalanta Lecce Napoli
7069,,0.143,,0,derivato_da_rigori_calciati_2025-26,,,,,jolly,Scommessa,Mod.,Juventus Lazio Lecce
7070,,0.515,,0,derivato_da_rigori_calciati_2025-26,,,,,Scomm.,Bonus,Subentrante,Milan Sassuolo Juventus
7071,,0.449,,0,derivato_da_rigori_calciati_2025-26,,,,,Scomm.,Subentrante,Scommessa,Milan Sassuolo Juventus
7078,,,,,,,,,,Semi-Top,Bonus,Scommessa,Cagliari Como Lazio
7092,,,,,,,,,,,,,Genoa Lecce Milan
7120,,0.189,,0,derivato_da_rigori_calciati_2025-26,,,,,Scomm.,Scommessa,,Roma Bologna Frosinone
7125,,0.215,,0,derivato_da_rigori_calciati_2025-26,,,,,Scommessa,Bonus,Jolly,Atalanta Fiorentina Venezia
7126,,0.462,,0,derivato_da_rigori_calciati_2025-26,,,,,Top,Bonus,Affidabile,Fiorentina Frosinone Genoa
7127,,0.201,,0,derivato_da_rigori_calciati_2025-26,,,,,,Bonus,Infortuni,Fiorentina Frosinone Genoa
7128,,0.188,,0,derivato_da_rigori_calciati_2025-26,,,,,,aggiunto dal listone ufficiale del 7 settembre 2026,,
7129,,0.505,,0,derivato_da_rigori_calciati_2025-26,,,,,Scomm.,Bonus,Affidabile,Fiorentina Frosinone Genoa
7131,,0.338,,0,derivato_da_rigori_calciati_2025-26,,,,,jolly,Scommessa,,Roma Genoa Torino
7138,,0.315,,0,derivato_da_rigori_calciati_2025-26,,,,,,Inaffidabile,Cartellini,Lecce Sassuolo Milan
7146,,0.668,,0,derivato_da_rigori_calciati_2025-26,,,,,,Scommessa,,Lecce Venezia Atalanta
7154,,0.0,,0,derivato_da_rigori_calciati_2025-26,,,,,titolare,,,Inter Parma Bologna
7156,,,,0,derivato_da_rigori_calciati_2025-26,,,,,,,,Inter Parma Bologna
7157,,0.067,,0,derivato_da_rigori_calciati_2025-26,,,,,,aggiunto dal listone ufficiale del 7 settembre 2026,,
7158,,0.053,,0,derivato_da_rigori_calciati_2025-26,,,,,,aggiunto dal listone ufficiale del 7 settembre 2026,,
7161,,0.126,,0,derivato_da_rigori_calciati_2025-26,,,,,,Scommessa,Subentrante,Genoa Lecce Milan
7162,,0.548,,0,derivato_da_rigori_calciati_2025-26,,,,,,Scommessa,Affidabile,Roma Bologna Frosinone
7164,,0.009,,0,derivato_da_rigori_calciati_2025-26,,,,,,aggiunto dal listone ufficiale del 7 settembre 2026,,
7165,,0.081,,0,derivato_da_rigori_calciati_2025-26,,,,,,,,Atalanta Fiorentina Venezia
7172,,0.103,,0,derivato_da_rigori_calciati_2025-26,,,,,R,,,Atalanta Lecce Napoli
7175,,0.293,,0,derivato_da_rigori_calciati_2025-26,,,,,jolly,Bonus,Scommessa,Cagliari Como Lazio
7181,,0.723,,0,derivato_da_rigori_calciati_2025-26,,,,,Top,Titolare,Mod.,Lazio Napoli Juventus
7182,,0.156,,0,derivato_da_rigori_calciati_2025-26,,,,,Scommessa,,,Parma Bologna Fiorentina
7183,,0.146,,0,derivato_da_rigori_calciati_2025-26,,,,,,Inaffidabile,,Juventus Lazio Lecce
7198,,0.498,,0,derivato_da_rigori_calciati_2025-26,,,,,Titolare,Scommessa,Bonus,Genoa Lecce Milan
7202,,0.23,,0,derivato_da_rigori_calciati_2025-26,,,,,Scommessa,,Cartellini,Lecce Sassuolo Milan
7203,,0.206,,0,derivato_da_rigori_calciati_2025-26,,,,,Scomm.,Scommessa,Affidabile,Inter Parma Cagliari
7208,,0.288,,0,derivato_da_rigori_calciati_2025-26,,,,,,Scommessa,Calci Piazzati,Genoa Lecce Milan
7209,,0.536,,0,derivato_da_rigori_calciati_2025-26,,,,,,aggiunto dal listone ufficiale del 7 settembre 2026,,
7211,,0.235,,0,derivato_da_rigori_calciati_2025-26,,,,,,aggiunto dal listone ufficiale del 7 settembre 2026,,
7212,,0.617,,0,derivato_da_rigori_calciati_2025-26,,,,,titolare,Mod.,,Atalanta Lecce Napoli
7213,,,,0,derivato_da_rigori_calciati_2025-26,,,,,,Infortuni,,Lecce Sassuolo Milan
7219,,0.459,,0,derivato_da_rigori_calciati_2025-26,,,,,Terza,Scommessa,Mod.,Frosinone Bologna Cagliari
7220,,0.566,,0,derivato_da_rigori_calciati_2025-26,,,,,Quarta,Bonus,Mod.,Juventus Lazio Lecce
7223,,0.183,,0,derivato_da_rigori_calciati_2025-26,,,,,Scomm.,Scommessa,Affidabile,Roma Bologna Frosinone
7232,,,,,,,,,,Scomm.,Scommessa,Affidabile,Cagliari Monza Bologna
7235,,0.477,,0,derivato_da_rigori_calciati_2025-26,,,,,titolare,Inaffidabile,Cartellini,Lecce Sassuolo Milan
7238,,0.018,,0,derivato_da_rigori_calciati_2025-26,,,,,titolare,Scommessa,,Lecce Venezia Atalanta
7240,,0.497,,0,derivato_da_rigori_calciati_2025-26,,,,,titolare,Inaffidabile,,Parma Bologna Fiorentina
7248,,0.008,,0,derivato_da_rigori_calciati_2025-26,,,,,Titolare,,,Parma Bologna Fiorentina
7249,,0.259,,0,derivato_da_rigori_calciati_2025-26,,,,,,aggiunto dal listone ufficiale del 7 settembre 2026,,
7252,,0.501,,2,derivato_da_rigori_calciati_2025-26,,,,,,Inaffidabile,,Parma Bologna Fiorentina
7253,,0.394,,0,derivato_da_rigori_calciati_2025-26,,,,,titolare,,,Cagliari Monza Bologna
7255,,0.615,,0,derivato_da_rigori_calciati_2025-26,,,,,Scommessa,,Bonus,Lecce Sassuolo Milan
7260,,0.146,,0,derivato_da_rigori_calciati_2025-26,,,,,titolare,Mod.,Jolly,Lecce Venezia Atalanta
7268,,0.388,,0,derivato_da_rigori_calciati_2025-26,,,,,titolare,Inaffidabile,,Atalanta Fiorentina Venezia
7272,,0.108,,0,derivato_da_rigori_calciati_2025-26,,,,,,,,Genoa Lecce Milan
7274,,0.504,,0,derivato_da_rigori_calciati_2025-26,,,,,titolare,Inaffidabile,,Atalanta Fiorentina Venezia
7276,,0.036,,0,derivato_da_rigori_calciati_2025-26,,,,,,,,Lecce Sassuolo Milan
7294,,,,,,,,,,Terza,,,Cagliari Como Lazio
7301,,,,0,derivato_da_rigori_calciati_2025-26,,,,,R,Scommessa,,Lecce Venezia Atalanta
7311,,,,,,,,,,Quarta,Titolare,Bonus,Atalanta Fiorentina Venezia
7312,,0.051,,0,derivato_da_rigori_calciati_2025-26,,,,,,,,Genoa Lecce Milan
7313,,0.067,,0,derivato_da_rigori_calciati_2025-26,,,,,,aggiunto dal listone ufficiale del 7 settembre 2026,,
7314,,0.415,,0,derivato_da_rigori_calciati_2025-26,,,,,Terza,Affidabile,Titolare,Roma Fiorentina Torino
7317,,0.02,,0,derivato_da_rigori_calciati_2025-26,,,,,,Scommessa,,Atalanta Fiorentina Venezia
7318,,0.284,,0,derivato_da_rigori_calciati_2025-26,,,,,,Scommessa,,Parma Bologna Fiorentina
7319,,0.023,,0,derivato_da_rigori_calciati_2025-26,,,,,,,,Parma Bologna Fiorentina
7322,,0.248,,0,derivato_da_rigori_calciati_2025-26,,,,,,,,Parma Bologna Fiorentina
7326,,0.145,,0,derivato_da_rigori_calciati_2025-26,,,,,titolare,,,Atalanta Lecce Napoli
7329,,0.332,,0,derivato_da_rigori_calciati_2025-26,,,,,jolly,Mod.,Bonus,Inter Parma Bologna
7332,,0.409,,0,derivato_da_rigori_calciati_2025-26,,,,,3° Fascia,Titolare,,Juventus Bologna Como
7337,,0.237,,0,derivato_da_rigori_calciati_2025-26,,,,,R,Jolly,Mod.,Roma Genoa Torino
7338,,0.007,,0,derivato_da_rigori_calciati_2025-26,,,,,,aggiunto dal listone ufficiale del 7 settembre 2026,,
7341,,0.162,,0,derivato_da_rigori_calciati_2025-26,,,,,,,,Juventus Bologna Como
7342,,0.087,,0,derivato_da_rigori_calciati_2025-26,,,,,,Subentrante,,Lecce Sassuolo Milan
7345,,0.002,,0,derivato_da_rigori_calciati_2025-26,,,,,Top,,,Roma Fiorentina Torino
7346,,0.001,,0,derivato_da_rigori_calciati_2025-26,,,,,,aggiunto dal listone ufficiale del 7 settembre 2026,,
7347,,0.354,,0,derivato_da_rigori_calciati_2025-26,,,,,Terza,Scommessa,Bonus,Inter Parma Bologna
7349,,0.083,,0,derivato_da_rigori_calciati_2025-26,,,,,,Scommessa,Subentrante,Juventus Lazio Lecce
7351,,0.244,,0,derivato_da_rigori_calciati_2025-26,,,,,Terza,Bonus,Affidabile,Roma Bologna Frosinone
7356,,0.046,,0,derivato_da_rigori_calciati_2025-26,,,,,,aggiunto dal listone ufficiale del 7 settembre 2026,,
7357,,,,0,derivato_da_rigori_calciati_2025-26,,,,,,,,Fiorentina Frosinone Genoa
7363,,,,0,derivato_da_rigori_calciati_2025-26,,,,,R,,,Juventus Lazio Lecce
7374,,0.095,,0,derivato_da_rigori_calciati_2025-26,,,,,Scomm.,Affidabile,,Atalanta Fiorentina Venezia
7392,,,,,,,,,,,aggiunto dal listone ufficiale del 7 settembre 2026,,
7396,,,,,,,,,,,aggiunto dal listone ufficiale del 7 settembre 2026,,
7407,,,,,,,,,,,aggiunto dal listone ufficiale del 7 settembre 2026,,
7408,,,,,,,,,,,,,Cagliari Monza Bologna
7409,,,,,,,,,,,Scommessa,,Juventus Bologna Como
7410,,,,,,,,,,jolly,,,Cagliari Como Lazio
7411,,,,,,,,,,3° Fascia,,,Lecce Sassuolo Milan
7412,,,,,,,,,,Quarta,,,Fiorentina Frosinone Genoa
7413,,,,,,,,,,Scommessa,,,Juventus Bologna Como
7414,,,,,,,,,,jolly,,,Fiorentina Frosinone Genoa
7418,,,,,,,,,,,Scommessa,,Genoa Lecce Milan
7436,,,,,,,,,,Semi-Top,Bonus,Scommessa,Torino Genoa Roma
7449,,,,,,,,,,Scomm.,Scommessa,,Cagliari Monza Bologna
7453,,,,,,,,,,,Scommessa,Subentrante,Juventus Bologna Como
7454,,,,,,,,,,,,,Cagliari Monza Bologna
7456,,,,,,,,,,,Cartellini,,Atalanta Como Napoli
7457,,,,,,,,,,R,Jolly,,Juventus Lazio Lecce
7463,,,,,,,,,,R,,,Atalanta Como Napoli
7464,,,,,,,,,,Scomm.,Scommessa,,Cagliari Como Lazio
7466,,,,,,,,,,R,,,Atalanta Como Napoli
7467,,,,,,,,,,titolare,,Mod.,Atalanta Como Napoli
7468,,,,,,,,,,,aggiunto dal listone ufficiale del 7 settembre 2026,,
7469,,,,,,,,,,Quarta,Bonus,Titolare,Atalanta Como Napoli
7470,,,,,,,,,,,aggiunto dal listone ufficiale del 7 settembre 2026,,
7471,,,,,,,,,,,aggiunto dal listone ufficiale del 7 settembre 2026,,
7472,,,,,,,,,,Terza,Titolare,Rigorista,Atalanta Como Napoli
7473,,,,,,,,,,,,,Atalanta Como Napoli
7474,,,,,,,,,,,Scommessa,Cartellini,Atalanta Como Napoli
7475,,,,,,,,,,R,,,Lecce Venezia Atalanta
7476,,,,,,,,,,Scommessa,,,Lecce Venezia Atalanta
7477,,,,,,,,,,,Subentrante,,Lecce Venezia Atalanta
7478,,,,,,,,,,Scommessa,,,Cagliari Monza Bologna
7481,,,,,,,,,,,,,Cagliari Monza Bologna
7482,,,,,,,,,,,,,Cagliari Monza Bologna
7483,,,,,,,,,,,,,Atalanta Lecce Napoli
7484,,,,,,,,,,Quarta,Scommessa,,Cagliari Monza Bologna
7485,,,,,,,,,,Quarta,,,Lecce Venezia Atalanta
7523,,,,,,,,,,Quarta,Scommessa,Bonus,Lecce Venezia Atalanta
7525,,,,,,,,,,,,,Inter Parma Cagliari
7526,,,,,,,,,,Quarta,,,Juventus Lazio Lecce
7528,,,,,,,,,,,,,Atalanta Lecce Napoli
7529,,,,,,,,,,jolly,,,Lazio Napoli Juventus
7531,,,,,,,,,,R,,,Cagliari Monza Bologna
7532,,,,,,,,,,,,,Atalanta Fiorentina Venezia
7533,,,,,,,,,,R,,,Atalanta Lecce Napoli
7534,,,,,,,,,,R,,,Roma Genoa Torino
7535,,,,,,,,,,Titolare,Scommessa,,Juventus Lazio Lecce
7536,,,,,,,,,,,Scommessa,Subentrante,Lecce Sassuolo Milan
7537,,,,,,,,,,Scommessa,,Bonus,Juventus Bologna Como
7538,,,,,,,,,,Scommessa,,,Cagliari Monza Bologna
7540,,,,,,,,,,Scommessa,,Infortuni,Atalanta Como Napoli
7545,,,,,,,,,,,aggiunto dal listone ufficiale del 7 settembre 2026,,
7546,,,,,,,,,,,Subentrante,,Lecce Venezia Atalanta
7547,,,,,,,,,,Scomm.,Scommessa,,Atalanta Fiorentina Venezia
7548,,,,,,,,,,,,,Atalanta Fiorentina Venezia
7550,,,,,,,,,,,Cartellini,,Atalanta Como Napoli
7551,,,,,,,,,,Quarta,Scommessa,Bonus,Atalanta Como Napoli
7553,,,,,,,,,,,,,Atalanta Como Napoli
7554,,,,,,,,,,Quarta,Scommessa,,Lecce Sassuolo Milan
7556,,,,,,,,,,Semi-Top,Affidabile,Bonus,Lazio Napoli Juventus
7557,,,,,,,,,,R,,,Parma Bologna Fiorentina
7560,,,,,,,,,,R,,,Atalanta Como Napoli
7561,,,,,,,,,,,,,Lecce Sassuolo Milan
7563,,,,,,,,,,Scommessa,Jolly,,Roma Bologna Frosinone
7564,,,,,,,,,,titolare,Scommessa,,Inter Parma Bologna
7568,,,,,,,,,,,,,Lecce Sassuolo Milan
7571,,,,,,,,,,,Scommessa,,Parma Bologna Fiorentina
7572,,,,,,,,,,,,,Inter Parma Cagliari
7573,,,,,,,,,,titolare,Scommessa,Inaffidabile,Inter Parma Bologna
7574,,,,,,,,,,,Scommessa,,Lecce Venezia Atalanta
7575,,,,,,,,,,Titolare,Inaffidabile,,Lecce Venezia Atalanta
7579,,,,,,,,,,,,,Atalanta Fiorentina Venezia
7580,,,,,,,,,,jolly,Scommessa,,Roma Genoa Torino
7599,,,,,,,,,,jolly,Scommessa,Bonus,Lazio Napoli Juventus
7600,,,,,,,,,,,Subentrante,Scommessa,Juventus Bologna Como
7602,,,,,,,,,,,,,Parma Bologna Fiorentina
7603,,,,,,,,,,R,jolly,,Torino Genoa Roma
7604,,,,,,,,,,,,,Lecce Venezia Atalanta
7605,,,,,,,,,,,,,Atalanta Como Napoli
7610,,,,,,,,,,,,,Atalanta Como Napoli
7611,,,,,,,,,,R,,,Genoa Lecce Milan
7612,,,,,,,,,,Scomm.,Scommessa,,Atalanta Como Napoli
7615,,,,,,,,,,titolare,Scommessa,,Lecce Sassuolo Milan
7618,,,,,,,,,,Scomm.,Scommessa,Bonus,Inter Parma Cagliari
7619,,,,,,,,,,,,,Parma Bologna Fiorentina
7620,,,,,,,,,,,,,Lecce Venezia Atalanta
7621,,,,,,,,,,Scommessa,,,Atalanta Fiorentina Venezia
7622,,,,,,,,,,,,,Juventus Bologna Como
7623,,,,,,,,,,,,,Cagliari Como Lazio
7624,,,,,,,,,,,,,Juventus Lazio Lecce
7625,,,,,,,,,,Semi-Top,Scommessa,Bonus,Cagliari Como Lazio
7626,,,,,,,,,,R,,,Frosinone Bologna Cagliari
7627,,,,,,,,,,,aggiunto dal listone ufficiale del 7 settembre 2026,,
7628,,,,,,,,,,,aggiunto dal listone ufficiale del 7 settembre 2026,,
