id,titolarita,accordo,presenze_web,fonti,ballottaggio_con,ballottaggio_pct,rigorista,stato,rientro_stimato,partite_saltate,fuori_lista
3,0.004,0.991,2.4,1,,,,,,,0
4,0.004,0.991,2.4,1,,,,,,,0
22,0.068,0.864,15.6,2,,,,,,,0
133,0.82,0.641,28.4,5,,,,,,,0
152,0.729,0.458,26.2,3,5172|7070,42|,2,,,,0
158,0.001,0.998,2.3,1,,,,,,,0
184,0.797,0.594,27.3,4,,,2,,,,0
218,0.0,1.0,0.0,0,,,,,,,1
219,0.001,0.998,2.3,1,,,,,,,0
252,0.018,0.964,13.7,1,,,,,,,0
254,0.777,0.555,26.6,5,,,,,,,0
256,0.555,0.11,22.8,5,,,,,,,0
283,0.004,0.991,2.4,1,,,,,,,0
294,0.022,0.957,13.8,1,,,,,,,0
309,0.885,0.77,28.2,5,,,2,,,,0
313,0.0,1.0,0.0,0,,,,,,,1
327,0.0,1.0,13.4,0,,,,,,,0
333,0.0,1.0,14.1,0,,,,problema al quadricipite,2026-10-12,1,0
383,0.0,1.0,0.0,0,,,,,,,1
418,0.018,0.964,13.7,1,,,,,,,0
460,0.0,1.0,0.0,0,,,,,,,1
487,0.074,0.853,14.7,2,,,,,,,0
526,0.0,1.0,14.5,0,,,,,,,0
530,0.022,0.955,14.9,1,,,,,,,0
531,0.679,0.357,24.7,5,,,1,,,,0
536,0.84,0.68,27.9,5,6831,67,3,,,,0
543,0.001,0.998,2.3,1,,,,,,,0
554,0.359,0.282,19.5,4,4887,,,,,,0
572,0.677,0.354,23.8,5,,,,,,,0
608,0.047,0.907,14.0,2,,,,,,,0
610,0.004,0.991,2.4,1,,,,,,,0
632,0.96,0.92,29.9,6,,,1,,,,0
779,0.896,0.792,28.8,5,,,,,,,0
787,0.0,1.0,0.0,0,,,,,,,1
791,0.076,0.847,14.7,2,,,,,,,0
795,0.153,0.695,16.9,3,6164,,,,,,0
801,0.069,0.863,15.6,2,,,,,,,0
827,0.653,0.306,15.1,5,,,,rottura del menisco esterno del ginocchio,2027-01-06,13,0
1850,0.558,0.117,23.4,5,5119|2077,73|,2,,,,0
1852,0.508,0.016,22.0,5,,,,,,,0
1870,0.964,0.928,29.9,5,,,,,,,0
1871,0.549,0.097,21.2,2,,,,"lesione del menisco laterale del ginocchio sinistro, operato a fine settembre",2026-10-27,3,0
1926,0.001,0.998,2.3,1,,,,,,,0
1930,0.001,0.998,2.3,1,,,,,,,0
1933,0.776,0.551,26.9,5,7624,,3,,,,0
2012,0.0,1.0,0.0,0,,,,,,,1
2038,0.309,0.382,18.4,6,6398,85,3,,,,0
2061,0.835,0.67,27.3,5,,,2,,,,0
2077,0.259,0.481,18.7,2,1850,,,,,,0
2097,0.503,0.005,21.7,4,7017,62,2,,,,0
2115,0.0,0.935,0.0,1,,,,,,,1
2120,0.905,0.81,28.8,5,,,,,,,0
2127,0.001,0.998,2.3,1,,,,,,,0
2134,0.965,0.931,33.0,6,,,,,,,0
2137,0.702,0.404,25.1,5,6435,,1,,,,0
2155,0.546,0.092,22.4,4,6145,,1,,,,0
2167,0.548,0.095,23.3,5,,,1,,,,0
2169,0.092,0.817,15.0,3,,,,,,,0
2170,0.22,0.56,9.3,2,,,,,,,0
2188,0.168,0.663,16.3,5,,,,,,,0
2194,0.309,0.382,19.4,5,,,1,,,,0
2263,0.035,0.931,14.0,1,7131,,,,,,0
2296,0.899,0.799,28.7,5,,,,,,,0
2297,0.0,1.0,2.3,0,,,,,,,0
2379,0.799,0.597,27.3,6,4892|4199,|,,,,,0
2401,0.0,1.0,0.0,0,,,,,,,1
2404,0.03,0.939,13.9,1,,,,,,,0
2423,0.542,0.083,23.2,5,4892,92,2,,,,0
2514,0.205,0.591,16.9,4,4159|6217,69|,,,,,0
2517,0.664,0.329,25.1,3,4220,58,1,,,,0
2521,0.964,0.928,33.0,5,,,,,,,0
2528,0.91,0.82,29.1,5,,,,,,,0
2529,0.107,0.786,16.2,2,,,,,,,0
2531,0.0,1.0,0.0,0,,,,,,,1
2593,0.0,1.0,0.0,0,,,,,,,1
2606,0.814,0.628,27.5,6,7203,,3,,,,0
2640,0.321,0.357,18.9,2,7219,10,,,,,0
2724,0.0,1.0,8.9,0,,,,"menisco del ginocchio destro, operato",2026-12-27,11,0
2728,0.0,1.0,13.4,0,,,,,,,0
2741,0.068,0.864,13.2,2,,,3,lussazione della rotula del ginocchio destro,2026-11-02,5,0
2764,0.813,0.627,26.9,5,,,3,,,,0
2765,0.346,0.307,18.8,2,,,,lesione ai flessori della coscia destra,2026-10-18,2,0
2766,0.495,0.01,21.1,4,,,3,lesione muscolare al bicipite femorale destro,2026-10-18,2,0
2788,0.965,0.931,29.8,6,,,,,,,0
2809,0.001,0.998,2.3,1,,,,,,,0
2814,0.004,0.991,2.4,1,,,,,,,0
2815,0.004,0.991,2.4,1,,,,,,,0
2816,0.964,0.928,29.8,5,,,,,,,0
2832,0.186,0.628,13.4,3,7436,,,lesione di medio grado del bicipite femorale,2026-11-15,6,0
2845,0.001,0.998,2.3,1,,,,,,,0
2848,0.892,0.785,28.8,6,,,,,,,0
2857,0.036,0.928,15.1,1,5823,,,,,,0
2874,0.001,0.998,2.3,1,,,,,,,0
4137,0.695,0.39,25.2,5,,,,,,,0
4147,0.442,0.117,20.9,2,,,,,,,0
4159,0.921,0.842,29.1,5,2514,96,,,,,0
4177,0.176,0.648,16.4,2,,,,,,,0
4179,0.611,0.222,24.3,3,,,,,,,0
4199,0.293,0.415,19.2,2,2379,,,,,,0
4210,0.566,0.132,23.0,5,,,,,,,0
4220,0.359,0.282,20.2,3,2517,65,,lesione miofasciale di basso grado dell adduttore lungo,2026-10-10,0,0
4236,0.892,0.785,30.7,5,,,,,,,0
4260,0.929,0.858,29.4,6,,,,,,,0
4263,0.694,0.389,25.2,6,6925,95,,,,,0
4287,0.953,0.907,29.8,5,,,,,,,0
4312,0.965,0.931,33.0,6,,,,,,,0
4317,0.528,0.056,22.4,5,,,,,,,0
4349,0.0,1.0,11.0,0,,,,"lesione alla coscia destra, operato",2026-12-05,8,0
4359,0.758,0.515,26.0,3,6675,,,,,,0
4360,0.965,0.931,33.0,6,,,,,,,0
4364,0.501,0.002,22.5,5,,,,,,,0
4371,0.294,0.411,18.2,3,6844,40,,,,,0
4374,0.034,0.932,13.6,1,,,,trauma contusivo alla gamba destra,2026-10-15,1,0
4375,0.061,0.878,14.4,2,,,,lesione di basso grado del bicipite femorale,2026-10-10,0,0
4378,0.641,0.282,24.3,2,,,,,,,0
4387,0.0,1.0,12.8,0,,,,"schiena, operato",2026-10-15,1,0
4401,0.129,0.741,15.6,4,,,,,,,0
4409,0.964,0.928,29.8,5,,,,,,,0
4431,0.964,0.928,33.0,5,,,,,,,0
4433,0.636,0.271,24.2,5,5678,62,,,,,0
4436,0.598,0.196,24.1,5,,,,,,,0
4459,0.464,0.073,21.3,4,,,,lesione muscolare al polpaccio,2026-10-15,1,0
4461,0.0,0.948,0.0,1,,,,,,,1
4463,0.458,0.084,20.9,3,7347,,2,,,,0
4465,0.788,0.576,27.1,3,7464,38,,,,,0
4468,0.004,0.991,2.4,1,,,,,,,0
4479,0.184,0.632,17.4,2,,,,,,,0
4485,0.328,0.345,12.7,2,7301,42,,,,,0
4502,0.814,0.628,27.2,6,7182,,,,,,0
4510,0.0,1.0,0.0,0,,,,,,,1
4518,0.0,1.0,2.3,0,,,,,,,0
4657,0.944,0.889,29.5,6,,,,,,,0
4664,0.139,0.722,15.8,5,6202,68,,,,,0
4686,0.0,1.0,0.0,0,,,,,,,1
4705,0.467,0.066,21.3,2,,,,,,,0
4728,0.0,1.0,0.0,0,,,,,,,1
4734,0.797,0.594,27.0,5,,,,,,,0
4751,0.022,0.957,13.8,1,,,,,,,0
4772,0.0,1.0,0.0,0,,,,,,,1
4777,0.594,0.189,24.0,5,,,,,,,0
4807,0.932,0.864,29.2,5,7529,,,,,,0
4817,0.253,0.495,17.7,3,5620,,,,,,0
4845,0.519,0.038,22.2,3,6821|5695,72|,,,,,0
4856,0.852,0.705,28.1,6,,,,,,,0
4867,0.004,0.991,2.4,1,,,,,,,0
4870,0.965,0.931,29.9,6,,,,,,,0
4871,0.659,0.318,24.3,5,7071,,,,,,0
4887,0.673,0.346,24.8,3,554,,,,,,0
4892,0.257,0.486,18.6,2,2423|2379|6618,38||,,,,,0
4896,0.882,0.764,28.1,6,,,2,,,,0
4911,0.911,0.823,29.1,5,5680,,,,,,0
4923,0.759,0.519,26.0,5,,,1,,,,0
4925,0.959,0.917,29.7,5,,,,,,,0
4929,0.0,1.0,0.0,0,,,,,,,1
4947,0.192,0.616,17.6,2,,,,,,,0
4952,0.671,0.343,24.8,5,,,,,,,0
4957,0.004,0.991,2.4,1,,,,,,,0
4964,0.965,0.931,33.0,6,,,,,,,0
4970,0.296,0.408,19.2,2,,,,,,,0
4973,0.722,0.444,26.1,4,,,,,,,0
4976,0.965,0.931,29.8,6,,,,,,,0
4994,0.91,0.819,28.9,6,,,,,,,0
4998,0.648,0.296,24.4,5,7599,,,,,,0
5007,0.7,0.399,25.7,6,7322,,,,,,0
5010,0.346,0.307,19.3,2,,,,,,,0
5022,0.965,0.931,29.8,6,,,,,,,0
5029,0.365,0.271,19.4,4,7252,,1,,,,0
5036,0.138,0.724,16.7,2,,,,,,,0
5116,0.964,0.928,33.0,5,,,,,,,0
5119,0.558,0.117,23.4,2,1850,29,,,,,0
5131,0.513,0.027,22.7,2,,,,,,,0
5172,0.497,0.005,22.5,4,152,56,,,,,0
5273,0.599,0.198,23.6,3,6496,,,,,,0
5295,0.493,0.014,22.4,4,,,,,,,0
5298,0.634,0.268,24.6,3,7528,,,,,,0
5301,0.19,0.619,17.5,2,,,,,,,0
5307,0.066,0.867,14.5,2,,,,,,,0
5319,0.716,0.433,26.0,5,6994,56,,,,,0
5320,0.0,1.0,0.0,0,,,,,,,1
5336,0.026,0.948,13.6,1,7547,17,1,,,,0
5365,0.964,0.928,29.8,5,,,,,,,0
5399,0.018,0.964,13.7,1,,,,,,,0
5422,0.206,0.589,17.8,3,,,,,,,0
5424,0.036,0.928,14.0,1,,,,,,,0
5427,0.0,1.0,0.0,0,,,,,,,1
5436,0.625,0.25,23.8,4,,,,,,,0
5449,0.0,1.0,10.2,0,,,,infortunio al legamento crociato,2026-12-05,8,0
5453,0.119,0.761,16.4,2,,,,,,,0
5457,0.53,0.059,23.0,2,7248,,,,,,0
5462,0.043,0.913,15.2,1,,,,,,,0
5481,0.118,0.765,15.4,3,6821,,,,,,0
5485,0.0,1.0,0.0,0,,,,,,,1
5498,0.027,0.946,13.9,1,,,,,,,0
5500,0.401,0.198,20.9,2,5800,,,,,,0
5504,0.965,0.931,29.9,6,6015,,,,,,0
5507,0.445,0.11,20.3,3,,,1,distrazione intratendinea del bicipite femorale destro,2026-10-18,2,0
5514,0.84,0.68,27.7,5,,,,,,,0
5520,0.075,0.851,14.7,2,,,,,,,0
5526,0.964,0.928,29.8,5,,,,,,,0
5527,0.104,0.792,15.2,2,,,,,,,0
5544,0.0,0.854,0.0,1,,,,,,,1
5555,0.944,0.889,29.5,6,,,,,,,0
5559,0.777,0.555,26.9,5,,,1,,,,0
5562,0.0,1.0,0.0,0,,,,"sindrome femoro-rotulea, operato il 3 settembre",2027-01-06,13,1
5578,0.431,0.138,16.3,1,6485,11,,lesione di medio-alto grado del bicipite femorale della coscia sinistra,2026-11-27,7,0
5585,0.81,0.619,26.9,5,,,1,,,,0
5589,0.819,0.637,27.6,5,,,,,,,0
5603,0.151,0.698,16.0,3,7410,,,,,,0
5620,0.802,0.604,27.0,5,4817,,,,,,0
5637,0.682,0.365,24.7,6,,,1,,,,0
5641,0.856,0.713,28.0,5,,,,,,,0
5672,0.0,0.615,0.0,1,,,,,,,1
5674,0.285,0.429,19.1,4,,,,noie fisiche,2026-10-10,0,0
5675,0.749,0.497,26.1,5,,,,,,,0
5678,0.329,0.343,15.0,1,4433,38,,"problema muscolare alla coscia, ha deciso di operarsi",2026-11-27,7,0
5680,0.158,0.684,17.0,3,4911,,,,,,0
5685,0.188,0.623,17.5,2,,,,,,,0
5687,0.943,0.885,29.6,5,,,1,,,,0
5694,0.201,0.598,16.6,3,7023,58,3,,,,0
5695,0.381,0.239,19.9,3,4845,,,,,,0
5701,0.965,0.931,29.8,6,,,,,,,0
5707,0.0,1.0,2.3,0,,,,,,,0
5725,0.0,1.0,14.5,0,,,,,,,0
5734,0.585,0.171,23.1,2,7556,,,,,,0
5735,0.377,0.246,20.5,1,,,,lesione di grado moderato al flessore della gamba destra,2026-10-10,0,0
5739,0.865,0.729,28.1,4,,,,,,,0
5742,0.129,0.741,15.6,4,,,,,,,0
5750,0.937,0.874,29.3,5,,,2,,,,0
5751,0.122,0.756,15.5,2,,,,,,,0
5757,0.367,0.266,19.6,2,,,,,,,0
5761,0.13,0.74,16.6,2,,,,,,,0
5791,0.964,0.928,29.9,5,,,,,,,0
5792,0.926,0.853,29.3,5,,,,,,,0
5800,0.191,0.618,17.0,3,6398|5500,|,,problema alla spalla sinistra in nazionale,2026-10-12,1,0
5812,0.026,0.948,13.8,1,,,,,,,0
5813,0.0,1.0,0.0,0,,,,,,,1
5820,0.107,0.786,15.2,3,,,,,,,0
5823,0.829,0.659,27.8,5,2857,,,,,,0
5831,0.03,0.939,13.9,1,,,,,,,0
5833,0.95,0.899,29.5,6,,,,,,,0
5838,0.925,0.849,29.1,4,,,,,,,0
5840,0.445,0.11,21.0,2,,,,,,,0
5841,0.964,0.928,33.0,5,,,,,,,0
5844,0.598,0.196,24.1,3,6677,,,,,,0
5850,0.026,0.948,14.9,1,,,,,,,0
5851,0.786,0.573,26.8,3,,,,,,,0
5858,0.93,0.86,29.4,4,,,,,,,0
5862,0.964,0.928,29.8,5,,,3,,,,0
5872,0.433,0.135,21.4,2,,,,,,,0
5876,0.0,1.0,0.0,0,,,,,,,1
5877,0.232,0.537,17.3,2,,,,,,,0
5878,0.425,0.151,21.3,4,6145|7620,44|,,,,,0
5880,0.0,1.0,14.1,0,,,,noie fisiche,2026-10-12,1,0
5882,0.172,0.655,16.1,2,,,,,,,0
5885,0.126,0.749,15.5,2,,,,,,,0
5888,0.494,0.013,22.4,5,6646,72,,,,,0
5918,0.0,1.0,13.2,0,,,,lesione del collaterale mediale del ginocchio sinistro,2026-10-05,0,0
5946,0.813,0.627,27.5,5,,,,,,,0
5951,0.896,0.792,28.3,6,6752,,1,,,,0
5982,0.095,0.81,15.0,3,,,,,,,0
5994,0.477,0.045,21.5,2,,,,,,,0
5995,0.851,0.702,27.6,5,,,,,,,0
5998,0.145,0.709,16.8,2,6506,,,,,,0
6005,0.122,0.756,16.5,2,,,,,,,0
6010,0.679,0.358,25.4,6,6815,,,,,,0
6015,0.0,1.0,14.5,0,5504,,3,sovraccarico muscolare alla gamba,2026-10-05,0,0
6020,0.885,0.77,28.7,3,7537,77,,,,,0
6021,0.852,0.705,27.9,5,,,,,,,0
6024,0.064,0.873,15.5,2,,,,,,,0
6039,0.022,0.957,13.8,1,,,,,,,0
6042,0.764,0.528,26.4,6,6766,,,,,,0
6046,0.0,1.0,12.2,0,,,,"lesione del tendine prossimale del semimembranoso, operato",2026-10-27,3,0
6047,0.465,0.07,21.3,2,,,,,,,0
6052,0.873,0.745,27.9,5,,,2,,,,0
6054,0.185,0.63,17.5,3,,,,,,,0
6060,0.964,0.928,29.5,5,,,3,,,,0
6145,0.07,0.86,14.4,2,5878|2155,59|,,,,,0
6149,0.027,0.946,13.9,1,,,,,,,0
6151,0.668,0.336,25.2,4,,,,,,,0
6164,0.386,0.228,19.7,4,795,,,,,,0
6170,0.383,0.233,20.6,2,7535,,,,,,0
6189,0.0,1.0,0.0,0,,,,,,,1
6190,0.226,0.548,18.1,2,,,,,,,0
6191,0.686,0.372,25.5,3,,,,,,,0
6202,0.036,0.928,14.0,1,4664,21,,,,,0
6204,0.959,0.917,29.4,5,,,,,,,0
6206,0.248,0.504,18.5,5,7561,56,,,,,0
6207,0.174,0.652,17.3,3,,,,,,,0
6212,0.09,0.819,15.9,2,,,,,,,0
6215,0.145,0.709,15.7,2,,,,,,,0
6217,0.655,0.311,24.5,3,2514,,,,,,0
6218,0.071,0.858,15.6,2,,,,,,,0
6219,0.0,1.0,14.1,0,,,,problema al ginocchio,2026-10-15,1,0
6225,0.275,0.451,18.9,2,,,,,,,0
6229,0.842,0.684,27.4,5,,,1,,,,0
6238,0.776,0.551,26.6,2,,,,,,,0
6241,0.0,1.0,14.5,0,,,,,,,0
6243,0.0,0.927,0.0,1,,,,,,,1
6244,0.0,1.0,0.0,0,,,,,,,1
6245,0.0,1.0,0.0,0,,,,,,,1
6246,0.226,0.548,18.1,2,,,,,,,0
6248,0.964,0.928,33.0,5,,,,,,,0
6252,0.792,0.583,27.2,5,,,,,,,0
6271,0.0,1.0,0.0,0,,,,,,,1
6274,0.772,0.544,26.9,3,,,,,,,0
6294,0.905,0.81,29.0,5,,,,,,,0
6319,0.026,0.948,13.8,1,,,,,,,0
6320,0.422,0.156,20.6,4,7580,69,,,,,0
6344,0.112,0.776,5.9,2,,,,,,,0
6372,0.457,0.087,21.8,3,,,,,,,0
6397,0.96,0.92,29.4,6,,,1,,,,0
6398,0.486,0.028,22.3,4,2038|5800,68|,,,,,0
6403,0.004,0.991,2.4,1,,,,,,,0
6410,0.052,0.896,15.3,2,,,,,,,0
6415,0.964,0.928,33.0,5,,,,,,,0
6424,0.0,1.0,0.0,0,,,,,,,1
6426,0.0,0.828,0.0,1,,,,,,,1
6434,0.274,0.451,14.1,3,,,3,"frattura del quinto metatarso, operato",2026-11-27,7,0
6435,0.28,0.44,17.9,2,2137,,3,,,,0
6462,0.965,0.931,33.0,6,,,,,,,0
6482,0.932,0.865,31.9,5,,,,,,,0
6485,0.567,0.135,23.0,5,5578,74,,,,,0
6495,0.794,0.587,26.9,5,,,,,,,0
6496,0.247,0.507,17.6,4,5273,,,,,,0
6503,0.022,0.955,14.9,1,,,,,,,0
6506,0.305,0.39,19.4,3,5998,,,,,,0
6519,0.026,0.948,13.6,1,,,,,,,0
6523,0.0,1.0,0.0,0,,,,,,,1
6530,0.589,0.178,23.2,3,,,,,,,0
6531,0.776,0.551,26.6,5,,,,,,,0
6534,0.749,0.497,26.1,5,,,,,,,0
6537,0.095,0.81,15.0,3,,,,,,,0
6549,0.842,0.684,28.0,6,7619,,,,,,0
6556,0.446,0.108,20.7,2,,,,,,,0
6569,0.004,0.991,2.4,1,,,,,,,0
6572,0.168,0.664,16.0,2,,,3,,,,0
6592,0.149,0.702,16.9,2,,,,,,,0
6593,0.646,0.293,24.8,2,,,,,,,0
6598,0.0,1.0,0.0,0,,,,,,,1
6601,0.022,0.955,13.8,1,,,,,,,0
6618,0.356,0.288,20.2,3,4892,,,,,,0
6629,0.153,0.694,16.9,2,,,,,,,0
6631,0.198,0.603,16.8,2,,,,,,,0
6632,0.766,0.531,26.4,6,,,,,,,0
6638,0.815,0.63,27.3,2,,,,,,,0
6640,0.068,0.865,5.2,1,,,,rottura del legamento crociato anteriore,2027-03-07,22,0
6641,0.0,1.0,0.0,0,,,,,,,1
6642,0.905,0.81,28.8,5,,,,,,,0
6643,0.0,1.0,0.0,0,,,,,,,1
6646,0.237,0.526,17.2,1,5888,18,,lesione distrattiva di basso grado all adduttore,2026-10-10,0,0
6650,0.001,0.998,2.3,1,,,,,,,0
6659,0.829,0.659,27.5,2,,,,,,,0
6660,0.953,0.907,29.6,5,,,,,,,0
6662,0.964,0.928,33.0,5,7411,58,,,,,0
6663,0.0,1.0,0.0,0,,,,,,,1
6664,0.964,0.928,29.8,5,,,,,,,0
6666,0.363,0.275,20.3,5,,,2,,,,0
6669,0.125,0.75,15.3,2,,,,,,,0
6671,0.001,0.998,2.3,1,,,,,,,0
6672,0.415,0.171,19.2,4,,,,lesione di grado moderato al quadricipite,2026-10-18,2,0
6673,0.0,1.0,12.2,0,,,,"anca, operato",2026-10-27,3,0
6675,0.214,0.573,16.8,4,4359,,3,,,,0
6677,0.391,0.217,20.8,4,7036|5844,74|,,,,,0
6678,0.054,0.892,15.4,2,,,,,,,0
6680,0.965,0.931,29.9,6,,,,,,,0
6681,0.248,0.504,17.6,2,,,,,,,0
6682,0.0,0.785,0.0,1,,,,,,,1
6684,0.955,0.91,29.8,6,,,,,,,0
6717,0.0,1.0,11.0,0,,,,"rottura di tibia e perone, operato",2026-12-05,8,0
6727,0.896,0.792,28.6,5,,,,,,,0
6752,0.137,0.726,15.5,3,5951,,2,,,,0
6766,0.21,0.58,17.0,2,6042,,,,,,0
6783,0.516,0.031,22.8,3,,,,,,,0
6809,0.0,1.0,12.6,0,,,,lesione di alto grado del collaterale mediale del ginocchio sinistro,2026-10-18,2,0
6813,0.001,0.998,2.3,1,,,,,,,0
6814,0.0,0.569,0.0,1,,,,,,,1
6815,0.156,0.688,17.0,2,6010,,,,,,0
6821,0.855,0.709,27.9,3,4845|5481,68|,,,,,0
6822,0.0,1.0,10.8,0,,,,lesione di medio grado del semitendinoso,2026-11-15,6,0
6826,0.026,0.948,13.8,1,,,,,,,0
6827,0.569,0.138,23.6,2,7625,38,,,,,0
6831,0.129,0.741,15.4,2,536|7351,10|,,,,,0
6833,0.049,0.901,15.3,1,,,,,,,0
6844,0.634,0.268,24.6,4,4371,65,,,,,0
6867,0.768,0.537,26.5,5,7414,42,,,,,0
6869,0.964,0.928,29.8,5,,,,,,,0
6875,0.937,0.874,29.5,5,,,,,,,0
6883,0.017,0.965,13.7,1,,,,,,,0
6884,0.807,0.615,27.4,6,,,,,,,0
6889,0.0,1.0,0.0,0,,,,,,,1
6890,0.51,0.02,22.1,2,,,,,,,0
6892,0.964,0.928,29.8,5,,,,,,,0
6893,0.166,0.668,16.2,2,,,,,,,0
6895,0.136,0.727,16.7,2,,,,,,,0
6896,0.138,0.724,15.8,4,,,,,,,0
6898,0.948,0.896,29.7,5,,,,,,,0
6903,0.075,0.851,15.7,2,,,,,,,0
6904,0.883,0.767,28.1,5,,,3,,,,0
6908,0.824,0.648,27.7,5,,,,,,,0
6916,0.0,1.0,0.0,0,,,,,,,1
6917,0.855,0.709,28.2,4,,,,,,,0
6925,0.12,0.76,15.4,2,4263,41,,,,,0
6956,0.705,0.41,25.4,6,,,2,,,,0
6966,0.82,0.641,28.4,5,,,,,,,0
6967,0.835,0.67,27.3,5,,,,,,,0
6977,0.134,0.732,15.7,2,,,,,,,0
6980,0.0,1.0,13.2,0,,,,"tendine rotuleo, operato",2026-10-27,3,0
6981,0.0,1.0,0.0,0,,,,,,,1
6984,0.0,1.0,0.0,0,,,,,,,1
6985,0.0,1.0,13.0,0,,,,rottura del legamento crociato anteriore,2026-10-15,1,0
6986,0.077,0.846,14.7,2,,,,,,,0
6989,0.457,0.087,21.2,6,,,,,,,0
6990,0.965,0.931,29.8,6,,,,,,,0
6994,0.864,0.727,28.3,3,5319,54,,,,,0
7001,0.309,0.382,18.4,3,,,,,,,0
7008,0.0,1.0,0.0,0,,,,,,,1
7012,0.932,0.865,29.2,5,,,,,,,0
7014,0.068,0.864,14.6,2,,,,,,,0
7017,0.476,0.048,21.2,3,2097,46,3,,,,0
7023,0.745,0.49,25.8,4,5694,51,,,,,0
7027,0.0,1.0,0.0,0,,,,,,,1
7036,0.709,0.418,25.8,5,6677,65,,,,,0
7048,0.001,0.998,2.3,1,,,,,,,0
7060,0.792,0.583,27.2,4,7220,71,,,,,0
7068,0.027,0.946,13.9,1,,,,,,,0
7069,0.422,0.156,20.6,3,,,,,,,0
7070,0.275,0.451,18.9,2,152,,,,,,0
7071,0.409,0.181,20.1,2,4871,,,,,,0
7078,0.889,0.777,28.7,5,,,2,,,,0
7092,0.017,0.965,14.8,1,,,,,,,0
7120,0.472,0.056,21.2,2,,,,,,,0
7125,0.0,1.0,12.2,0,,,,rottura del legamento crociato,2026-10-27,3,0
7126,0.747,0.494,26.4,5,,,,,,,0
7127,0.031,0.937,15.0,1,,,,,,,0
7128,0.0,1.0,0.0,0,,,,,,,1
7129,0.232,0.537,18.2,2,,,,,,,0
7131,0.785,0.569,26.7,3,2263,,,,,,0
7138,0.307,0.386,19.4,2,,,,,,,0
7146,0.052,0.896,15.3,2,,,,,,,0
7154,0.13,0.74,15.6,2,,,,,,,0
7156,0.0,1.0,12.2,0,,,,lesione del legamento crociato anteriore,2026-10-27,3,0
7157,0.0,1.0,0.0,0,,,,,,,1
7158,0.0,1.0,0.0,0,,,,,,,1
7161,0.146,0.708,15.7,2,,,,,,,0
7162,0.0,1.0,13.2,0,,,,"ernia inguinale, operato",2026-10-05,0,0
7164,0.0,1.0,0.0,0,,,,,,,1
7165,0.017,0.965,14.8,1,,,,,,,0
7172,0.112,0.776,5.9,2,,,,,,,0
7175,0.255,0.49,17.7,2,,,,,,,0
7181,0.788,0.576,26.8,5,,,,,,,0
7182,0.186,0.628,16.6,2,4502,,,,,,0
7183,0.054,0.892,15.4,2,,,,,,,0
7198,0.424,0.153,19.3,5,7208,61,,"aritmia, ablazione cardiaca",2026-10-27,3,0
7202,0.144,0.713,15.8,2,,,,,,,0
7203,0.127,0.747,16.5,2,2606,,,,,,0
7208,0.604,0.208,24.2,2,7198,28,,,,,0
7209,0.0,1.0,0.0,0,,,,,,,1
7211,0.0,1.0,0.0,0,,,,,,,1
7212,0.964,0.928,29.8,5,,,,,,,0
7213,0.136,0.727,15.5,2,,,,,,,0
7219,0.54,0.081,22.6,4,2640,67,,,,,0
7220,0.472,0.056,21.4,5,7060,52,,,,,0
7223,0.221,0.558,18.0,2,,,,,,,0
7232,0.113,0.774,16.3,2,,,,,,,0
7235,0.964,0.928,29.8,5,,,,,,,0
7238,0.89,0.781,28.5,3,,,,,,,0
7240,0.753,0.507,26.2,3,,,,,,,0
7248,0.277,0.446,18.9,5,5457,,,,,,0
7249,0.0,1.0,0.0,0,,,,,,,1
7252,0.611,0.222,23.5,4,5029,,2,,,,0
7253,0.49,0.02,21.7,4,,,,risentimento all adduttore della gamba destra,2026-10-05,0,0
7255,0.558,0.117,22.9,2,,,,,,,0
7260,0.102,0.795,14.7,3,,,,fascite plantare,2026-10-12,1,0
7268,0.903,0.806,28.7,6,,,,,,,0
7272,0.203,0.594,15.6,1,,,,problema alla caviglia,2026-10-18,2,0
7274,0.851,0.701,27.9,5,,,,,,,0
7276,0.064,0.873,15.5,2,,,,,,,0
7294,0.421,0.158,20.6,5,,,,,,,0
7301,0.533,0.066,19.3,5,4485,58,,,,,0
7311,0.96,0.92,29.9,6,,,,,,,0
7312,0.022,0.957,13.8,1,,,,,,,0
7313,0.0,1.0,0.0,0,,,,,,,1
7314,0.934,0.868,29.4,6,,,2,,,,0
7317,0.0,1.0,12.8,0,,,,in ripresa dopo il ricovero di agosto,2026-10-15,1,0
7318,0.026,0.948,14.9,1,,,,,,,0
7319,0.022,0.957,14.8,1,,,,,,,0
7322,0.382,0.236,20.6,3,5007,,,,,,0
7326,0.573,0.145,23.1,2,,,,,,,0
7329,0.155,0.689,16.0,4,,,,,,,0
7332,0.964,0.928,33.0,5,,,,,,,0
7337,0.07,0.859,4.5,3,,,,,,,0
7338,0.0,1.0,0.0,0,,,,,,,1
7341,0.173,0.654,17.3,2,,,,,,,0
7342,0.178,0.645,16.2,2,7554,,,,,,0
7345,0.0,1.0,14.5,0,,,,,,,0
7346,0.0,1.0,0.0,0,,,,,,,1
7347,0.443,0.113,20.7,3,4463,,,,,,0
7349,0.118,0.763,15.2,2,,,,,,,0
7351,0.318,0.364,17.4,4,6831,,,lesione di medio grado al bicipite femorale sinistro,2026-10-18,2,0
7356,0.0,1.0,0.0,0,,,,,,,1
7357,0.0,1.0,14.5,0,,,,,,,0
7363,0.001,0.998,2.3,1,,,,,,,0
7374,0.773,0.545,26.3,3,7547,,,,,,0
7392,0.0,1.0,0.0,0,,,,,,,1
7396,0.0,1.0,0.0,0,,,,,,,1
7407,0.0,1.0,0.0,0,,,,,,,1
7408,0.013,0.973,13.4,1,,,,,,,0
7409,0.048,0.903,14.8,1,,,,noie fisiche da valutare,2026-10-12,1,0
7410,0.693,0.386,25.2,4,5603,,,,,,0
7411,0.004,0.991,2.4,1,6662,42,,,,,0
7412,0.417,0.167,21.2,3,,,,,,,0
7413,0.059,0.882,14.4,2,,,,,,,0
7414,0.179,0.643,16.4,2,6867,50,,,,,0
7418,0.135,0.729,16.7,2,,,,,,,0
7436,0.526,0.052,22.9,2,2832,,,,,,0
7449,0.145,0.709,15.7,2,,,,,,,0
7453,0.0,1.0,12.8,0,,,,"caviglia, operato",2026-10-15,1,0
7454,0.022,0.955,13.8,1,,,,,,,0
7456,0.022,0.955,14.9,1,,,,,,,0
7457,0.22,0.56,9.3,2,,,,,,,0
7463,0.004,0.991,2.4,1,,,,,,,0
7464,0.259,0.483,18.6,4,4465,67,,,,,0
7466,0.0,1.0,2.3,0,,,,,,,0
7467,0.948,0.896,29.5,5,,,,,,,0
7468,0.0,1.0,0.0,0,,,,,,,1
7469,0.903,0.806,28.8,4,,,,,,,0
7470,0.0,1.0,0.0,0,,,,,,,1
7471,0.0,1.0,0.0,0,,,,,,,1
7472,0.953,0.907,29.8,5,7550,,1,,,,0
7473,0.178,0.645,17.3,2,,,,,,,0
7474,0.0,1.0,0.0,0,,,,,,,1
7475,0.001,0.998,2.3,1,,,,,,,0
7476,0.237,0.526,17.4,2,,,,,,,0
7477,0.114,0.772,16.3,2,,,,,,,0
7478,0.409,0.181,14.2,1,,,,"spalla, operato",2026-12-14,10,0
7481,0.022,0.957,14.8,1,,,,problema fisico,2026-10-10,0,0
7482,0.074,0.853,14.4,2,,,,,,,0
7483,0.189,0.621,16.6,2,,,,,,,0
7484,0.926,0.853,28.9,5,,,2,,,,0
7485,0.878,0.756,28.3,5,,,,,,,0
7523,0.937,0.874,29.0,5,,,2,,,,0
7525,0.017,0.965,13.7,1,,,,,,,0
7526,0.774,0.548,26.6,4,,,,,,,0
7528,0.226,0.548,18.1,4,5298,,,,,,0
7529,0.064,0.873,14.5,2,4807,,,,,,0
7531,0.0,1.0,2.3,0,,,,,,,0
7532,0.103,0.793,15.2,2,,,,,,,0
7533,0.001,0.998,2.3,1,,,,,,,0
7534,0.001,0.998,2.3,1,,,,,,,0
7535,0.889,0.777,28.7,5,6170,,,,,,0
7536,0.034,0.932,15.0,2,,,,,,,0
7537,0.113,0.774,15.3,3,6020,43,,,,,0
7538,0.223,0.555,17.2,2,,,,,,,0
7540,0.022,0.955,13.8,1,,,,,,,0
7545,0.0,1.0,0.0,0,,,,,,,1
7546,0.573,0.145,22.9,2,,,,,,,0
7547,0.323,0.354,18.7,5,5336|7374,67|,3,,,,0
7548,0.022,0.957,13.8,1,,,,,,,0
7550,0.068,0.864,13.2,2,7472,,,"sindrome retto-adduttoria, operato",2026-11-02,5,0
7551,0.878,0.756,28.5,5,,,2,,,,0
7553,0.018,0.964,13.7,1,,,,,,,0
7554,0.607,0.214,23.5,5,7342,,,,,,0
7556,0.361,0.278,20.3,5,5734,,,,,,0
7557,0.001,0.998,2.3,1,,,,,,,0
7560,0.001,0.998,2.3,1,,,,,,,0
7561,0.749,0.497,25.9,4,6206,47,,,,,0
7563,0.124,0.752,15.5,2,,,,,,,0
7564,0.838,0.677,27.7,4,,,,,,,0
7568,0.0,1.0,13.2,0,,,,,,,0
7571,0.0,1.0,14.5,0,,,,,,,0
7572,0.009,0.983,14.6,1,,,,,,,0
7573,0.844,0.688,27.7,2,,,,,,,0
7574,0.265,0.47,18.7,2,,,,,,,0
7575,0.251,0.497,18.5,3,,,,,,,0
7579,0.035,0.931,15.1,1,,,,,,,0
7580,0.512,0.024,22.1,4,6320,61,,,,,0
7599,0.437,0.126,20.8,2,4998,,,,,,0
7600,0.673,0.346,24.6,2,,,3,,,,0
7602,0.152,0.696,15.8,2,7619,19,,,,,0
7603,0.0,1.0,0.6,0,,,,"lesione del crociato anteriore del ginocchio destro, operato",2027-04-05,25,0
7604,0.036,0.928,14.0,1,,,,,,,0
7605,0.095,0.81,15.0,3,,,,,,,0
7610,0.054,0.892,14.1,1,,,,,,,0
7611,0.004,0.991,2.4,1,,,,,,,0
7612,0.307,0.386,18.4,3,,,3,,,,0
7615,0.247,0.506,17.6,2,,,,,,,0
7618,0.068,0.865,15.6,2,,,,,,,0
7619,0.611,0.222,24.3,4,6549|7602,|50,,,,,0
7620,0.11,0.779,15.1,3,5878,,,,,,0
7621,0.138,0.724,15.7,3,,,,,,,0
7622,0.0,1.0,0.0,0,,,,,,,1
7623,0.141,0.718,15.6,2,,,,,,,0
7624,0.21,0.58,17.9,2,1933,,,,,,0
7625,0.248,0.504,18.5,5,6827,62,1,,,,0
7626,0.001,0.998,2.3,1,,,,,,,0
7627,0.027,0.946,13.7,1,,,,,,,0
7628,0.549,0.099,23.3,2,,,,,,,0
7629,0.104,0.792,16.2,2,,,,,,,0
7647,0.102,0.795,14.9,2,,,,,,,0
