squadra,fattore_prec,fattore_ora,giornate,fattore
Atalanta,1.382,0.479,5,1.062
Bologna,0.919,0.87,5,0.916
Cagliari,0.847,0.566,5,0.786
Como,1.265,1.403,5,1.268
Fiorentina,0.967,0.962,5,0.97
Frosinone,,0.987,5,0.892
Genoa,0.848,0.498,5,0.767
Inter,1.67,2.024,5,1.68
Juventus,1.456,0.905,5,1.229
Lazio,0.855,1.013,5,0.922
Lecce,0.684,0.76,5,0.751
Milan,1.189,1.181,5,1.16
Monza,,1.131,5,0.935
Napoli,1.123,1.099,5,1.099
Parma,0.699,0.493,5,0.681
Roma,1.149,1.973,5,1.37
Sassuolo,0.976,1.138,5,1.027
Torino,0.948,0.637,5,0.864
Udinese,0.883,0.867,5,0.895
Venezia,,1.014,5,0.9
