id,stagione,squadra,ruolo,minuti,pg,mv,mf,gf,gs,rp,rc,rpiu,rmeno,ass,amm,esp,au
3,2024-25,Cagliari,P,,0,0,0,0,0,0,0,0,0,0,0,0,0
3,2025-26,Cagliari,P,,0,0,0,0,0,0,0,0,0,0,0,0,0
4,2024-25,Milan,P,124,2,6,5,0,2,0,0,0,0,0,0,0,0
4,2025-26,Atalanta,P,90,1,5.5,4.5,0,1,0,0,0,0,0,0,0,0
22,2024-25,Atalanta,C,3060,36,6.15,6.53,4,0,0,0,0,0,4,5,0,0
22,2025-26,Atalanta,C,2720,34,5.97,6,1,0,0,0,0,0,2,6,1,0
133,2024-25,Bologna,P,2364,27,6.17,5.04,0,33,1,0,0,0,0,1,0,0
133,2025-26,Bologna,P,1594,18,6.19,5.28,0,15,0,0,0,0,0,1,1,0
152,2024-25,Inter,C,947,20,5.98,6.32,2,0,0,2,2,0,1,0,0,0
152,2025-26,Inter,C,2048,30,6.25,6.8,6,0,0,1,1,0,2,3,0,1
158,2025-26,Fiorentina,P,3,0,0,0,0,0,0,0,0,0,0,0,0,0
184,2025-26,Bologna,C,1198,24,6.04,6.56,4,0,0,1,1,0,2,3,0,0
218,2024-25,Juventus,P,450,5,6.1,5.5,0,3,0,0,0,0,0,0,0,0
218,2025-26,Juventus,P,766,9,6.11,5.11,0,9,0,0,0,0,0,0,0,0
219,2024-25,Genoa,P,26,1,7,6,0,1,0,0,0,0,0,0,0,0
219,2025-26,Genoa,P,176,2,5.75,3.75,0,4,0,0,0,0,0,0,0,0
252,2024-25,Torino,D,1585,21,5.83,5.86,1,0,0,0,0,0,0,1,0,1
252,2025-26,Torino,D,497,11,5.59,5.59,0,0,0,0,0,0,0,0,0,0
254,2024-25,Inter,D,2214,32,6.31,6.86,4,0,0,0,0,0,7,3,0,0
254,2025-26,Inter,D,2709,35,6.6,7.64,7,0,0,0,0,0,17,3,0,0
256,2024-25,Napoli,D,1076,13,5.81,5.81,0,0,0,0,0,0,1,2,0,0
256,2025-26,Napoli,D,1670,21,5.86,5.62,0,0,0,0,0,0,0,8,1,0
294,2024-25,Juventus,D,,0,0,0,0,0,0,0,0,0,0,0,0,0
294,2025-26,Fiorentina,D,577,8,5.69,5.56,0,0,0,0,0,0,0,2,0,0
309,2024-25,Roma,A,1431,20,6.48,7.48,6,0,0,3,3,0,3,2,0,0
309,2025-26,Roma,A,1360,21,6.26,6.74,2,0,0,1,0,1,7,0,0,0
313,2024-25,Milan,A,1110,16,6.09,6.88,5,0,0,0,0,0,0,5,0,0
313,2025-26,Como,A,917,17,5.5,5.21,0,0,0,1,0,1,0,2,1,0
327,2024-25,Lazio,D,593,8,5.62,5.88,1,0,0,0,0,0,0,2,0,0
327,2025-26,Lazio,D,657,10,5.85,5.75,0,0,0,0,0,0,0,2,0,0
333,2024-25,Fiorentina,C,1762,24,6.04,6.4,3,0,0,0,0,0,0,1,0,0
333,2025-26,Lazio,C,2007,27,6.07,6.41,3,0,0,2,2,0,3,6,0,0
383,2024-25,Monza,A,319,7,5.36,5.29,0,0,0,0,0,0,0,1,0,0
383,2025-26,Monza,A,,7,5.36,5.29,0,0,0,0,0,0,0,1,0,0
418,2024-25,Como,D,2525,30,5.83,5.73,1,0,0,0,0,0,0,10,1,0
418,2025-26,Como,D,12,0,0,0,0,0,0,0,0,0,0,0,0,0
460,2024-25,Lazio,D,2676,32,5.84,5.91,2,0,0,0,0,0,0,4,2,0
460,2025-26,Lazio,D,2670,32,6.03,5.92,0,0,0,0,0,0,0,5,1,0
487,2024-25,Bologna,D,1074,16,5.91,6.06,1,0,0,0,0,0,0,1,0,0
487,2025-26,Bologna,D,499,10,6.05,5.95,0,0,0,0,0,0,0,2,0,0
526,2024-25,Venezia,C,965,14,5.86,5.79,0,0,0,0,0,0,0,2,0,0
530,2024-25,Roma,C,1648,25,5.68,5.88,2,0,0,1,1,0,1,4,0,0
530,2025-26,Roma,C,1508,24,6.04,6.58,4,0,0,2,2,0,2,2,0,0
531,2025-26,Sassuolo,A,1995,26,6.31,7.19,8,0,0,3,2,1,4,2,1,0
536,2024-25,Napoli,C,2881,37,6.11,6.42,3,0,0,0,0,0,4,3,0,0
536,2025-26,Napoli,C,2249,33,6.09,6.36,2,0,0,0,0,0,5,4,0,0
543,2024-25,Udinese,P,90,1,6.5,6.5,0,0,0,0,0,0,0,0,0,0
543,2025-26,Udinese,P,180,2,6.25,5.25,0,2,0,0,0,0,0,0,0,0
554,2024-25,Atalanta,D,2102,30,5.98,6.4,4,0,0,0,0,0,2,3,0,0
554,2025-26,Atalanta,D,2605,35,6.06,6.3,3,0,0,0,0,0,1,3,0,0
572,2024-25,Napoli,P,3005,34,6.32,5.71,0,25,2,0,0,0,0,0,0,1
572,2025-26,Napoli,P,982,11,6.23,5.18,0,12,0,0,0,0,1,1,0,0
608,2024-25,Torino,A,597,7,6.57,7.79,3,0,0,0,0,0,0,1,0,0
608,2025-26,Torino,A,1088,23,5.83,6.13,3,0,0,1,0,1,1,0,0,0
610,2024-25,Roma,P,630,7,5.86,4.07,0,15,1,0,0,0,0,1,0,0
610,2025-26,Roma,P,,0,0,0,0,0,0,0,0,0,0,0,0,0
632,2024-25,Lazio,C,2750,34,6.28,7.01,8,0,0,2,2,0,6,10,0,0
632,2025-26,Lazio,C,2127,26,5.88,5.96,3,0,0,1,0,1,0,6,1,0
779,2024-25,Roma,C,2046,28,6.2,6.59,4,0,0,0,0,0,3,8,0,0
779,2025-26,Roma,C,3116,37,6.11,6.22,2,0,0,0,0,0,1,6,0,0
787,2024-25,Atalanta,D,,33,5.88,5.88,1,0,0,0,0,0,2,6,0,1
787,2025-26,Atalanta,D,,33,5.86,5.8,0,0,0,0,0,0,0,4,0,0
791,2024-25,Genoa,D,2072,30,5.87,5.9,0,0,0,0,0,0,2,3,0,0
791,2025-26,Genoa,D,930,13,5.81,5.65,0,0,0,0,0,0,0,0,0,1
795,2024-25,Roma,C,1075,21,6.19,6.71,3,0,0,0,0,0,3,2,0,0
795,2025-26,Roma,C,623,18,6.14,6.33,1,0,0,0,0,0,2,4,0,0
801,2024-25,Monza,C,148,6,5.67,5.58,0,0,0,0,0,0,0,1,0,0
801,2025-26,Verona,C,2212,29,5.91,5.84,1,0,0,0,0,0,0,10,0,0
827,2024-25,Juventus,C,2852,35,6.19,6.26,2,0,0,1,1,0,1,9,0,0
827,2025-26,Juventus,C,3031,36,6.26,6.19,1,0,0,1,0,1,2,9,0,0
1852,2024-25,Napoli,D,1531,23,6.07,6.22,1,0,0,0,0,0,1,1,0,0
1852,2025-26,Napoli,D,1906,30,6.17,6.55,3,0,0,0,0,0,3,1,0,0
1870,2024-25,Inter,C,2485,33,6.26,6.65,3,0,0,0,0,0,6,4,0,0
1870,2025-26,Inter,C,2561,34,6.28,6.71,3,0,0,0,0,0,9,7,0,0
1871,2024-25,Cagliari,C,1439,25,5.98,6.14,2,0,0,0,0,0,1,6,0,0
1871,2025-26,Cagliari,C,1444,20,5.98,5.95,0,0,0,0,0,0,1,3,0,0
1926,2024-25,Inter,P,,0,0,0,0,0,0,0,0,0,0,0,0,0
1926,2025-26,Inter,P,8,1,6,5,0,1,0,0,0,0,0,0,0,0
1930,2024-25,Juventus,P,,0,0,0,0,0,0,0,0,0,0,0,0,0
1930,2025-26,Juventus,P,,0,0,0,0,0,0,0,0,0,0,0,0,0
1933,2024-25,Fiorentina,C,1940,27,6.19,6.67,4,0,0,1,1,0,4,7,0,0
1933,2025-26,Fiorentina,C,2470,34,6.04,6.62,7,0,0,1,1,0,2,7,0,0
2012,2024-25,Juventus,A,,0,0,0,0,0,0,0,0,0,0,0,0,0
2012,2025-26,Juventus,A,33,2,6,6,0,0,0,0,0,0,0,0,0,0
2038,2024-25,Genoa,A,2886,36,5.96,6.68,10,0,0,1,0,1,1,4,0,0
2038,2025-26,Sassuolo,A,2610,34,5.88,6.62,9,0,0,1,0,1,3,2,1,0
2061,2024-25,Napoli,A,349,19,5.92,6.11,1,0,0,0,0,0,1,1,0,0
2061,2025-26,Torino,A,2273,32,6.08,7.09,11,0,0,0,0,0,0,1,0,0
2077,2024-25,Atalanta,C,1973,33,5.91,6.14,3,0,0,1,0,1,2,1,0,0
2077,2025-26,Atalanta,C,1922,31,5.94,6.27,3,0,0,0,0,0,3,3,0,0
2097,2024-25,Fiorentina,A,2722,32,6.42,8.08,19,0,0,2,1,1,2,6,0,0
2097,2025-26,Fiorentina,A,2042,26,5.88,6.77,8,0,0,2,2,0,1,4,0,0
2120,2024-25,Inter,D,2468,32,6.42,6.55,1,0,0,0,0,0,4,4,1,0
2120,2025-26,Inter,D,2269,28,6.2,6.34,1,0,0,0,0,0,4,6,0,0
2127,2025-26,Sassuolo,P,,0,0,0,0,0,0,0,0,0,0,0,0,0
2134,2024-25,Lecce,P,3420,38,6.26,4.79,0,58,1,0,0,0,0,2,0,0
2134,2025-26,Lecce,P,3420,38,6.41,5.22,0,50,2,0,0,0,0,2,0,0
2137,2024-25,Atalanta,A,2,0,0,0,0,0,0,0,0,0,0,0,0,0
2137,2025-26,Atalanta,A,1318,22,6.18,7.55,10,0,0,2,2,0,1,2,0,0
2155,2024-25,Como,A,2058,33,6.02,6.67,7,0,0,1,0,1,4,1,0,0
2155,2025-26,Parma,A,908,14,5.71,5.93,1,0,0,0,0,0,0,0,0,0
2167,2024-25,Bologna,C,1914,29,6.53,8.19,15,0,0,3,3,0,4,2,0,0
2167,2025-26,Bologna,C,2146,34,6.06,6.76,10,0,0,6,4,2,1,2,0,0
2170,2024-25,Torino,P,3330,37,6.3,5.45,0,42,4,0,0,0,0,3,0,0
2170,2025-26,Napoli,P,2430,27,6.2,5.65,0,24,3,0,0,0,0,0,0,0
2188,2024-25,Lazio,D,2336,31,5.85,6.16,4,0,0,0,0,0,0,1,0,1
2188,2025-26,Lazio,D,2794,33,5.86,5.97,1,0,0,0,0,0,2,1,1,0
2194,2024-25,Inter,C,1999,28,6.34,6.89,5,0,0,4,3,1,6,5,0,0
2194,2025-26,Inter,C,1674,22,6.52,7.64,9,0,0,5,4,1,4,7,0,0
2263,2024-25,Lazio,D,1408,22,5.89,5.86,0,0,0,0,0,0,1,3,0,0
2263,2025-26,Lazio,D,917,17,5.79,5.74,0,0,0,0,0,0,0,2,0,0
2296,2024-25,Roma,D,3152,37,6.18,6.26,2,0,0,0,0,0,1,8,0,0
2296,2025-26,Roma,D,3087,36,6.25,6.51,4,0,0,0,0,0,2,9,0,0
2297,2024-25,Atalanta,P,,0,0,0,0,0,0,0,0,0,0,0,0,0
2297,2025-26,Atalanta,P,,0,0,0,0,0,0,0,0,0,0,0,0,0
2379,2025-26,Milan,C,2546,29,6.33,6.98,6,0,0,0,0,0,4,4,1,0
2401,2024-25,Lecce,P,,0,0,0,0,0,0,0,0,0,0,0,0,0
2401,2025-26,Lecce,P,,0,0,0,0,0,0,0,0,0,0,0,0,0
2423,2024-25,Milan,C,2518,34,6.38,7.49,11,0,0,4,3,1,8,1,0,0
2423,2025-26,Milan,C,1612,27,6.15,7.07,8,0,0,1,0,1,4,0,0,0
2517,2025-26,Napoli,C,1176,17,6.26,7.24,5,0,0,3,3,0,2,1,0,0
2521,2024-25,Fiorentina,P,3150,35,6.34,5.41,0,38,2,0,0,0,0,1,0,0
2521,2025-26,Fiorentina,P,3330,37,6.24,5,0,49,1,0,0,0,0,0,0,0
2528,2025-26,Sassuolo,C,2686,34,5.96,5.96,1,0,0,0,0,0,1,6,1,0
2529,2024-25,Inter,C,2441,32,6.06,6.25,1,0,0,0,0,0,5,4,0,0
2529,2025-26,Inter,C,1547,28,6.21,6.59,4,0,0,0,0,0,1,5,0,0
2531,2024-25,Napoli,A,2913,36,6.29,7.57,14,0,0,4,3,1,9,4,0,0
2531,2025-26,Napoli,A,33,1,7,9.5,1,0,0,0,0,0,0,1,0,0
2593,2024-25,Genoa,D,3100,36,6.17,6.32,0,0,0,0,0,0,8,5,0,0
2593,2025-26,Genoa,D,2167,29,5.97,6.1,1,0,0,1,0,1,5,2,0,0
2606,2025-26,Milan,C,2827,33,6.45,6.67,2,0,0,0,0,0,3,4,0,0
2640,2024-25,Atalanta,D,1917,23,6.13,5.98,0,0,0,0,0,0,2,7,0,1
2640,2025-26,Atalanta,D,1233,17,6.03,5.94,0,0,0,0,0,0,0,3,0,0
2724,2024-25,Napoli,D,1931,22,6.36,6.45,1,0,0,0,0,0,0,2,0,0
2724,2025-26,Napoli,D,2526,32,5.89,5.88,0,0,0,0,0,0,1,3,0,0
2728,2024-25,Lazio,D,1045,19,6.08,6.11,0,0,0,0,0,0,3,5,0,0
2728,2025-26,Lazio,D,1485,24,5.85,5.81,1,0,0,0,0,0,0,8,0,0
2741,2024-25,Monza,C,866,11,6.09,6,0,0,0,0,0,0,0,2,0,0
2764,2024-25,Inter,A,2605,31,6.19,7.44,12,0,0,0,0,0,3,1,0,0
2764,2025-26,Inter,A,2205,30,6.42,8.25,17,0,0,0,0,0,6,4,0,0
2765,2024-25,Bologna,A,1987,28,6.14,6.84,6,0,0,0,0,0,2,1,0,0
2765,2025-26,Bologna,C,1391,22,5.91,6.61,5,0,0,0,0,0,1,1,0,0
2766,2024-25,Fiorentina,C,665,18,6.03,6.22,2,0,0,0,0,0,1,6,1,0
2766,2025-26,Udinese,C,2308,31,6.26,6.77,5,0,0,0,0,0,5,8,0,0
2788,2024-25,Juventus,D,540,6,6.5,6.42,0,0,0,0,0,0,0,1,0,0
2788,2025-26,Juventus,D,2187,26,6.33,6.81,4,0,0,0,0,0,3,5,0,0
2809,2024-25,Como,P,,0,0,0,0,0,0,0,0,0,0,0,0,0
2809,2025-26,Como,P,,0,0,0,0,0,0,0,0,0,0,0,0,0
2814,2024-25,Lazio,P,2610,29,5.98,4.53,0,42,0,0,0,0,0,0,0,0
2814,2025-26,Lazio,P,2430,27,6.26,5.35,0,27,1,0,0,0,0,1,0,0
2815,2024-25,Fiorentina,P,,3,6.17,5.17,0,3,0,0,0,0,0,0,0,0
2815,2025-26,Milan,P,,2,6,6,0,0,0,0,0,0,0,0,0,0
2816,2024-25,Napoli,D,3330,37,6.15,6.36,3,0,0,0,0,0,2,6,0,0
2816,2025-26,Napoli,D,2278,26,6.08,6.33,2,0,0,0,0,0,1,1,0,0
2832,2025-26,Juventus,A,666,13,6.19,7.15,4,0,0,0,0,0,1,1,0,0
2845,2024-25,Napoli,P,,0,0,0,0,0,0,0,0,0,0,0,0,0
2845,2025-26,Napoli,P,8,0,0,0,0,0,0,0,0,0,0,0,0,0
2848,2024-25,Inter,C,1194,23,6.02,6.72,5,0,0,0,0,0,1,1,0,0
2848,2025-26,Inter,C,523,14,5.89,5.89,0,0,0,0,0,0,0,0,0,0
4137,2025-26,Como,D,1946,25,6.14,6.1,1,0,0,0,0,0,0,8,0,0
4159,2025-26,Inter,D,2814,32,6.28,6.41,2,0,0,0,0,0,0,4,0,0
4177,2024-25,Inter,D,1581,22,6.05,6,0,0,0,0,0,0,1,4,0,0
4177,2025-26,Inter,D,90,1,6.5,6.5,0,0,0,0,0,0,0,0,0,0
4179,2024-25,Juventus,A,1789,23,5.96,6.37,3,0,0,0,0,0,2,3,0,0
4179,2025-26,Juventus,A,14,0,0,0,0,0,0,0,0,0,0,0,0,0
4199,2024-25,Milan,C,1022,18,5.86,5.78,0,0,0,0,0,0,0,3,0,0
4199,2025-26,Milan,C,1122,21,6.1,6.52,3,0,0,0,0,0,1,2,0,0
4210,2024-25,Cagliari,D,2590,31,6.06,6.06,1,0,0,0,0,0,0,4,1,0
4210,2025-26,Cagliari,D,2162,26,6,6.17,2,0,0,0,0,0,1,3,1,0
4220,2024-25,Napoli,C,2862,35,6.41,6.97,6,0,0,0,0,0,4,5,0,0
4220,2025-26,Napoli,C,1253,18,6.17,6.86,4,0,0,0,0,0,1,1,0,0
4236,2025-26,Sassuolo,P,2880,32,6.08,4.77,0,43,1,0,0,0,0,4,0,0
4263,2024-25,Udinese,D,1164,16,5.84,6.22,2,0,0,0,0,0,0,0,0,0
4263,2025-26,Udinese,D,2273,28,5.98,6.18,3,0,0,0,0,0,0,5,1,0
4287,2024-25,Napoli,C,2678,31,6.05,6.03,0,0,0,0,0,0,1,3,0,0
4287,2025-26,Napoli,C,2442,31,6.05,6.1,1,0,0,0,0,0,0,3,0,0
4312,2024-25,Milan,P,3296,37,6.18,5.14,0,41,1,0,0,0,0,1,0,0
4312,2025-26,Milan,P,3296,37,6.26,5.42,0,35,2,0,0,0,0,4,0,0
4317,2024-25,Roma,D,3420,38,6.05,6.03,0,0,0,0,0,0,0,2,0,0
4317,2025-26,Roma,D,2686,31,6.08,6.32,3,0,0,0,0,0,1,5,0,0
4349,2024-25,Venezia,C,2883,35,6.2,6.53,4,0,0,0,0,0,3,5,1,0
4349,2025-26,Parma,C,1456,23,5.89,6.02,0,0,0,0,0,0,4,4,0,0
4359,2024-25,Cagliari,A,3180,37,6,6.76,10,0,0,1,1,0,1,6,0,0
4359,2025-26,Fiorentina,A,1653,27,5.78,6.24,4,0,0,0,0,0,1,1,0,0
4360,2024-25,Cagliari,P,1945,22,6.2,5.16,0,23,0,0,0,0,0,0,0,0
4360,2025-26,Cagliari,P,3420,38,6.29,4.87,0,53,0,0,0,0,0,2,0,0
4364,2024-25,Cagliari,C,976,27,6.04,6.41,2,0,0,0,0,0,4,0,0,0
4364,2025-26,Cagliari,C,1920,32,6.06,6.31,2,0,0,0,0,0,4,4,0,0
4371,2024-25,Napoli,A,1110,18,6.19,7.22,6,0,0,0,0,0,1,1,0,0
4371,2025-26,Atalanta,A,784,13,6.12,6.88,3,0,0,0,0,0,1,0,0,0
4374,2024-25,Torino,D,1853,28,5.73,5.64,0,0,0,0,0,0,0,6,0,0
4374,2025-26,Sassuolo,D,2871,34,5.81,5.74,0,0,0,0,0,0,1,7,0,0
4378,2024-25,Fiorentina,D,3085,36,5.92,5.96,1,0,0,0,0,0,2,7,0,0
4378,2025-26,Fiorentina,D,2489,31,5.85,5.79,1,0,0,0,0,0,0,8,1,0
4401,2024-25,Milan,D,2159,25,6.04,6.2,2,0,0,0,0,0,0,4,0,0
4401,2025-26,Milan,D,2531,29,5.91,5.84,0,0,0,0,0,0,0,4,0,0
4409,2024-25,Napoli,D,3410,38,6.14,6.17,1,0,0,0,0,0,1,2,0,1
4409,2025-26,Napoli,D,1809,21,6.24,6.45,2,0,0,0,0,0,0,3,0,0
4431,2024-25,Atalanta,P,3060,34,6.34,5.32,0,34,0,0,0,0,0,1,0,0
4431,2025-26,Atalanta,P,3330,37,6.36,5.58,0,35,2,0,0,0,0,0,0,0
4433,2024-25,Cagliari,D,2749,35,6.07,6.6,6,0,0,0,0,0,2,3,0,0
4433,2025-26,Bologna,D,1776,28,5.86,5.89,0,0,0,0,0,0,2,2,0,0
4436,2024-25,Bologna,A,581,17,6.15,6.5,1,0,0,0,0,0,3,0,0,0
4436,2025-26,Bologna,A,1510,24,5.98,6.42,3,0,0,0,0,0,4,3,1,0
4459,2024-25,Lazio,C,2747,33,6.11,6,0,0,0,0,0,0,3,13,0,0
4459,2025-26,Lazio,C,510,11,5.73,5.64,0,0,0,0,0,0,1,2,1,0
4461,2024-25,Cagliari,D,3070,36,5.75,5.86,2,0,0,0,0,0,0,4,0,0
4461,2025-26,Cagliari,D,1583,25,5.9,5.98,0,0,0,0,0,0,3,2,0,0
4463,2024-25,Empoli,A,2370,33,6.17,6.79,8,0,0,2,1,1,0,1,0,0
4463,2025-26,Cagliari,A,2751,36,6.26,6.88,7,0,0,1,1,0,4,6,0,0
4465,2024-25,Fiorentina,C,1514,24,5.92,6.04,1,0,0,0,0,0,2,4,0,0
4465,2025-26,Fiorentina,C,2588,33,6.03,6.23,2,0,0,0,0,0,3,5,0,0
4479,2024-25,Torino,C,1032,13,6.12,7.04,4,0,0,0,0,0,0,0,0,0
4479,2025-26,Napoli,C,1791,28,5.8,5.96,1,0,0,0,0,0,3,3,0,0
4502,2024-25,Lecce,D,2624,31,5.79,5.65,0,0,0,0,0,0,2,3,1,2
4502,2025-26,Lecce,D,3063,37,5.95,5.99,0,0,0,0,0,0,3,3,0,0
4510,2024-25,Milan,A,2329,34,6.19,7.06,8,0,0,0,0,0,8,5,0,0
4510,2025-26,Milan,A,1874,28,5.88,6.86,9,0,0,2,2,0,3,5,0,0
4518,2025-26,Sassuolo,P,,0,0,0,0,0,0,0,0,0,0,0,0,0
4657,2024-25,Roma,D,2270,30,5.78,5.77,0,0,0,0,0,0,2,5,0,0
4657,2025-26,Roma,D,2747,32,6.17,6.27,1,0,0,0,0,0,2,2,1,0
4686,2024-25,Milan,C,2516,34,6.03,6.22,1,0,0,0,0,0,6,5,0,0
4686,2025-26,Milan,C,2231,33,5.85,6.06,2,0,0,0,0,0,3,4,0,0
4728,2025-26,Milan,A,1343,26,5.94,6.87,7,0,0,5,5,0,3,0,0,0
4734,2024-25,Bologna,D,2271,29,6.05,6.16,0,0,0,0,0,0,6,4,1,0
4734,2025-26,Bologna,D,2576,31,6,6.1,1,0,0,0,0,0,3,6,0,0
4751,2024-25,Milan,D,1590,18,5.86,5.81,0,0,0,0,0,0,1,2,1,0
4751,2025-26,Milan,D,2572,32,5.97,5.88,0,0,0,0,0,0,1,6,1,0
4772,2024-25,Roma,D,3182,38,6.14,6.32,2,0,0,0,0,0,1,1,0,0
4772,2025-26,Roma,D,427,6,5.83,5.67,0,0,0,0,0,0,0,2,0,0
4777,2024-25,Napoli,C,2938,34,6.56,7.66,12,0,0,0,0,0,3,3,0,0
4777,2025-26,Napoli,C,2798,33,6.39,7.26,10,0,0,1,0,1,2,1,0,0
4807,2024-25,Roma,D,228,4,5.12,4.88,0,0,0,0,0,0,0,0,1,0
4807,2025-26,Roma,D,2106,27,6.17,6.41,3,0,0,0,0,0,2,9,0,0
4856,2024-25,Milan,C,910,16,6.09,6.78,3,0,0,0,0,0,2,0,0,0
4856,2025-26,Milan,C,23,1,5.5,5.5,0,0,0,0,0,0,0,0,0,0
4867,2024-25,Monza,P,2678,30,6.3,4.75,0,52,2,0,0,0,0,1,0,0
4867,2025-26,Sassuolo,P,535,6,6.17,5,0,7,0,0,0,0,0,0,0,0
4870,2024-25,Cagliari,C,2416,34,5.87,5.91,1,0,0,0,0,0,1,3,1,0
4870,2025-26,Cagliari,C,3074,38,5.83,5.88,1,0,0,0,0,0,1,4,0,0
4871,2024-25,Inter,A,2316,32,6.33,7.75,14,0,0,0,0,0,4,1,0,0
4871,2025-26,Inter,A,1933,29,6.43,7.95,13,0,0,0,0,0,6,2,0,0
4887,2024-25,Atalanta,D,2505,35,6.04,6.26,0,0,0,0,0,0,9,3,0,0
4887,2025-26,Atalanta,D,1374,22,5.82,5.82,0,0,0,0,0,0,1,2,0,0
4892,2024-25,Roma,C,1510,22,6.39,7.36,7,0,0,0,0,0,3,5,0,0
4892,2025-26,Milan,C,2819,35,6.14,6.41,3,0,0,0,0,0,3,5,0,0
4896,2024-25,Atalanta,C,1574,27,6.02,6.59,6,0,0,0,0,0,0,5,0,0
4896,2025-26,Lazio,C,944,18,5.94,6.31,2,0,0,0,0,0,1,1,0,0
4911,2024-25,Juventus,C,491,15,5.87,5.8,0,0,0,0,0,0,0,2,0,0
4911,2025-26,Juventus,C,,0,0,0,0,0,0,0,0,0,0,0,0,0
4923,2024-25,Empoli,A,,36,5.9,6.39,6,0,0,1,1,0,2,3,1,0
4923,2025-26,Genoa,A,,37,5.92,6.41,7,0,0,2,1,1,1,2,0,0
4925,2024-25,Monza,D,2209,26,5.63,5.62,0,0,0,0,0,0,2,5,0,0
4929,2024-25,Cagliari,P,3,0,0,0,0,0,0,0,0,0,0,0,0,0
4929,2025-26,Cagliari,P,,0,0,0,0,0,0,0,0,0,0,0,0,0
4947,2024-25,Atalanta,C,959,23,6.13,6.72,4,0,0,0,0,0,2,1,0,0
4947,2025-26,Fiorentina,C,1018,18,5.97,6.31,2,0,0,0,0,0,1,2,0,0
4957,2024-25,Verona,P,3240,36,6.19,4.44,0,64,1,0,0,0,0,0,0,1
4957,2025-26,Verona,P,3150,35,6.2,4.94,0,54,3,0,0,0,1,0,0,0
4970,2024-25,Genoa,C,832,16,6,6.03,1,0,0,1,0,1,1,1,0,0
4970,2025-26,Genoa,C,655,19,6.18,6.68,3,0,0,1,1,0,1,1,0,0
4973,2024-25,Juventus,C,2334,31,5.94,6.18,2,0,0,0,0,0,3,3,0,0
4973,2025-26,Juventus,C,2857,34,6.13,6.68,5,0,0,0,0,0,6,5,0,0
4976,2024-25,Juventus,D,2330,28,6.02,6.05,1,0,0,0,0,0,0,2,1,0
4976,2025-26,Juventus,D,3281,37,6.14,6.35,2,0,0,0,0,0,4,2,1,0
4994,2024-25,Como,D,1836,27,5.96,6.04,1,0,0,0,0,0,2,6,0,0
4994,2025-26,Como,D,1602,27,6.02,6.24,2,0,0,0,0,0,1,2,0,0
5007,2024-25,Torino,C,898,16,5.91,5.97,1,0,0,0,0,0,0,4,0,0
5007,2025-26,Torino,C,414,8,6,5.88,0,0,0,0,0,0,0,2,0,0
5010,2024-25,Empoli,D,2510,29,6.17,6.12,0,0,0,0,0,0,0,3,0,0
5010,2025-26,Torino,D,1907,24,5.92,5.9,0,0,0,0,0,0,2,5,0,0
5022,2024-25,Milan,D,1866,22,5.91,6.11,2,0,0,0,0,0,1,3,1,0
5022,2025-26,Milan,D,2876,34,6.24,6.62,5,0,0,0,0,0,0,4,0,0
5036,2024-25,Como,C,1110,16,6.34,6.78,2,0,0,0,0,0,3,4,0,0
5036,2025-26,Como,C,1493,28,6.11,6.41,2,0,0,0,0,0,4,3,0,0
5116,2024-25,Inter,P,450,5,6.3,5.7,0,3,0,0,0,0,0,0,0,0
5116,2025-26,Inter,P,450,5,6,5.2,0,4,0,0,0,0,0,0,0,0
5119,2024-25,Atalanta,C,1119,28,6.09,6.25,2,0,0,0,0,0,0,3,0,0
5119,2025-26,Atalanta,C,1005,21,5.93,6.29,2,0,0,0,0,0,2,1,0,0
5131,2024-25,Napoli,C,1161,17,6,6.06,0,0,0,0,0,0,1,0,0,0
5131,2025-26,Napoli,C,798,13,6.08,6.27,1,0,0,0,0,0,0,1,0,0
5273,2025-26,Milan,D,1045,14,5.64,5.71,1,0,0,0,0,0,1,5,1,0
5295,2024-25,Milan,C,1561,26,5.69,5.67,0,0,0,0,0,0,2,5,0,0
5295,2025-26,Atalanta,C,623,16,5.94,6.09,1,0,0,0,0,0,0,1,0,0
5298,2024-25,Bologna,C,1180,20,6.05,6.25,2,0,0,0,0,0,2,4,2,0
5298,2025-26,Bologna,C,1446,23,5.83,6.17,3,0,0,0,0,0,1,2,1,0
5301,2025-26,Inter,C,1617,27,5.89,6.06,1,0,0,0,0,0,2,1,0,0
5307,2024-25,Parma,D,1559,20,5.85,5.85,1,0,0,0,0,0,0,4,1,0
5307,2025-26,Parma,D,2255,27,5.96,5.83,0,0,0,0,0,0,0,7,0,0
5319,2024-25,Parma,C,3015,37,6.03,6.26,4,0,0,0,0,0,0,7,0,0
5319,2025-26,Bologna,C,1447,24,5.65,5.62,0,0,0,0,0,0,1,3,0,0
5320,2024-25,Torino,P,90,1,6.5,3.5,0,3,0,0,0,0,0,0,0,0
5320,2025-26,Torino,P,2610,29,6.09,4.52,0,45,0,0,0,0,0,1,0,0
5336,2024-25,Fiorentina,A,,0,0,0,0,0,0,0,0,0,0,0,0,0
5336,2025-26,Sassuolo,A,1514,27,5.96,6.26,4,0,0,3,2,1,1,2,1,0
5422,2024-25,Inter,C,963,19,6.03,6.21,1,0,0,0,0,0,2,3,0,0
5422,2025-26,Atalanta,C,1917,31,6.1,6.4,2,0,0,0,0,0,5,3,0,0
5427,2025-26,Napoli,D,1478,21,5.98,6.17,1,0,0,0,0,0,1,0,0,0
5436,2024-25,Venezia,A,71,1,6,6,0,0,0,0,0,0,0,0,0,0
5436,2025-26,Venezia,A,,1,6,6,0,0,0,0,0,0,0,0,0,0
5449,2024-25,Fiorentina,D,1107,20,6,6.22,2,0,0,0,0,0,0,3,0,0
5449,2025-26,Fiorentina,D,1550,23,6.02,5.98,1,0,0,0,0,0,1,6,0,1
5453,2024-25,Torino,C,2863,34,6.06,6.03,1,0,0,0,0,0,1,8,1,0
5453,2025-26,Milan,C,1273,28,6,6.18,1,0,0,0,0,0,3,3,0,0
5457,2024-25,Empoli,C,1524,22,5.82,5.75,0,0,0,0,0,0,1,3,1,0
5457,2025-26,Cremonese,C,1574,21,5.69,5.71,1,0,0,0,0,0,0,3,1,0
5481,2024-25,Napoli,D,691,10,5.7,5.65,0,0,0,0,0,0,0,2,0,0
5481,2025-26,Napoli,D,288,9,5.94,5.94,0,0,0,0,0,0,1,0,1,0
5485,2024-25,Venezia,C,153,4,5.88,5.75,0,0,0,0,0,0,0,2,0,0
5498,2024-25,Bologna,D,1036,15,5.63,5.53,0,0,0,0,0,0,1,1,0,1
5498,2025-26,Bologna,D,672,10,5.65,5.65,0,0,0,0,0,0,0,0,0,0
5500,2024-25,Parma,A,1453,25,5.76,6.04,3,0,0,0,0,0,0,2,1,0
5500,2025-26,Lazio,A,1740,28,5.93,6.29,4,0,0,0,0,0,1,6,0,0
5504,2024-25,Lecce,C,2687,37,5.96,6,1,0,0,0,0,0,0,3,0,0
5504,2025-26,Lecce,C,2708,33,6.05,6.29,3,0,0,0,0,0,1,4,0,0
5507,2024-25,Venezia,C,2537,31,5.9,6.03,2,0,0,0,0,0,0,4,0,0
5514,2024-25,Genoa,D,3036,36,6.06,6.18,3,0,0,0,0,0,0,9,0,0
5514,2025-26,Genoa,D,3219,36,6.08,6.14,1,0,0,0,0,0,0,2,0,0
5520,2024-25,Juventus,D,2227,32,6.09,6.31,2,0,0,0,0,0,3,4,0,0
5520,2025-26,Juventus,D,2846,36,5.81,5.99,3,0,0,0,0,0,4,3,1,2
5526,2024-25,Atalanta,D,284,4,5.5,5.25,0,0,0,0,0,0,0,2,0,0
5526,2025-26,Atalanta,D,1841,24,6.06,6.44,3,0,0,0,0,0,1,2,0,0
5527,2024-25,Genoa,D,1716,27,5.91,5.96,1,0,0,0,0,0,0,3,0,0
5527,2025-26,Udinese,D,1314,19,6.05,6.29,1,0,0,0,0,0,2,1,0,0
5544,2025-26,Juventus,A,1784,30,5.77,6.33,6,0,0,1,0,1,2,0,0,0
5555,2024-25,Udinese,D,2020,30,5.93,6.03,1,0,0,0,0,0,4,6,1,0
5555,2025-26,Udinese,D,1883,26,5.88,5.87,0,0,0,0,0,0,2,5,0,0
5559,2024-25,Como,C,2639,35,6.1,6.36,3,0,0,0,0,0,2,4,0,0
5559,2025-26,Como,C,2765,35,6.34,6.91,6,0,0,4,4,0,4,4,0,0
5562,2024-25,Juventus,C,2331,33,6.3,6.74,4,0,0,0,0,0,5,5,0,0
5562,2025-26,Juventus,C,2481,34,6.1,6.4,3,0,0,0,0,0,2,2,0,0
5578,2024-25,Atalanta,D,1126,17,5.94,5.91,0,0,0,0,0,0,0,1,0,0
5578,2025-26,Atalanta,D,981,16,5.94,6.09,1,0,0,0,0,0,0,1,0,0
5585,2025-26,Roma,A,1499,18,6.72,8.97,14,0,0,4,3,1,2,1,0,0
5589,2024-25,Roma,C,2597,33,6.26,6.38,2,0,0,0,0,0,1,6,0,0
5589,2025-26,Roma,C,2468,29,6.26,6.53,2,0,0,0,0,0,3,2,0,0
5603,2024-25,Fiorentina,D,1380,17,5.85,5.65,0,0,0,0,0,0,0,1,1,1
5603,2025-26,Fiorentina,D,2923,35,5.84,5.67,0,0,0,0,0,0,0,12,0,0
5620,2024-25,Lazio,D,1725,23,6.28,6.5,0,0,0,0,0,0,7,2,1,0
5620,2025-26,Lazio,D,1478,22,5.91,5.8,0,0,0,0,0,0,0,5,0,0
5637,2024-25,Udinese,A,1049,16,6,6.38,2,0,0,0,0,0,1,2,0,0
5637,2025-26,Udinese,A,2106,30,6.32,7.37,10,0,0,4,4,0,4,5,0,0
5672,2024-25,Lazio,A,2220,35,6.01,6.87,9,0,0,0,0,0,4,2,0,0
5672,2025-26,Lazio,A,1257,25,5.68,5.86,1,0,0,0,0,0,2,1,0,0
5674,2024-25,Lazio,C,,0,0,0,0,0,0,0,0,0,0,0,0,0
5674,2025-26,Lazio,C,1764,23,6.09,6.43,2,0,0,0,0,0,3,0,1,0
5678,2024-25,Bologna,D,1129,16,5.94,6.12,1,0,0,0,0,0,1,3,0,0
5678,2025-26,Juventus,D,891,16,6.09,6.44,1,0,0,0,0,0,4,1,1,0
5685,2024-25,Juventus,C,1998,28,5.98,6.39,3,0,0,0,0,0,4,3,0,0
5685,2025-26,Juventus,C,1803,29,5.64,5.55,0,0,0,0,0,0,0,5,0,0
5687,2024-25,Torino,C,2127,30,6.07,6.67,5,0,0,2,2,0,3,0,0,0
5687,2025-26,Torino,C,3079,37,6.03,6.66,8,0,0,5,5,0,3,7,0,0
5695,2024-25,Venezia,D,1369,22,5.86,5.98,1,0,0,0,0,0,1,3,0,0
5701,2024-25,Cagliari,D,1072,19,5.95,6.05,1,0,0,0,0,0,1,4,0,0
5701,2025-26,Cagliari,D,2813,34,5.88,5.82,0,0,0,0,0,0,3,8,1,0
5707,2024-25,Udinese,P,,0,0,0,0,0,0,0,0,0,0,0,0,0
5725,2024-25,Como,C,43,1,6,6,0,0,0,0,0,0,0,1,0,0
5734,2024-25,Roma,A,1807,23,6.24,7.04,5,0,0,0,0,0,5,3,0,0
5734,2025-26,Roma,A,2207,32,6.12,6.83,6,0,0,0,0,0,5,1,0,0
5735,2025-26,Sassuolo,C,1060,21,6.14,6.52,2,0,0,0,0,0,4,4,0,0
5739,2024-25,Genoa,D,2132,24,5.85,6.1,3,0,0,0,0,0,0,6,0,0
5739,2025-26,Milan,D,1797,24,5.75,5.9,1,0,0,0,0,0,1,1,0,0
5750,2025-26,Genoa,D,2631,30,6.13,6.52,5,0,0,0,0,0,0,7,0,0
5761,2025-26,Juventus,C,330,12,5.96,5.96,0,0,0,0,0,0,0,1,0,0
5791,2024-25,Genoa,C,3115,35,6,6.04,2,0,0,0,0,0,0,5,0,1
5791,2025-26,Genoa,C,3093,36,5.96,5.97,1,0,0,0,0,0,0,5,0,0
5792,2024-25,Atalanta,C,2898,36,6.17,6.49,4,0,0,0,0,0,2,3,1,0
5792,2025-26,Atalanta,C,2253,30,6.25,6.43,2,0,0,1,1,0,1,3,0,0
5800,2024-25,Fiorentina,A,1284,21,6.12,6.98,6,0,0,2,2,0,1,2,0,0
5800,2025-26,Fiorentina,C,2290,32,5.88,6.34,5,0,0,3,3,0,3,4,1,0
5812,2024-25,Milan,D,527,7,5.71,5.57,0,0,0,0,0,0,0,3,0,0
5812,2025-26,Cremonese,D,3023,35,5.86,5.83,2,0,0,0,0,0,0,6,0,2
5813,2024-25,Genoa,C,1718,25,5.98,6.42,3,0,0,0,0,0,3,2,0,0
5813,2025-26,Juventus,C,585,15,5.97,6.2,1,0,0,0,0,0,1,1,0,0
5820,2025-26,Udinese,D,1756,25,5.86,5.84,0,0,0,0,0,0,1,3,0,0
5823,2024-25,Roma,C,777,21,6,6.14,1,0,0,0,0,0,1,2,0,0
5823,2025-26,Genoa,C,787,17,6.15,6.38,1,0,0,0,0,0,2,2,0,0
5831,2024-25,Juventus,D,2207,28,6.14,6.21,1,0,0,0,0,0,0,2,0,0
5831,2025-26,Juventus,D,1081,16,5.94,6.22,2,0,0,0,0,0,0,3,0,0
5833,2024-25,Lazio,D,2740,32,6.05,5.95,1,0,0,0,0,0,0,8,0,1
5833,2025-26,Lazio,D,2498,31,6.03,5.95,0,0,0,0,0,0,0,3,1,0
5838,2024-25,Monza,D,1497,20,5.95,6.35,3,0,0,0,0,0,0,2,0,0
5840,2024-25,Napoli,D,2360,30,6.08,6.05,0,0,0,0,0,0,1,4,0,0
5840,2025-26,Napoli,D,1370,22,5.75,5.68,0,0,0,0,0,0,0,3,0,0
5841,2024-25,Roma,P,3420,38,6.32,5.38,0,35,0,0,0,0,0,1,0,0
5841,2025-26,Roma,P,3420,38,6.26,5.45,0,31,0,0,0,0,0,0,0,0
5844,2025-26,Sassuolo,C,2450,31,6.15,6.48,4,0,0,0,0,0,3,9,0,0
5851,2025-26,Sassuolo,D,1924,27,5.85,5.76,0,0,0,0,0,0,0,5,0,0
5858,2024-25,Bologna,C,974,14,6.11,6.39,1,0,0,1,1,0,1,0,0,0
5858,2025-26,Bologna,C,1576,23,5.8,5.78,1,0,0,0,0,0,0,5,1,0
5862,2024-25,Parma,D,2883,34,5.94,6.25,2,0,0,1,1,0,5,1,0,0
5862,2025-26,Parma,D,2637,34,6.06,6.09,0,0,0,0,0,0,2,2,0,0
5872,2024-25,Lecce,C,1156,17,6.03,6.26,0,0,0,0,0,0,4,0,0,0
5872,2025-26,Lecce,C,129,4,5.62,5.62,0,0,0,0,0,0,0,0,0,0
5876,2024-25,Juventus,P,2970,33,6.15,5.18,0,32,0,0,0,0,0,0,0,0
5876,2025-26,Juventus,P,2654,30,6.08,5.33,0,25,1,0,0,0,0,1,0,0
5877,2024-25,Inter,D,1658,28,6.2,6.61,3,0,0,0,0,0,3,1,0,0
5877,2025-26,Inter,D,1745,28,6.12,6.16,1,0,0,0,0,0,1,6,0,0
5878,2024-25,Fiorentina,C,1469,24,5.81,6.04,2,0,0,0,0,0,0,1,0,0
5880,2024-25,Monza,C,1101,17,5.79,6,1,0,0,0,0,0,1,1,0,0
5882,2024-25,Monza,A,2121,31,5.84,6.31,5,0,0,0,0,0,1,3,0,0
5885,2024-25,Fiorentina,D,3126,35,6.19,6.21,0,0,0,0,0,0,5,8,0,0
5885,2025-26,Fiorentina,D,3158,36,5.99,6.03,1,0,0,0,0,0,2,7,0,0
5888,2024-25,Torino,C,1030,15,6.03,6.27,1,0,0,0,0,0,1,1,0,0
5888,2025-26,Torino,C,1971,32,5.97,6.45,6,0,0,0,0,0,0,5,0,0
5918,2025-26,Atalanta,A,993,21,6,6.24,2,0,0,0,0,0,1,4,0,0
5951,2024-25,Juventus,A,1175,16,6.22,7.78,8,0,0,1,1,0,1,0,0,0
5994,2024-25,Udinese,D,83,2,5.5,5.25,0,0,0,0,0,0,0,1,0,0
5994,2025-26,Torino,D,1342,16,5.75,5.72,0,0,0,0,0,0,1,4,0,0
5995,2024-25,Atalanta,A,2092,34,6.19,6.94,7,0,0,0,0,0,5,1,0,0
5995,2025-26,Atalanta,A,2206,31,6.21,6.6,3,0,0,0,0,0,5,4,0,0
5998,2024-25,Venezia,C,1523,18,6,6.11,1,0,0,0,0,0,1,4,0,0
5998,2025-26,Cremonese,C,1643,29,5.76,5.79,0,0,0,0,0,0,2,2,0,0
6005,2025-26,Torino,C,1028,17,5.82,6,1,0,0,0,0,0,2,2,1,0
6010,2024-25,Empoli,C,1403,20,6.42,6.98,4,0,0,0,0,0,1,2,1,0
6010,2025-26,Fiorentina,C,562,12,5.88,5.83,0,0,0,0,0,0,0,2,0,0
6015,2024-25,Lecce,C,697,14,6.07,5.96,0,0,0,0,0,0,1,5,0,0
6015,2025-26,Lecce,C,893,12,6.17,6.92,2,0,0,0,0,0,3,0,0,0
6020,2024-25,Venezia,C,2503,35,6.01,6.21,2,0,0,0,0,0,2,2,0,0
6020,2025-26,Genoa,C,2770,35,5.84,5.91,1,0,0,0,0,0,1,1,1,0
6021,2024-25,Udinese,D,70,2,6.25,6,0,0,0,0,0,0,0,1,0,0
6024,2024-25,Atalanta,C,,6,6.17,7.08,2,0,0,0,0,0,0,1,0,0
6024,2025-26,Cagliari,C,,18,5.69,5.78,1,0,0,0,0,0,0,3,0,0
6039,2024-25,Juventus,D,464,6,6.33,6.25,0,0,0,0,0,0,0,1,0,0
6039,2025-26,Juventus,D,262,9,5.94,6.56,2,0,0,0,0,0,0,1,0,0
6042,2024-25,Bologna,D,2626,32,5.83,5.7,0,0,0,0,0,0,1,8,1,0
6042,2025-26,Bologna,D,2282,28,5.88,5.89,1,0,0,0,0,0,0,5,0,0
6046,2024-25,Atalanta,D,2336,29,5.95,5.78,0,0,0,0,0,0,0,10,0,0
6046,2025-26,Atalanta,D,1951,28,5.91,5.86,1,0,0,0,0,0,0,5,0,1
6047,2024-25,Udinese,D,2534,31,5.85,5.81,0,0,0,0,0,0,1,5,0,0
6047,2025-26,Udinese,D,1810,26,5.83,5.96,2,0,0,0,0,0,0,5,0,0
6052,2025-26,Napoli,A,2784,33,6.21,7.44,12,0,0,1,1,0,5,1,0,0
6054,2024-25,Bologna,C,1223,16,6,6.03,0,0,0,0,0,0,1,1,0,0
6054,2025-26,Bologna,C,1784,28,5.93,6.12,2,0,0,0,0,0,0,1,0,0
6060,2025-26,Sassuolo,A,2655,37,6.23,6.99,7,0,0,0,0,0,9,4,0,0
6145,2024-25,Napoli,A,177,6,5.75,5.67,0,0,0,0,0,0,0,2,0,0
6145,2025-26,Torino,A,987,17,5.82,6,1,0,0,0,0,0,1,2,0,0
6149,2024-25,Venezia,D,220,5,5.9,5.7,0,0,0,0,0,0,0,2,0,0
6149,2025-26,Parma,D,106,2,6,6,0,0,0,0,0,0,0,0,0,0
6151,2024-25,Como,C,1866,25,5.94,5.94,0,0,0,0,0,0,3,6,0,0
6151,2025-26,Como,C,2758,36,6.22,6.47,3,0,0,0,0,0,4,8,0,0
6164,2024-25,Genoa,A,1346,22,5.89,6.25,2,0,0,0,0,0,3,2,0,0
6164,2025-26,Genoa,A,2262,31,5.95,6.39,5,0,0,0,0,0,1,5,0,0
6170,2024-25,Torino,C,1431,28,5.95,6.21,3,0,0,0,0,0,1,5,0,0
6170,2025-26,Torino,C,1778,27,5.87,5.81,0,0,0,0,0,0,1,5,0,0
6189,2025-26,Sassuolo,D,,0,0,0,0,0,0,0,0,0,0,0,0,0
6190,2024-25,Roma,C,1198,24,5.98,6.12,2,0,0,0,0,0,1,7,0,0
6190,2025-26,Roma,C,1263,22,6.09,6.48,2,0,0,0,0,0,4,3,0,0
6191,2024-25,Lazio,C,1849,26,5.77,5.69,0,0,0,0,0,0,2,4,2,0
6191,2025-26,Lazio,C,601,11,5.77,5.82,0,0,0,0,0,0,2,1,1,0
6202,2024-25,Bologna,D,3010,34,5.93,5.94,0,0,0,0,0,0,1,1,0,0
6202,2025-26,Napoli,D,1675,22,5.93,6.16,2,0,0,0,0,0,0,2,0,0
6206,2024-25,Bologna,C,992,22,6.09,6.48,3,0,0,0,0,0,0,2,0,0
6206,2025-26,Fiorentina,C,1160,22,5.8,6.05,2,0,0,0,0,0,0,2,0,0
6207,2024-25,Parma,A,1085,26,5.79,5.85,1,0,0,0,0,0,1,5,0,0
6207,2025-26,Parma,A,442,9,5.94,6.06,0,0,0,0,0,0,1,0,0,0
6212,2024-25,Udinese,C,881,18,5.78,5.94,1,0,0,0,0,0,0,0,0,0
6212,2025-26,Udinese,C,427,10,5.75,5.7,0,0,0,0,0,0,0,2,0,0
6215,2024-25,Udinese,A,2369,33,6.11,7.05,12,0,0,1,1,0,0,10,0,0
6215,2025-26,Napoli,A,381,9,5.72,6,1,0,0,0,0,0,0,1,0,0
6217,2024-25,Inter,D,1646,27,6,6.33,3,0,0,0,0,0,2,4,0,0
6217,2025-26,Inter,D,1924,23,6.22,6.65,3,0,0,0,0,0,2,2,0,0
6218,2024-25,Venezia,C,2353,37,6.05,6.34,3,0,0,0,0,0,3,3,0,0
6218,2025-26,Parma,C,853,18,5.78,5.92,1,0,0,0,0,0,0,1,0,0
6219,2025-26,Sassuolo,C,137,2,5.75,5.75,0,0,0,0,0,0,0,0,0,0
6225,2024-25,Bologna,C,11,0,0,0,0,0,0,0,0,0,0,0,0,0
6225,2025-26,Bologna,C,,0,0,0,0,0,0,0,0,0,0,0,0,0
6229,2024-25,Atalanta,A,,0,0,0,0,0,0,0,0,0,0,0,0,0
6229,2025-26,Atalanta,A,,0,0,0,0,0,0,0,0,0,0,0,0,0
6243,2025-26,Cagliari,A,1263,26,5.92,6.46,5,0,0,0,0,0,1,4,0,0
6244,2024-25,Genoa,D,888,12,5.62,5.54,0,0,0,0,0,0,0,2,0,0
6245,2024-25,Parma,D,1499,20,5.7,5.78,2,0,0,0,0,0,0,5,0,1
6245,2025-26,Genoa,D,,0,0,0,0,0,0,0,0,0,0,0,0,0
6246,2025-26,Sassuolo,C,1011,21,5.93,5.9,0,0,0,0,0,0,1,3,0,0
6248,2024-25,Venezia,P,1367,15,6.6,5.23,0,23,1,0,0,0,0,1,0,0
6252,2024-25,Fiorentina,C,662,13,5.96,5.77,0,0,0,0,0,0,0,5,0,0
6252,2025-26,Cagliari,C,2032,26,6.04,6.21,2,0,0,0,0,0,0,3,0,0
6271,2025-26,Roma,C,958,21,5.98,6.1,1,0,0,0,0,0,2,5,0,0
6274,2025-26,Inter,C,462,10,6.15,6.45,1,0,0,0,0,0,0,1,0,0
6294,2024-25,Fiorentina,C,397,7,5.71,5.64,0,0,0,0,0,0,0,1,0,0
6294,2025-26,Fiorentina,C,1875,30,5.8,6.07,3,0,0,0,0,0,0,2,0,0
6398,2024-25,Lazio,A,2254,37,6.05,6.34,4,0,0,0,0,0,1,5,0,0
6398,2025-26,Lazio,C,1606,27,6.04,6.63,5,0,0,0,0,0,1,0,0,0
6403,2024-25,Fiorentina,P,,0,0,0,0,0,0,0,0,0,0,0,0,0
6403,2025-26,Fiorentina,P,87,1,7.5,6.5,0,1,0,0,0,0,0,0,0,0
6410,2024-25,Lecce,C,422,12,5.88,5.83,0,0,0,0,0,0,0,1,0,0
6410,2025-26,Lecce,C,614,11,5.77,5.73,0,0,0,0,0,0,0,1,0,0
6424,2024-25,Cagliari,C,579,10,5.85,5.8,0,0,0,0,0,0,0,1,0,0
6424,2025-26,Torino,C,1893,32,5.88,5.88,1,0,0,0,0,0,0,6,0,0
6426,2024-25,Torino,D,1349,23,5.61,5.54,0,0,0,0,0,0,0,3,0,0
6426,2025-26,Torino,D,2148,28,5.84,5.96,1,0,0,0,0,0,2,3,0,0
6434,2024-25,Juventus,A,2414,34,6.34,7.01,7,0,0,0,0,0,4,2,1,0
6434,2025-26,Juventus,A,2877,35,6.39,7.3,10,0,0,2,1,1,6,2,0,0
6435,2024-25,Lecce,A,3096,37,6.05,6.92,11,0,0,3,2,1,5,6,0,0
6435,2025-26,Atalanta,A,1781,32,6.16,7.19,10,0,0,0,0,0,5,4,0,0
6462,2024-25,Udinese,P,2250,25,6.1,4.4,0,40,0,0,0,0,0,1,0,1
6462,2025-26,Udinese,P,2616,30,6.07,5.08,0,32,1,0,0,0,1,1,1,0
6482,2024-25,Lazio,P,810,9,6.28,5.5,0,7,0,0,0,0,0,0,0,0
6482,2025-26,Lazio,P,,0,0,0,0,0,0,0,0,0,0,0,0,0
6485,2024-25,Udinese,D,1747,21,5.57,5.6,1,0,0,0,0,0,0,5,0,0
6485,2025-26,Udinese,D,2482,28,5.98,6.23,3,0,0,0,0,0,0,4,0,0
6495,2024-25,Fiorentina,D,2192,28,5.91,5.93,1,0,0,0,0,0,0,5,0,0
6495,2025-26,Fiorentina,D,1697,24,5.75,5.75,1,0,0,0,0,0,0,2,0,1
6496,2024-25,Milan,D,115,3,5.33,5,0,0,0,0,0,0,0,0,1,0
6496,2025-26,Milan,D,2447,31,5.97,6.05,2,0,0,0,0,0,0,3,0,1
6506,2025-26,Genoa,C,30,1,5.5,5.5,0,0,0,0,0,0,0,0,0,0
6519,2024-25,Milan,A,194,6,5.92,5.92,0,0,0,0,0,0,0,0,0,0
6519,2025-26,Lecce,A,671,18,5.67,5.64,1,0,0,1,0,1,0,1,0,0
6523,2024-25,Lecce,P,,0,0,0,0,0,0,0,0,0,0,0,0,0
6523,2025-26,Lecce,P,,0,0,0,0,0,0,0,0,0,0,0,0,0
6531,2024-25,Milan,D,1285,21,5.95,5.83,0,0,0,0,0,0,0,6,0,0
6531,2025-26,Milan,D,42,1,5.5,5,0,0,0,0,0,0,0,1,0,0
6537,2024-25,Empoli,D,2560,33,5.76,5.71,0,0,0,0,0,0,1,3,1,0
6537,2025-26,Udinese,D,418,6,5.75,5.58,0,0,0,0,0,0,0,2,0,0
6549,2024-25,Lecce,A,1963,35,5.81,6.1,4,0,0,0,0,0,1,4,1,0
6549,2025-26,Lecce,C,2661,37,5.8,5.85,1,0,0,0,0,0,1,4,0,0
6556,2024-25,Lazio,A,830,19,6,6.37,2,0,0,0,0,0,2,2,0,0
6556,2025-26,Lazio,A,1113,23,6.02,6.5,4,0,0,0,0,0,2,4,1,0
6569,2024-25,Genoa,P,,0,0,0,0,0,0,0,0,0,0,0,0,0
6572,2024-25,Bologna,A,2313,33,6.17,6.76,8,0,0,1,0,1,4,8,0,1
6572,2025-26,Bologna,A,2381,35,5.93,6.51,7,0,0,0,0,0,1,3,0,0
6592,2024-25,Monza,C,198,6,5.67,5.67,0,0,0,0,0,0,0,0,0,0
6593,2025-26,Pisa,C,1441,23,5.8,5.8,0,0,0,0,0,0,1,2,0,0
6598,2024-25,Cagliari,A,102,5,5.9,5.9,0,0,0,0,0,0,0,0,0,0
6618,2024-25,Verona,C,5,0,0,0,0,0,0,0,0,0,0,0,0,0
6618,2025-26,Verona,C,,0,0,0,0,0,0,0,0,0,0,0,0,0
6629,2024-25,Lazio,C,947,17,6.06,6.65,3,0,0,0,0,0,1,0,0,0
6629,2025-26,Lazio,C,1159,21,5.69,5.83,1,0,0,0,0,0,0,0,0,0
6631,2024-25,Verona,D,2029,24,5.73,5.54,0,0,0,0,0,0,0,7,1,0
6631,2025-26,Roma,D,1070,21,5.98,5.95,0,0,0,0,0,0,0,1,0,0
6632,2024-25,Lecce,D,2148,24,6.17,6.15,0,0,0,0,0,0,1,3,0,0
6632,2025-26,Lecce,D,1827,21,5.83,5.64,0,0,0,0,0,0,0,6,1,0
6638,2024-25,Napoli,D,133,3,6,5.83,0,0,0,0,0,0,0,1,0,0
6640,2024-25,Cagliari,C,908,18,5.83,5.97,0,0,0,0,0,0,3,1,0,0
6640,2025-26,Cagliari,C,397,11,6.05,6.55,2,0,0,0,0,0,1,3,0,0
6641,2024-25,Parma,P,3319,37,6.22,4.76,0,53,0,0,0,0,0,0,1,0
6641,2025-26,Parma,P,1800,20,6.02,4.75,0,28,1,0,0,0,0,1,0,0
6642,2024-25,Torino,D,2851,32,5.86,5.83,2,0,0,0,0,0,0,10,0,1
6642,2025-26,Torino,D,3093,35,5.84,5.91,1,0,0,0,0,0,1,3,0,0
6643,2024-25,Bologna,A,1124,23,5.96,6.41,3,0,0,0,0,0,2,1,0,0
6643,2025-26,Bologna,A,785,19,5.82,6.13,2,0,0,0,0,0,1,2,0,0
6646,2024-25,Torino,A,2650,35,6,6.76,9,0,0,1,0,1,4,3,0,0
6646,2025-26,Torino,A,1899,32,5.98,6.64,6,0,0,0,0,0,3,0,0,0
6650,2024-25,Cagliari,P,627,7,5.86,4.29,0,11,0,0,0,0,0,0,0,0
6650,2025-26,Cagliari,P,,0,0,0,0,0,0,0,0,0,0,0,0,0
6659,2024-25,Venezia,D,,0,0,0,0,0,0,0,0,0,0,0,0,0
6660,2024-25,Venezia,D,407,8,5.88,5.75,0,0,0,0,0,0,0,2,0,0
6660,2025-26,Genoa,D,2597,31,5.87,5.84,0,0,0,0,0,0,1,4,0,0
6662,2024-25,Parma,P,,0,0,0,0,0,0,0,0,0,0,0,0,0
6662,2025-26,Parma,P,1530,17,6.18,5.09,0,18,0,0,0,0,0,1,0,0
6663,2024-25,Parma,D,540,6,5.83,5.75,0,0,0,0,0,0,0,1,0,0
6663,2025-26,Parma,D,2667,31,5.92,5.92,1,0,0,0,0,0,0,6,0,0
6664,2024-25,Parma,D,2944,34,6.03,6.21,4,2,0,0,0,0,0,8,0,0
6664,2025-26,Parma,D,2958,35,5.91,6.01,2,0,0,0,0,0,0,5,0,0
6666,2024-25,Parma,C,1464,19,6.29,6.47,1,0,0,0,0,0,1,1,0,0
6666,2025-26,Parma,C,2542,32,6.17,6.48,3,0,0,0,0,0,1,0,0,0
6669,2024-25,Parma,A,2580,37,6.03,6.51,6,0,0,3,2,1,4,2,0,0
6669,2025-26,Inter,A,1112,27,6.15,6.83,5,0,0,0,0,0,4,1,0,0
6671,2024-25,Venezia,P,,0,0,0,0,0,0,0,0,0,0,0,0,0
6672,2024-25,Venezia,D,3130,35,5.96,5.97,1,0,0,0,0,0,0,5,0,0
6672,2025-26,Sassuolo,D,3065,35,5.94,5.9,0,0,0,0,0,0,0,3,0,0
6673,2024-25,Venezia,D,1123,14,5.75,5.86,1,0,0,0,0,0,0,3,0,0
6675,2024-25,Roma,A,2454,32,6,7.19,12,0,0,2,2,0,2,0,0,0
6675,2025-26,Roma,A,364,13,6,6.77,3,0,0,0,0,0,1,0,0,0
6677,2024-25,Juventus,C,33,1,6,6,0,0,0,0,0,0,0,0,0,0
6677,2025-26,Juventus,C,142,4,6.12,6.88,1,0,0,0,0,0,0,0,0,0
6678,2024-25,Milan,C,63,1,6,6,0,0,0,0,0,0,0,0,0,0
6678,2025-26,Milan,C,,0,0,0,0,0,0,0,0,0,0,0,0,0
6680,2024-25,Udinese,C,3201,37,5.85,5.78,0,0,0,0,0,0,2,9,0,0
6680,2025-26,Udinese,C,3164,36,5.96,5.96,1,0,0,0,0,0,0,6,0,0
6681,2024-25,Venezia,D,145,3,5.5,5.33,0,0,0,0,0,0,0,1,0,0
6682,2024-25,Monza,P,735,9,6.06,3.94,0,17,0,0,0,0,0,0,0,1
6684,2024-25,Udinese,C,1884,33,5.97,6.27,3,0,0,0,0,0,2,2,0,0
6684,2025-26,Udinese,C,2234,31,6.05,6.61,5,0,0,0,0,0,3,1,0,0
6717,2025-26,Sassuolo,C,2795,35,6.19,6.63,6,0,0,0,0,0,0,3,1,0
6766,2024-25,Juventus,D,1018,12,5.67,5.62,0,0,0,0,0,0,0,1,0,0
6766,2025-26,Juventus,D,2997,35,6.01,6.07,1,0,0,0,0,0,1,4,0,0
6809,2024-25,Empoli,D,1058,13,5.81,5.73,0,0,0,0,0,0,0,0,1,0
6809,2025-26,Torino,D,688,11,5.73,5.73,0,0,0,0,0,0,1,2,0,0
6813,2024-25,Milan,P,,0,0,0,0,0,0,0,0,0,0,0,0,0
6813,2025-26,Milan,P,,0,0,0,0,0,0,0,0,0,0,0,0,0
6814,2024-25,Genoa,D,726,10,5.7,5.7,0,0,0,0,0,0,0,0,0,0
6814,2025-26,Genoa,D,2221,27,5.93,6.09,2,0,0,0,0,0,1,3,1,0
6815,2024-25,Como,C,1652,24,6,6.19,1,0,0,0,0,0,3,1,1,0
6815,2025-26,Sassuolo,C,959,24,5.92,6.15,2,0,0,0,0,0,1,5,0,0
6821,2024-25,Parma,C,1184,22,5.86,6.07,2,0,0,0,0,0,0,3,0,0
6821,2025-26,Parma,D,,0,0,0,0,0,0,0,0,0,0,0,0,0
6822,2024-25,Genoa,A,727,15,5.87,6.1,1,0,0,0,0,0,1,1,0,0
6822,2025-26,Genoa,A,930,25,5.96,6.28,3,0,0,0,0,0,0,3,0,0
6826,2024-25,Torino,D,369,9,5.67,5.89,1,0,0,0,0,0,0,0,1,0
6826,2025-26,Torino,D,15,1,5,5,0,0,0,0,0,0,0,0,0,0
6827,2024-25,Torino,A,361,9,6,5.94,0,0,0,0,0,0,0,1,0,0
6827,2025-26,Torino,A,266,9,6,5.94,0,0,0,0,0,0,0,1,0,0
6831,2024-25,Napoli,C,1268,25,6.32,6.72,2,0,0,0,0,0,5,2,0,0
6831,2025-26,Napoli,C,932,16,6.19,6.84,3,0,0,0,0,0,3,3,0,0
6833,2024-25,Juventus,A,687,15,6.33,7.13,3,0,0,0,0,0,3,1,0,0
6844,2025-26,Bologna,C,1612,28,6.2,6.59,3,0,0,0,0,0,3,2,0,0
6867,2024-25,Como,D,1042,13,5.81,5.73,0,0,0,0,0,0,0,2,0,0
6867,2025-26,Como,D,2028,26,6.06,6.23,1,0,0,0,0,0,3,3,0,0
6869,2025-26,Como,D,2744,32,6.16,6.14,2,0,0,0,0,0,0,11,1,0
6875,2024-25,Como,C,2704,33,6.38,6.95,6,0,0,1,0,1,7,6,0,0
6875,2025-26,Como,C,2905,35,6.37,7.3,12,0,0,2,0,2,5,5,0,0
6883,2024-25,Lecce,D,1384,18,5.75,5.75,0,0,0,0,0,0,0,0,0,0
6883,2025-26,Lecce,D,180,5,5.8,5.7,0,0,0,0,0,0,0,1,0,0
6884,2024-25,Juventus,C,1320,25,6.12,6.5,3,0,0,0,0,0,3,3,1,0
6884,2025-26,Juventus,C,2124,30,6.28,6.7,3,0,0,0,0,0,5,3,0,0
6889,2024-25,Empoli,C,1127,22,6.3,6.64,2,0,0,0,0,0,3,3,0,0
6889,2025-26,Torino,C,258,9,5.78,5.72,0,0,0,0,0,0,0,1,0,0
6890,2024-25,Fiorentina,D,144,3,5.67,5.67,0,0,0,0,0,0,0,0,0,0
6892,2024-25,Venezia,D,1124,15,5.7,5.63,0,0,0,0,0,0,0,2,0,0
6893,2024-25,Como,D,2622,31,5.85,5.76,0,0,0,0,0,0,0,4,1,0
6893,2025-26,Como,D,2317,29,6.12,6.52,4,0,0,0,0,0,1,3,0,0
6895,2024-25,Bologna,A,1309,20,6.28,6.82,3,0,0,0,0,0,2,0,0,0
6895,2025-26,Bologna,A,553,12,5.83,6.04,0,0,0,0,0,0,3,1,0,0
6896,2024-25,Como,D,1256,18,5.94,5.92,0,0,0,0,0,0,1,3,0,0
6896,2025-26,Como,D,915,14,5.96,5.96,0,0,0,0,0,0,1,2,0,0
6898,2024-25,Parma,C,1852,28,5.73,5.66,0,0,0,0,0,0,1,4,1,0
6898,2025-26,Parma,C,3016,36,6.01,6.06,1,0,0,0,0,0,1,1,0,1
6903,2024-25,Napoli,C,,0,0,0,0,0,0,0,0,0,0,0,0,0
6904,2024-25,Venezia,C,1198,28,5.91,5.98,1,0,0,0,0,0,2,6,0,0
6908,2024-25,Udinese,C,1223,23,6,5.89,0,0,0,0,0,0,0,5,0,0
6908,2025-26,Udinese,C,2575,32,6.36,6.88,5,0,0,0,0,0,3,3,0,0
6916,2024-25,Genoa,D,263,6,6,6,0,0,0,0,0,0,0,0,0,0
6916,2025-26,Atalanta,D,1368,21,5.79,5.69,0,0,0,0,0,0,0,2,1,0
6917,2024-25,Genoa,C,1528,18,6.06,6.17,1,0,0,0,0,0,0,2,0,0
6917,2025-26,Genoa,C,1379,21,5.98,5.9,0,0,0,0,0,0,1,5,0,0
6925,2025-26,Udinese,D,109,4,5.5,5.5,0,0,0,0,0,0,0,0,0,0
6956,2024-25,Udinese,D,1676,19,6.16,6.29,1,0,0,0,0,0,1,1,1,0
6956,2025-26,Udinese,D,2962,34,6.18,6.4,3,0,0,1,1,0,1,1,0,1
6966,2024-25,Como,P,1663,18,6.22,5.22,0,18,0,0,0,0,0,0,0,0
6966,2025-26,Como,P,3420,38,6.07,5.37,0,29,1,0,0,0,1,3,0,0
6967,2024-25,Como,C,1268,14,6.5,7.93,7,0,0,0,0,0,0,2,0,0
6967,2025-26,Como,A,1098,16,6,6.38,2,0,0,0,0,0,1,2,0,0
6977,2024-25,Genoa,D,183,3,5.17,4.67,0,0,0,0,0,0,0,1,1,0
6977,2025-26,Genoa,D,829,10,5.6,5.35,0,0,0,0,0,0,0,1,0,1
6980,2024-25,Genoa,C,149,3,6.83,8.83,2,0,0,0,0,0,0,0,0,0
6980,2025-26,Roma,C,224,7,5.86,5.86,0,0,0,0,0,0,0,0,0,0
6981,2025-26,Roma,A,184,7,5.93,6.36,1,0,0,0,0,0,0,0,0,0
6984,2024-25,Parma,C,408,10,6.35,7.85,5,0,0,0,0,0,0,0,0,0
6984,2025-26,Parma,C,768,15,5.7,5.63,0,0,0,0,0,0,0,2,0,0
6985,2024-25,Venezia,D,1530,17,5.76,5.82,1,0,0,0,0,0,0,4,0,0
6985,2025-26,Sassuolo,D,509,8,5.69,5.56,0,0,0,0,0,0,0,2,0,0
6986,2024-25,Roma,D,458,8,6.06,6.19,0,0,0,0,0,0,1,0,0,0
6986,2025-26,Roma,D,1180,19,6.16,6.5,1,0,0,0,0,0,4,1,0,0
6989,2024-25,Lecce,D,92,2,6.25,6.25,0,0,0,0,0,0,0,0,0,0
6989,2025-26,Lecce,D,3223,36,6,6.01,2,0,0,0,0,0,0,7,0,1
6990,2024-25,Lecce,D,332,11,5.73,5.73,0,0,0,0,0,0,0,0,0,0
6990,2025-26,Lecce,D,3026,36,5.82,5.69,0,0,0,0,0,0,0,9,0,0
6994,2024-25,Venezia,C,1130,16,6.03,6.16,1,0,0,0,0,0,1,4,0,0
7001,2024-25,Lecce,A,285,7,5.86,5.86,0,0,0,0,0,0,0,0,0,0
7001,2025-26,Lecce,A,474,17,5.82,6.09,2,0,0,0,0,0,0,3,0,0
7008,2024-25,Milan,A,665,12,5.88,6.75,5,0,0,1,0,1,1,3,1,0
7008,2025-26,Milan,A,905,15,5.5,5.53,0,0,0,0,0,0,1,2,0,0
7012,2024-25,Lazio,D,27,1,6.5,6.5,0,0,0,0,0,0,0,1,0,0
7012,2025-26,Lazio,D,1515,23,5.91,5.85,0,0,0,0,0,0,0,3,0,0
7014,2024-25,Como,D,627,8,5.81,5.75,0,0,0,0,0,0,0,2,0,0
7014,2025-26,Como,D,1685,25,5.96,5.84,0,0,0,0,0,0,1,8,0,0
7017,2024-25,Como,A,587,12,6.21,6.75,2,0,0,0,0,0,1,1,0,0
7017,2025-26,Como,A,2279,36,6.18,7.38,14,0,0,1,1,0,1,0,0,0
7023,2024-25,Parma,A,,11,6.14,6.86,3,0,0,0,0,0,0,2,0,0
7023,2025-26,Parma,A,,37,5.99,6.65,9,0,0,1,1,0,0,5,0,0
7027,2024-25,Como,A,,0,0,0,0,0,0,0,0,0,0,0,0,0
7027,2025-26,Como,A,,0,0,0,0,0,0,0,0,0,0,0,0,0
7036,2025-26,Sassuolo,C,116,3,6.17,6.17,0,0,0,0,0,0,0,0,0,0
7048,2024-25,Roma,P,,0,0,0,0,0,0,0,0,0,0,0,0,0
7060,2024-25,Torino,C,21,1,6,6,0,0,0,0,0,0,0,0,0,0
7068,2025-26,Bologna,D,1320,18,5.94,5.86,0,0,0,0,0,0,0,3,0,0
7069,2025-26,Fiorentina,D,488,12,5.96,5.96,0,0,0,0,0,0,0,0,0,0
7070,2025-26,Inter,C,1763,28,6.07,6.27,2,0,0,0,0,0,2,5,0,0
7071,2025-26,Inter,A,1535,31,6.26,7.02,7,0,0,0,0,0,3,1,0,0
7120,2025-26,Napoli,A,645,14,6.04,6.32,1,0,0,0,0,0,2,2,0,0
7125,2025-26,Cagliari,D,737,17,5.82,6.09,2,0,0,0,0,0,0,3,0,0
7126,2025-26,Como,C,1579,25,6.3,7.14,6,0,0,0,0,0,3,0,0,0
7127,2025-26,Como,A,688,12,5.96,6.54,3,0,0,0,0,0,0,4,0,0
7128,2025-26,Como,A,643,14,5.96,6.25,1,0,0,0,0,0,1,0,0,0
7129,2025-26,Como,A,1728,28,6.25,6.66,2,0,0,0,0,0,8,3,1,0
7131,2025-26,Cremonese,D,1156,23,5.72,5.72,0,0,0,0,0,0,1,2,0,0
7138,2025-26,Parma,C,1076,21,5.79,5.81,1,0,0,0,0,0,0,3,1,0
7146,2025-26,Pisa,C,2283,30,5.82,5.82,1,0,0,0,0,0,0,4,1,0
7154,2025-26,Sassuolo,D,1,0,0,0,0,0,0,0,0,0,0,0,0,0
7156,2025-26,Sassuolo,D,,0,0,0,0,0,0,0,0,0,0,0,0,0
7157,2025-26,Sassuolo,C,230,5,6,6.5,1,0,0,0,0,0,0,3,0,0
7158,2025-26,Sassuolo,A,181,6,5.58,5.5,0,0,0,0,0,0,0,1,0,0
7161,2025-26,Udinese,A,432,12,5.75,5.83,0,0,0,0,0,0,1,0,0,0
7162,2025-26,Napoli,A,1873,31,6,6.45,3,0,0,0,0,0,6,2,0,0
7164,2025-26,Lecce,D,31,1,5,5,0,0,0,0,0,0,0,0,0,0
7165,2025-26,Cagliari,C,277,4,5.75,5.75,0,0,0,0,0,0,0,0,0,0
7172,2025-26,Bologna,P,353,4,6.12,5.62,0,2,0,0,0,0,0,0,0,0
7175,2025-26,Bologna,D,1003,14,5.79,6,1,0,0,0,0,0,1,2,0,0
7181,2025-26,Roma,D,2474,30,6.12,6.47,5,0,0,0,0,0,0,5,2,0
7182,2025-26,Lecce,D,533,9,5.5,5.5,0,0,0,0,0,0,0,0,0,0
7183,2025-26,Torino,A,500,11,5.77,5.64,0,0,0,0,0,0,0,4,0,0
7198,2025-26,Udinese,C,1702,30,5.88,5.95,1,0,0,0,0,0,0,2,0,0
7202,2025-26,Parma,D,786,11,5.59,5.36,0,0,0,0,0,0,0,3,1,0
7203,2025-26,Milan,C,703,12,5.71,5.79,0,0,0,0,0,0,1,0,0,0
7208,2025-26,Udinese,C,985,19,5.92,5.95,0,0,0,0,0,0,2,4,0,0
7209,2025-26,Parma,C,1834,30,5.85,5.95,1,0,0,0,0,0,1,2,0,0
7211,2025-26,Milan,D,804,17,5.94,6.32,2,0,0,0,0,0,2,3,0,0
7212,2025-26,Bologna,D,2109,25,5.84,5.8,0,0,0,0,0,0,0,0,1,0
7213,2025-26,Parma,A,,0,0,0,0,0,0,0,0,0,0,0,0,0
7219,2025-26,Atalanta,D,1570,22,6.09,6.16,0,0,0,0,0,0,3,3,0,0
7220,2025-26,Verona,D,1935,26,6.1,6.21,2,0,0,0,0,0,0,6,0,0
7223,2025-26,Napoli,C,625,8,6.25,6.5,1,0,0,0,0,0,0,2,0,0
7235,2025-26,Parma,D,1631,21,5.79,5.71,1,0,0,0,0,0,0,5,2,0
7238,2025-26,Fiorentina,D,62,1,6,6,0,0,0,0,0,0,0,0,0,0
7240,2025-26,Lecce,D,1701,19,5.68,5.76,1,0,0,0,0,0,0,3,0,0
7248,2025-26,Lecce,C,27,1,5.5,5.5,0,0,0,0,0,0,0,0,0,0
7249,2025-26,Udinese,A,886,21,5.88,6.24,3,0,0,0,0,0,0,3,0,0
7252,2025-26,Lecce,A,1713,30,5.73,6.12,4,0,0,1,1,0,0,1,0,0
7253,2025-26,Verona,D,1347,18,5.83,5.75,0,0,0,0,0,0,0,3,0,0
7255,2025-26,Parma,D,2103,28,5.75,5.7,0,0,0,0,0,0,2,5,1,0
7260,2025-26,Roma,D,500,9,5.94,5.78,0,0,0,0,0,0,0,3,0,0
7268,2025-26,Cagliari,D,1327,16,5.62,5.72,1,0,0,0,0,0,0,3,0,0
7272,2025-26,Udinese,A,368,13,5.77,5.92,1,0,0,0,0,0,0,2,0,0
7274,2025-26,Cagliari,D,1723,22,5.77,5.68,0,0,0,0,0,0,1,6,0,0
7276,2025-26,Parma,C,122,1,6,6,0,0,0,0,0,0,0,0,0,0
7301,2025-26,Como,P,,0,0,0,0,0,0,0,0,0,0,0,0,0
7312,2025-26,Udinese,D,173,5,5.8,5.8,0,0,0,0,0,0,0,0,0,0
7313,2025-26,Lazio,A,228,7,5.64,5.64,0,0,0,0,0,0,0,0,0,0
7314,2025-26,Lazio,C,1418,17,6.06,6.56,3,0,0,0,0,0,2,5,0,0
7317,2025-26,Cagliari,A,68,3,5.67,5.67,0,0,0,0,0,0,0,0,0,0
7318,2025-26,Lecce,C,971,16,5.97,6.41,2,0,0,0,0,0,1,0,0,0
7319,2025-26,Lecce,C,80,2,5.5,5.5,0,0,0,0,0,0,0,0,0,0
7322,2025-26,Lecce,C,847,13,5.69,5.65,0,0,0,0,0,0,0,1,0,0
7326,2025-26,Bologna,D,497,6,5.5,5.33,0,0,0,0,0,0,0,2,0,0
7329,2025-26,Torino,D,1135,16,6.06,6.41,1,0,0,0,0,0,3,1,0,0
7332,2025-26,Genoa,P,1399,16,6.06,4.78,0,20,0,0,0,0,0,1,0,0
7337,2025-26,Lazio,P,810,9,6,5.17,0,10,1,0,0,0,0,1,0,0
7338,2025-26,Cagliari,A,23,2,6,6,0,0,0,0,0,0,0,0,0,0
7341,2025-26,Genoa,C,554,9,5.72,5.67,0,0,0,0,0,0,0,1,0,0
7342,2025-26,Parma,A,297,8,6,6.88,2,0,0,0,0,0,1,0,0,0
7345,2025-26,Lazio,C,7,0,0,0,0,0,0,0,0,0,0,0,0,0
7346,2025-26,Cagliari,D,4,0,0,0,0,0,0,0,0,0,0,0,0,0
7347,2025-26,Verona,A,1211,14,5.96,6.79,4,0,0,0,0,0,0,1,0,0
7349,2025-26,Torino,A,284,7,5.71,5.79,0,0,0,0,0,0,1,2,0,0
7351,2025-26,Napoli,C,836,13,6.35,7.23,4,0,0,0,0,0,0,1,0,0
7356,2025-26,Udinese,D,159,3,5.83,5.67,0,0,0,0,0,0,0,2,0,0
7357,2025-26,Como,C,,0,0,0,0,0,0,0,0,0,0,0,0,0
7363,2025-26,Torino,P,,0,0,0,0,0,0,0,0,0,0,0,0,0
7374,2025-26,Cagliari,A,326,8,5.94,6.62,2,0,0,0,0,0,0,1,0,0
