ruolo,nome,squadra,qt_a,and_med,and_gol,rating_fv,s1_pg,s1_mv,s1_mf,s1_gf,s1_rc,s1_rpiu,s1_rmeno,s1_ass,s1_asf,s1_amm,s1_esp,s1_au,s2_pg,s2_mv,s2_mf,s2_gf,s2_rc,s2_rpiu,s2_rmeno,s2_ass,s2_asf,s2_amm,s2_esp,s2_au
P,Svilar,Roma,19,1,-1,,38,6.26,5.45,0,0,0,0,0,,0,0,0,38,6.32,5.38,0,0,0,0,1,,1,0,0
P,Martinez Jo.,Inter,17,-1,-1,,5,6,5.2,0,0,0,0,0,,0,0,0,5,6.3,5.7,0,0,0,0,0,,0,0,0
P,Carnesecchi,Atalanta,17,1,-1,,37,6.36,5.58,0,0,0,0,0,,0,0,0,34,6.34,5.32,0,0,0,0,1,,1,0,0
P,Butez,Como,15,1,-1,,38,6.07,5.37,0,0,0,0,1,,3,0,0,18,6.22,5.22,0,0,0,0,0,,0,0,0
P,Maignan,Milan,15,1,-1,,37,6.26,5.42,0,0,0,0,0,,4,0,0,37,6.18,5.14,0,0,0,0,1,,1,0,0
P,De Gea,Fiorentina,11,-1,-1,,37,6.24,5,0,0,0,0,0,,0,0,0,35,6.34,5.41,0,0,0,0,1,,1,0,0
P,Meret,Napoli,11,-1,-1,,11,6.23,5.18,0,0,0,0,1,,1,0,0,34,6.32,5.71,0,0,0,0,0,,0,0,1
P,Skorupski,Bologna,10,1,-1,,18,6.19,5.28,0,0,0,0,0,,1,1,0,27,6.17,5.04,0,0,0,0,1,,1,0,0
P,Mandas,Lazio,10,,,,0,0,0,0,0,0,0,0,,0,0,0,9,6.28,5.5,0,0,0,0,0,,0,0,0
P,Caprile,Cagliari,10,-1,-1,,38,6.29,4.87,0,0,0,0,0,,2,0,0,22,6.2,5.16,0,0,0,0,0,,0,0,0
,Di Gregorio,,,1,-1,False,30,6.08,5.33,0,0,0,0,0,,1,0,0,33,6.15,5.18,0,0,0,0,0,,0,0,0
P,Okoye,Udinese,9,1,-1,,30,6.07,5.08,0,0,0,0,1,,1,1,0,25,6.1,4.4,0,0,0,0,1,,1,0,1
P,Bijlow,Genoa,8,1,1,,16,6.06,4.78,0,0,0,0,0,,1,0,0,,,,,,,,,,,,
P,Falcone,Lecce,8,1,-1,,38,6.41,5.22,0,0,0,0,0,,2,0,0,38,6.26,4.79,0,0,0,0,2,,2,0,0
P,Daffara,Parma,6,,,,,,,,,,,,,,,,,,,,,,,,,,,
,Suzuki,,,-1,-1,False,20,6.02,4.75,0,0,0,0,0,,1,0,0,37,6.22,4.76,0,0,0,0,0,,0,1,0
P,Muric,Sassuolo,7,1,1,,32,6.08,4.77,0,0,0,0,0,,4,0,0,,,,,,,,,,,,
P,Stankovic F.,Venezia,6,,,,,,,,,,,,,,,,15,6.6,5.23,0,0,0,0,1,,1,0,0
,Perin,,,-1,-1,False,9,6.11,5.11,0,0,0,0,0,,0,0,0,5,6.1,5.5,0,0,0,0,0,,0,0,0
P,Thiam,Monza,4,,,,,,,,,,,,,,,,,,,,,,,,,,,
P,Milinkovic-Savic V.,Napoli,5,1,-1,,27,6.2,5.65,0,0,0,0,0,,0,0,0,37,6.3,5.45,0,0,0,0,3,,3,0,0
P,Palmisani,Frosinone,5,,,,,,,,,,,,,,,,,,,,,,,,,,,
P,Desplanches,Frosinone,2,,,,,,,,,,,,,,,,,,,,,,,,,,,
P,Provedel,Inter,2,1,-1,,27,6.26,5.35,0,0,0,0,0,,1,0,0,29,5.98,4.53,0,0,0,0,0,,0,0,0
P,Happonen,Bologna,1,,,,,,,,,,,,,,,,,,,,,,,,,,,
P,Lolic,Frosinone,1,,,,,,,,,,,,,,,,,,,,,,,,,,,
P,Stolz,Genoa,1,,,,,,,,,,,,,,,,0,0,0,0,0,0,0,0,,0,0,0
P,Renzetti,Lazio,1,,,,,,,,,,,,,,,,,,,,,,,,,,,
,Pizzignacco,,,,,0. N.D,,,,,,,,,,,,,9,6.06,3.94,0,0,0,0,0,,0,0,1
P,Strajnar,Monza,1,,,,,,,,,,,,,,,,,,,,,,,,,,,
P,De Marzi,Roma,1,,,,,,,,,,,,,,,,0,0,0,0,0,0,0,0,,0,0,0
P,Russo A.,Sassuolo,1,,,,0,0,0,0,0,0,0,0,,0,0,0,,,,,,,,,,,,
P,Mascardi,Torino,1,,,,,,,,,,,,,,,,,,,,,,,,,,,
P,Siviero,Torino,1,,,,0,0,0,0,0,0,0,0,,0,0,0,,,,,,,,,,,,
P,Piana,Udinese,1,,,,,,,,,,,,,,,,0,0,0,0,0,0,0,0,,0,0,0
P,Grandi,Venezia,1,,,,,,,,,,,,,,,,0,0,0,0,0,0,0,0,,0,0,0
P,Pozzi,Venezia,1,,,,,,,,,,,,,,,,,,,,,,,,,,,
,Rossi F.,,,,,0. N.D.,0,0,0,0,0,0,0,0,,0,0,0,0,0,0,0,0,0,0,0,,0,0,0
P,Sportiello,Atalanta,1,-1,-1,,1,5.5,4.5,0,0,0,0,0,,0,0,0,2,6,5,0,0,0,0,0,,0,0,0
P,Pessina Mas.,Bologna,1,1,1,,4,6.12,5.62,0,0,0,0,0,,0,0,0,,,,,,,,,,,,
,Ciocci,,,,,0. N.D.,0,0,0,0,0,0,0,0,,0,0,0,0,0,0,0,0,0,0,0,,0,0,0
P,Sherri,Cagliari,1,,,,0,0,0,0,0,0,0,0,,0,0,0,7,5.86,4.29,0,0,0,0,0,,0,0,0
P,Tornqvist,Monza,1,,,,0,0,0,0,0,0,0,0,,0,0,0,,,,,,,,,,,,
P,Vigorito,Como,1,,,,0,0,0,0,0,0,0,0,,0,0,0,0,0,0,0,0,0,0,0,,0,0,0
P,Christensen O.,Fiorentina,1,1,-1,,1,7.5,6.5,0,0,0,0,0,,0,0,0,0,0,0,0,0,0,0,0,,0,0,0
P,Lezzerini,Fiorentina,1,,,,0,0,0,0,0,0,0,0,,0,0,0,,,,,,,,,,,,
P,Sommariva,Genoa,1,-1,-1,,2,5.75,3.75,0,0,0,0,0,,0,0,0,1,7,6,0,0,0,0,0,,0,0,0
P,Di Gennaro,Inter,1,1,-1,,1,6,5,0,0,0,0,0,,0,0,0,0,0,0,0,0,0,0,0,,0,0,0
P,Pinsoglio,Juventus,1,,,,0,0,0,0,0,0,0,0,,0,0,0,0,0,0,0,0,0,0,0,,0,0,0
P,Motta,Lazio,1,1,1,,9,6,5.17,0,0,0,0,0,,1,0,0,,,,,,,,,,,,
,Fruchtl,,,,,0. N.D.,0,0,0,0,0,0,0,0,,0,0,0,0,0,0,0,0,0,0,0,,0,0,0
,Samooja,,,,,0. N.D.,0,0,0,0,0,0,0,0,,0,0,0,0,0,0,0,0,0,0,0,,0,0,0
P,Terracciano,Milan,1,1,-1,,2,6,6,0,0,0,0,0,,0,0,0,3,6.17,5.17,0,0,0,0,0,,0,0,0
P,Torriani,Milan,1,,,,0,0,0,0,0,0,0,0,,0,0,0,0,0,0,0,0,0,0,0,,0,0,0
P,Contini,Napoli,1,,,,0,0,0,0,0,0,0,0,,0,0,0,0,0,0,0,0,0,0,0,,0,0,0
P,Corvi,Parma,2,1,-1,,17,6.18,5.09,0,0,0,0,0,,1,0,0,0,0,0,0,0,0,0,0,,0,0,0
P,Gollini,Roma,1,,,,0,0,0,0,0,0,0,0,,0,0,0,7,5.86,4.07,0,0,0,0,1,,1,0,0
P,Turati,Sassuolo,1,1,-1,,6,6.17,5,0,0,0,0,0,,0,0,0,30,6.3,4.75,0,0,0,0,1,,1,0,0
P,Paleari,Torino,1,1,-1,,29,6.09,4.52,0,0,0,0,0,,1,0,0,1,6.5,3.5,0,0,0,0,0,,0,0,0
P,Padelli,Udinese,1,-1,-1,,2,6.25,5.25,0,0,0,0,0,,0,0,0,1,6.5,6.5,0,0,0,0,0,,0,0,0
D,Dimarco,Inter,31,1,1,0.9205741626794259,35,6.6,7.64,7,0,0,0,17,,3,0,0,32,6.31,6.86,4,0,0,0,3,,3,0,0
D,Wesley,Roma,18,1,1,0.682850880175212,30,6.12,6.47,5,0,0,0,0,,5,2,0,,,,,,,,,,,,
D,Akanji,Inter,15,1,1,0.6654861690160673,32,6.28,6.41,2,0,0,0,0,,4,0,0,,,,,,,,,,,,
D,Bremer,Juventus,16,1,1,0.7073145093604466,26,6.33,6.81,4,0,0,0,3,,5,0,0,6,6.5,6.42,0,0,0,0,1,,1,0,0
D,Mancini,Roma,16,1,1,0.7285454480898048,36,6.25,6.51,4,0,0,0,2,,9,0,0,37,6.18,6.26,2,0,0,0,8,,8,0,0
D,Bastoni,Inter,14,-1,-1,0.6142792024999083,28,6.2,6.34,1,0,0,0,4,,6,0,0,32,6.42,6.55,1,0,0,0,4,,4,1,0
D,Pavlovic,Milan,14,1,1,0.7660120315066583,34,6.24,6.62,5,0,0,0,0,,4,0,0,22,5.91,6.11,2,0,0,0,3,,3,1,0
D,Rrahmani,Napoli,15,1,1,0.6119718859261434,21,6.24,6.45,2,0,0,0,0,,3,0,0,38,6.14,6.17,1,0,0,0,2,,2,0,1
D,Kalulu,Juventus,14,1,1,0.6818444685923168,37,6.14,6.35,2,0,0,0,4,,2,1,0,28,6.02,6.05,1,0,0,0,2,,2,1,0
D,N'Dicka,Roma,13,1,1,0.6787735346148781,31,6.08,6.32,3,0,0,0,1,,5,0,0,38,6.05,6.03,0,0,0,0,2,,2,0,0
D,Solet,Udinese,13,1,1,0.7678693703489062,34,6.18,6.4,3,1,1,0,1,,1,0,1,19,6.16,6.29,1,0,0,0,1,,1,1,0
D,Stones,Inter,12,,,0. N.D,,,,,,,,,,,,,,,,,,,,,,,,
D,Gila,Milan,13,-1,-1,0.5630079661314162,31,6.03,5.95,0,0,0,0,0,,3,1,0,32,6.05,5.95,1,0,0,0,8,,8,0,1
D,Di Lorenzo,Napoli,12,-1,-1,0.6423299148562955,26,6.08,6.33,2,0,0,0,1,,1,0,0,37,6.15,6.36,3,0,0,0,6,,6,0,0
D,Ostigard,Genoa,11,1,1,0.7253719019108935,30,6.13,6.52,5,0,0,0,0,,7,0,0,,,,,,,,,,,,
D,Bisseck,Inter,12,1,-1,0.6661269792618569,23,6.22,6.65,3,0,0,0,2,,2,0,0,27,6,6.33,3,0,0,0,4,,4,0,0
D,Scalvini,Atalanta,10,1,1,0.6581030936385678,24,6.06,6.44,3,0,0,0,1,,2,0,0,4,5.5,5.25,0,0,0,0,2,,2,0,0
D,Ramon,Como,10,1,1,0.5979635607342966,32,6.16,6.14,2,0,0,0,0,,11,1,0,,,,,,,,,,,,
D,Dodò,Fiorentina,9,1,1,0.6314778385614624,36,5.99,6.03,1,0,0,0,2,,7,0,0,,,,,,,,,,,,
D,Hermoso,Roma,11,1,1,0.6475635549943819,27,6.17,6.41,3,0,0,0,2,,9,0,0,4,5.12,4.88,0,0,0,0,0,,0,1,0
D,Vasquez,Genoa,9,-1,-1,0.6539296122266638,36,6.08,6.14,1,0,0,0,0,,2,0,0,36,6.06,6.18,3,0,0,0,9,,9,0,0
D,Cambiaso,Juventus,8,-1,1,0.6811832009539205,36,5.81,5.99,3,0,0,0,4,,3,1,2,32,6.09,6.31,2,0,0,0,4,,4,0,0
D,Dragusin,Fiorentina,7,,,0. N.D,,,,,,,,,,,,,,,,,,,,,,,,
D,Jimenez A.,Fiorentina,7,-1,-1,0.39827442237196997,1,5.5,5,0,0,0,0,0,,1,0,0,21,5.95,5.83,0,0,0,0,6,,6,0,0
D,Koulierakis,Roma,8,,,0. N.D,,,,,,,,,,,,,,,,,,,,,,,,
D,Hien,Atalanta,7,1,1,0.5857066273489531,28,5.91,5.86,1,0,0,0,0,,5,0,1,29,5.95,5.78,0,0,0,0,10,,10,0,0
D,Zappacosta,Atalanta,8,-1,-1,0.7077874544692498,35,6.06,6.3,3,0,0,0,1,,3,0,0,30,5.98,6.4,4,0,0,0,3,,3,0,0
D,Lucumì,Juventus,7,1,1,0.5855828767539982,28,5.88,5.89,1,0,0,0,0,,5,0,0,,,,,,,,,,,,
D,Miranda J.,Bologna,8,-1,1,0.6147841711398355,31,6,6.1,1,0,0,0,3,,6,0,0,29,6.05,6.16,0,0,0,0,4,,4,1,0
D,Mina,Cagliari,7,1,1,0.6016262816657514,26,6,6.17,2,0,0,0,1,,3,1,0,31,6.06,6.06,1,0,0,0,4,,4,1,0
,Norton-Cuffy,,,1,1,False,27,5.93,6.09,2,0,0,0,1,,3,1,0,10,5.7,5.7,0,0,0,0,0,,0,0,0
D,Celik,Juventus,8,1,1,0.6198897476774221,32,6.17,6.27,1,0,0,0,2,,2,1,0,30,5.78,5.77,0,0,0,0,5,,5,0,0
D,Bartesaghi,Milan,8,1,1,0.645950442503212,31,5.97,6.05,2,0,0,0,0,,3,0,1,3,5.33,5,0,0,0,0,0,,0,1,0
D,Spinazzola,Napoli,8,1,1,0.7063227629787856,30,6.17,6.55,3,0,0,0,3,,1,0,0,23,6.07,6.22,1,0,0,0,1,,1,0,0
D,Delprato,Parma,8,-1,-1,0.6550468627542202,35,5.91,6.01,2,0,0,0,0,,5,0,0,34,6.03,6.21,4,0,0,0,8,,8,0,0
D,Valeri,Parma,8,-1,-1,0.6187992596773172,34,6.06,6.09,0,0,0,0,2,,2,0,0,34,5.94,6.25,2,1,1,0,1,,1,0,0
D,Vojvoda,Udinese,9,1,1,0.6388734154449877,27,6.02,6.24,2,0,0,0,1,,2,0,0,27,5.96,6.04,1,0,0,0,6,,6,0,0
D,Kaiki,Como,6,,,0. N.D,,,,,,,,,,,,,,,,,,,,,,,,
D,Doekhi,Lazio,8,,,0. N.D,,,,,,,,,,,,,,,,,,,,,,,,
,Djimsiti,,,-1,-1,False,33,5.86,5.8,0,0,0,0,0,,4,0,0,33,5.88,5.88,1,0,0,0,6,,6,0,1
D,Obert,Cagliari,7,-1,-1,0.5569451005934076,34,5.88,5.82,0,0,0,0,3,,8,1,0,19,5.95,6.05,1,0,0,0,4,,4,0,0
D,Carlos Augusto,Inter,6,-1,-1,0.5983193887790844,28,6.12,6.16,1,0,0,0,1,,6,0,0,28,6.2,6.61,3,0,0,0,1,,1,0,0
D,Romagnoli,Lazio,6,1,-1,0.5583948746211078,32,6.03,5.92,0,0,0,0,0,,5,1,0,32,5.84,5.91,2,0,0,0,4,,4,2,0
D,Tiago Gabriel,Lecce,8,-1,1,0.6539463842853207,36,6,6.01,2,0,0,0,0,,7,0,1,2,6.25,6.25,0,0,0,0,0,,0,0,0
D,Gabbia,Milan,7,-1,-1,0.5664202510082919,29,5.91,5.84,0,0,0,0,0,,4,0,0,25,6.04,6.2,2,0,0,0,4,,4,0,0
D,Tomori,Milan,6,1,-1,0.5539252943092114,32,5.97,5.88,0,0,0,0,1,,6,1,0,18,5.86,5.81,0,0,0,0,2,,2,1,0
D,Buongiorno,Napoli,6,-1,-1,0.5901374155213327,32,5.89,5.88,0,0,0,0,1,,3,0,0,22,6.36,6.45,1,0,0,0,2,,2,0,0
D,Idzes,Sassuolo,7,-1,-1,0.6050244244595306,35,5.94,5.9,0,0,0,0,0,,3,0,0,35,5.96,5.97,1,0,0,0,5,,5,0,0
D,Coco,Torino,7,1,-1,0.6337685065759565,35,5.84,5.91,1,0,0,0,1,,3,0,0,32,5.86,5.83,2,0,0,0,10,,10,0,1
D,Ismajli,Torino,7,-1,-1,0.5433150708616321,24,5.92,5.9,0,0,0,0,2,,5,0,0,29,6.17,6.12,0,0,0,0,3,,3,0,0
D,Kristensen T.,Atalanta,6,1,1,0.6592020150328226,28,5.98,6.23,3,0,0,0,0,,4,0,0,21,5.57,5.6,1,0,0,0,5,,5,0,0
D,Valdepenas,Fiorentina,5,,,0. N.D,,,,,,,,,,,,,,,,,,,,,,,,
D,Viery,Fiorentina,6,,,0. N.D,,,,,,,,,,,,,,,,,,,,,,,,
D,Monterisi,Frosinone,6,,,0. N.D,,,,,,,,,,,,,,,,,,,,,,,,
D,Pavard,Inter,6,1,-1,0.472389922927261,1,6.5,6.5,0,0,0,0,0,,0,0,0,22,6.05,6,0,0,0,0,4,,4,0,0
D,Mangas,Monza,7,,,0. N.D,,,,,,,,,,,,,,,,,,,,,,,,
,Ahanor,,,-1,-1,False,21,5.79,5.69,0,0,0,0,0,,2,1,0,6,6,6,0,0,0,0,0,,0,0,0
D,Bellanova,Atalanta,6,-1,-1,0.5383593983699345,22,5.82,5.82,0,0,0,0,1,,2,0,0,35,6.04,6.26,0,0,0,0,3,,3,0,0
D,Bernasconi,Atalanta,6,1,1,0.556778638507684,22,6.09,6.16,0,0,0,0,3,,3,0,0,,,,,,,,,,,,
D,Heggem,Bologna,6,1,1,0.5353811050711024,25,5.84,5.8,0,0,0,0,0,,0,1,0,,,,,,,,,,,,
D,Zortea,Bologna,7,-1,-1,0.5759241041540493,28,5.86,5.89,0,0,0,0,2,,2,0,0,35,6.07,6.6,6,0,0,0,3,,3,0,0
D,Valle,Como,6,1,1,0.6073260684819534,26,6.06,6.23,1,0,0,0,3,,3,0,0,13,5.81,5.73,0,0,0,0,2,,2,0,0
D,Marcandalli,Genoa,6,1,-1,0.5786756220562326,31,5.87,5.84,0,0,0,0,1,,4,0,0,8,5.88,5.75,0,0,0,0,2,,2,0,0
D,Tavares N.,Lazio,7,-1,-1,0.5239855707808312,22,5.91,5.8,0,0,0,0,0,,5,0,0,23,6.28,6.5,0,0,0,0,2,,2,1,0
D,Marusic,Lazio,6,-1,-1,0.6124510175823129,33,5.86,5.97,1,0,0,0,2,,1,1,0,31,5.85,6.16,4,0,0,0,1,,1,0,1
D,Gallo,Lecce,6,1,-1,0.6270333209062078,37,5.95,5.99,0,0,0,0,3,,3,0,0,31,5.79,5.65,0,0,0,0,3,,3,1,2
D,Beukema,Napoli,6,1,1,0.6047949359357462,22,5.93,6.16,2,0,0,0,0,,2,0,0,34,5.93,5.94,0,0,0,0,1,,1,0,0
,Circati,,,1,1,False,31,5.92,5.92,1,0,0,0,0,,6,0,0,6,5.83,5.75,0,0,0,0,1,,1,0,0
D,Comuzzo,Torino,8,-1,-1,0.5705622934060521,24,5.75,5.75,1,0,0,0,0,,2,0,1,28,5.91,5.93,1,0,0,0,5,,5,0,0
D,Kamara H.,Udinese,9,-1,-1,0.5518439251248485,26,5.88,5.87,0,0,0,0,2,,5,0,0,30,5.93,6.03,1,0,0,0,6,,6,1,0
D,Bella-Kotchap,Venezia,5,1,1,0.5082907053449903,18,5.83,5.75,0,0,0,0,0,,3,0,0,,,,,,,,,,,,
D,Kofler,Cagliari,5,,,0. N.D,,,,,,,,,,,,,,,,,,,,,,,,
D,Bracaglia,Frosinone,7,,,0. N.D,,,,,,,,,,,,,,,,,,,,,,,,
D,Oyono A.,Frosinone,6,,,0. N.D,,,,,,,,,,,,,,,,,,,,,,,,
D,Pedraza,Lazio,6,,,0. N.D,,,,,,,,,,,,,,,,,,,,,,,,
D,Moreno M.,Venezia,4,,,0. N.D,,,,,,,,,,,,,3,5.67,5.67,0,0,0,0,0,,0,0,0
D,Haps,Venezia,5,,,0. N.D,,,,,,,,,,,,,22,5.86,5.98,1,0,0,0,3,,3,0,0
D,Kolasinac,Atalanta,6,-1,-1,0.5140619755003885,17,6.03,5.94,0,0,0,0,0,,3,0,0,23,6.13,5.98,0,0,0,0,7,,7,0,1
D,Vitik,Bologna,4,1,1,0.5145036198301562,18,5.94,5.86,0,0,0,0,0,,3,0,0,,,,,,,,,,,,
D,Holm,Bologna,6,1,-1,0.548133048204126,16,6.09,6.44,1,0,0,0,4,,1,1,0,16,5.94,6.12,1,0,0,0,3,,3,0,0
D,Zè Pedro,Cagliari,5,1,1,0.5149975072069961,22,5.77,5.68,0,0,0,0,1,,6,0,0,,,,,,,,,,,,
D,Kempf,Como,5,1,1,0.7123572797941041,29,6.12,6.52,4,0,0,0,1,,3,0,0,31,5.85,5.76,0,0,0,0,4,,4,1,0
D,Parisi,Fiorentina,4,-1,-1,0.5642612543902804,23,6.02,5.98,1,0,0,0,1,,6,0,1,20,6,6.22,2,0,0,0,3,,3,0,0
,Martin,,,-1,1,False,29,5.97,6.1,1,1,0,1,5,,2,0,0,36,6.17,6.32,0,0,0,0,5,,5,0,0
D,Kelly L.,Juventus,5,1,1,0.6385630488574098,35,6.01,6.07,1,0,0,0,1,,4,0,0,12,5.67,5.62,0,0,0,0,1,,1,0,0
D,Gaspar K.,Lecce,5,-1,-1,0.48256423424100475,21,5.83,5.64,0,0,0,0,0,,6,1,0,24,6.17,6.15,0,0,0,0,3,,3,0,0
D,Veiga D.,Lecce,6,-1,-1,0.5738811092462237,36,5.82,5.69,0,0,0,0,0,,9,0,0,11,5.73,5.73,0,0,0,0,0,,0,0,0
D,Olivera,Napoli,5,-1,-1,0.5250866337667109,22,5.75,5.68,0,0,0,0,0,,3,0,0,30,6.08,6.05,0,0,0,0,4,,4,0,0
D,Rensch,Roma,4,1,1,0.5926144146378209,19,6.16,6.5,1,0,0,0,4,,1,0,0,8,6.06,6.19,0,0,0,0,0,,0,0,0
,Pedersen,,,1,1,False,28,5.84,5.96,1,0,0,0,2,,3,0,0,23,5.61,5.54,0,0,0,0,3,,3,0,0
D,Calvani,Frosinone,5,,,0. N.D,,,,,,,,,,,,,,,,,,,,,,,,
D,Mitaj,Genoa,4,,,0. N.D,,,,,,,,,,,,,,,,,,,,,,,,
,Delli Carri,,,,,0. N.D,,,,,,,,,,,,,,,,,,,,,,,,
D,Lucchesi,Monza,3,,,0. N.D,,,,,,,,,,,,,0,0,0,0,0,0,0,0,,0,0,0
D,Birindelli,Monza,4,,,0. N.D,,,,,,,,,,,,,20,5.95,6.35,3,0,0,0,2,,2,0,0
D,Comert,Torino,4,,,0. N.D,,,,,,,,,,,,,,,,,,,,,,,,
D,Halhal,Venezia,3,,,0. N.D,,,,,,,,,,,,,,,,,,,,,,,,
D,Correia T.,Venezia,5,,,0. N.D,,,,,,,,,,,,,,,,,,,,,,,,
,Zappa,,,1,-1,False,25,5.9,5.98,0,0,0,0,3,,2,0,0,36,5.75,5.86,2,0,0,0,4,,4,0,0
D,Smolcic I.,Como,4,1,-1,0.531642129233266,25,5.96,5.84,0,0,0,0,1,,8,0,0,8,5.81,5.75,0,0,0,0,2,,2,0,0
D,Pongracic,Fiorentina,4,1,-1,0.5550640881117598,35,5.84,5.67,0,0,0,0,0,,12,0,0,17,5.85,5.65,0,0,0,0,1,,1,1,1
D,Gatti,Juventus,4,1,1,0.5705442449531731,16,5.94,6.22,2,0,0,0,0,,3,0,0,28,6.14,6.21,1,0,0,0,2,,2,0,0
D,Siebert,Lecce,4,1,1,0.5378416173704132,19,5.68,5.76,1,0,0,0,0,,3,0,0,,,,,,,,,,,,
D,Valenti,Parma,4,-1,-1,0.543510942992894,27,5.96,5.83,0,0,0,0,0,,7,0,0,20,5.85,5.85,1,0,0,0,4,,4,1,0
D,Ghilardi,Roma,5,1,-1,0.5429521447598054,21,5.98,5.95,0,0,0,0,0,,1,0,0,24,5.73,5.54,0,0,0,0,7,,7,1,0
D,Walukiewicz,Sassuolo,4,1,-1,0.5763927492387773,34,5.81,5.74,0,0,0,0,1,,7,0,0,28,5.73,5.64,0,0,0,0,6,,6,0,0
D,Doig,Sassuolo,5,1,1,0.5474360580174854,27,5.85,5.76,0,0,0,0,0,,5,0,0,,,,,,,,,,,,
D,Kabasele,Udinese,4,-1,1,0.6283476599638077,28,5.98,6.18,3,0,0,0,0,,5,1,0,16,5.84,6.22,2,0,0,0,0,,0,0,0
D,Bertola,Udinese,4,1,1,0.5513390989302357,25,5.86,5.84,0,0,0,0,1,,3,0,0,,,,,,,,,,,,
D,Zanoli,Udinese,4,1,-1,0.5779013461643582,19,6.05,6.29,1,0,0,0,2,,1,0,0,27,5.91,5.96,1,0,0,0,3,,3,0,0
D,Arizala,Udinese,4,1,1,0.4539058259642443,5,5.8,5.8,0,0,0,0,0,,0,0,0,,,,,,,,,,,,
D,Akpoguma,Frosinone,3,,,0. N.D,,,,,,,,,,,,,,,,,,,,,,,,
D,Cittadini,Frosinone,4,,,0. N.D,,,,,,,,,,,,,,,,,,,,,,,,
D,Carboni A.,Monza,3,,,0. N.D,,,,,,,,,,,,,26,5.63,5.62,0,0,0,0,5,,5,0,0
D,Schingtienne,Venezia,3,,,0. N.D,,,,,,,,,,,,,15,5.7,5.63,0,0,0,0,2,,2,0,0
D,Sverko,Venezia,3,,,0. N.D,,,,,,,,,,,,,14,5.75,5.86,1,0,0,0,3,,3,0,0
D,Hainaut,Venezia,4,,,0. N.D.,0,0,0,0,0,0,0,0,,0,0,0,22,5.86,6.07,2,0,0,0,3,,3,0,0
D,Kossounou,Atalanta,4,1,1,0.5476605841113971,16,5.94,6.09,1,0,0,0,0,,1,0,0,17,5.94,5.91,0,0,0,0,1,,1,0,0
D,Casale,Bologna,3,1,-1,0.47174945932179335,10,5.65,5.65,0,0,0,0,0,,0,0,0,15,5.63,5.53,0,0,0,0,1,,1,0,1
D,Rodriguez Ju.,Cagliari,4,1,1,0.5191868414491727,16,5.62,5.72,1,0,0,0,0,,3,0,0,,,,,,,,,,,,
D,Idrissi R.,Cagliari,3,1,1,0.5687678978502898,17,5.82,6.09,2,0,0,0,0,,3,0,0,,,,,,,,,,,,
D,Ranieri L.,Fiorentina,3,-1,-1,0.559209094845634,31,5.85,5.79,1,0,0,0,0,,8,1,0,36,5.92,5.96,1,0,0,0,7,,7,0,0
D,Joao Mario,Fiorentina,3,1,1,0.5286285147591941,14,5.79,6,1,0,0,0,1,,2,0,0,,,,,,,,,,,,
D,Provstgaard,Lazio,4,-1,-1,0.5396485382900374,23,5.91,5.85,0,0,0,0,0,,3,0,0,1,6.5,6.5,0,0,0,0,1,,1,0,0
D,Floriani Mussolini,Lazio,4,1,1,0.5379744521872478,23,5.72,5.72,0,0,0,0,1,,2,0,0,,,,,,,,,,,,
D,De Winter,Milan,5,-1,-1,0.5819756259927755,24,5.75,5.9,1,0,0,0,1,,1,0,0,24,5.85,6.1,3,0,0,0,6,,6,0,0
,Athekame,,,1,1,False,17,5.94,6.32,2,0,0,0,2,,3,0,0,,,,,,,,,,,,
D,Estupinan,Milan,3,1,1,0.4778550735407267,14,5.64,5.71,1,0,0,0,1,,5,1,0,,,,,,,,,,,,
D,Kouadio,Monza,3,1,1,0.4441494025401438,1,6,6,0,0,0,0,0,,0,0,0,,,,,,,,,,,,
D,Troilo,Parma,3,1,1,0.491301456878751,21,5.79,5.71,1,0,0,0,0,,5,2,0,,,,,,,,,,,,
D,Britschgi,Parma,3,1,1,0.5289805851948234,28,5.75,5.7,0,0,0,0,2,,5,1,0,,,,,,,,,,,,
,Angelino,,,-1,-1,False,6,5.83,5.67,0,0,0,0,0,,2,0,0,38,6.14,6.32,2,0,0,0,1,,1,0,0
D,Candè,Sassuolo,3,-1,-1,0.4509883347111234,8,5.69,5.56,0,0,0,0,0,,2,0,0,17,5.76,5.82,1,0,0,0,4,,4,0,0
D,Alhassane,Bologna,2,,,0. N.D,,,,,,,,,,,,,,,,,,,,,,,,
D,Puczka,Genoa,2,,,0. N.D,,,,,,,,,,,,,,,,,,,,,,,,
D,Diawara S.,Milan,2,,,0. N.D,,,,,,,,,,,,,,,,,,,,,,,,
D,Marin R.,Napoli,2,,,0. N.D,,,,,,,,,,,,,3,6,5.83,0,0,0,0,1,,1,0,0
D,Palma,Udinese,3,1,1,0.4316983558372371,4,5.5,5.5,0,0,0,0,0,,0,0,0,,,,,,,,,,,,
D,Franjic,Venezia,3,,,0. N.D,,,,,,,,,,,,,,,,,,,,,,,,
D,Sagrado,Venezia,2,,,0. N.D,,,,,,,,,,,,,3,5.5,5.33,0,0,0,0,1,,1,0,0
D,Helland,Bologna,3,1,1,0.42868350075569694,6,5.5,5.33,0,0,0,0,0,,2,0,0,,,,,,,,,,,,
D,Van Der Brempt,Sassuolo,2,1,-1,0.5041614809204326,14,5.96,5.96,0,0,0,0,1,,2,0,0,18,5.94,5.92,0,0,0,0,3,,3,0,0
D,Otoa,Genoa,2,1,-1,0.45783545011982596,10,5.6,5.35,0,0,0,0,0,,1,0,1,3,5.17,4.67,0,0,0,0,1,,1,1,0
D,Sabelli,Genoa,2,-1,-1,0.4923874178544887,13,5.81,5.65,0,0,0,0,0,,0,0,1,30,5.87,5.9,0,0,0,0,3,,3,0,0
D,Lazzari,Lazio,2,-1,-1,0.5060991006788748,17,5.79,5.74,0,0,0,0,0,,2,0,0,22,5.89,5.86,0,0,0,0,3,,3,0,0
D,Pellegrini Lu.,Lazio,2,-1,1,0.5478905497919001,24,5.85,5.81,1,0,0,0,0,,8,0,0,19,6.08,6.11,0,0,0,0,5,,5,0,0
D,Jean,Lecce,2,-1,-1,0.4467425703716693,5,5.8,5.7,0,0,0,0,0,,1,0,0,18,5.75,5.75,0,0,0,0,0,,0,0,0
D,Biraghi,Torino,2,-1,-1,0.47362375477007607,11,5.59,5.59,0,0,0,0,0,,0,0,0,21,5.83,5.86,1,0,0,0,1,,1,0,1
D,Ebosse,Udinese,3,1,-1,0.4929505287422717,16,5.75,5.72,0,0,0,0,1,,4,0,0,2,5.5,5.25,0,0,0,0,1,,1,0,0
,Cuenca A.,,,,,0. N.D,,,,,,,,,,,,,,,,,,,,,,,,
D,Amey,Frosinone,1,,,0. N.D,,,,,,,,,,,,,,,,,,,,,,,,
,Gelli J.,,,,,0. N.D,,,,,,,,,,,,,,,,,,,,,,,,
,Oyono J.,,,,,0. N.D,,,,,,,,,,,,,,,,,,,,,,,,
,Corrado,,,,,0. N.D,,,,,,,,,,,,,,,,,,,,,,,,
,Vogliacco,,,,,0. N.D.,0,0,0,0,0,0,0,0,,0,0,0,20,5.7,5.78,2,0,0,0,5,,5,0,1
,Matturro,,,,,0. N.D,,,,,,,,,,,,,12,5.62,5.54,0,0,0,0,2,,2,0,0
D,Antov,Monza,1,,,0. N.D,,,,,,,,,,,,,,,,,,,,,,,,
D,Bakoune,Monza,2,,,0. N.D,,,,,,,,,,,,,,,,,,,,,,,,
,Missori,,,,,0. N.D.,0,0,0,0,0,0,0,0,,0,0,0,,,,,,,,,,,,
D,Abankwah,Udinese,2,,,0. N.D,,,,,,,,,,,,,2,6.25,6,0,0,0,0,1,,1,0,0
D,Gomes,Venezia,1,,,0. N.D,,,,,,,,,,,,,,,,,,,,,,,,
D,De Silvestri,Bologna,1,-1,-1,0.4826331654934576,10,6.05,5.95,0,0,0,0,0,,2,0,0,16,5.91,6.06,1,0,0,0,1,,1,0,0
,Raterink,,,,,0. N.D.,0,0,0,0,0,0,0,0,,0,0,0,,,,,,,,,,,,
D,Goldaniga,Como,1,,,0. N.D.,0,0,0,0,0,0,0,0,,0,0,0,30,5.83,5.73,1,0,0,0,10,,10,1,0
D,Rugani,Juventus,1,1,-1,0.4509883347111234,8,5.69,5.56,0,0,0,0,0,,2,0,0,0,0,0,0,0,0,0,0,,0,0,0
D,Cabal,Juventus,1,1,1,0.5516935723411338,9,5.94,6.56,2,0,0,0,0,,1,0,0,6,6.33,6.25,0,0,0,0,1,,1,0,0
D,Patric,Lazio,1,-1,-1,0.47133695733861064,10,5.85,5.75,0,0,0,0,0,,2,0,0,8,5.62,5.88,1,0,0,0,2,,2,0,0
,Perez M.,,,1,1,False,1,5,5,0,0,0,0,0,,0,0,0,,,,,,,,,,,,
D,Ndaba,Lecce,2,1,1,0.45801414531092133,9,5.5,5.5,0,0,0,0,0,,0,0,0,,,,,,,,,,,,
D,Marianucci,Napoli,1,-1,-1,0.47538136785814805,11,5.73,5.73,0,0,0,0,1,,2,0,0,13,5.81,5.73,0,0,0,0,0,,0,1,0
D,Mazzocchi,Venezia,1,1,-1,0.46080697972217277,9,5.94,5.94,0,0,0,0,1,,0,1,0,10,5.7,5.65,0,0,0,0,2,,2,0,0
D,Ndiaye,Parma,2,1,1,0.4289664487253355,11,5.59,5.36,0,0,0,0,0,,3,1,0,,,,,,,,,,,,
D,Carboni F.,Parma,1,1,-1,0.44941256043488065,2,6,6,0,0,0,0,0,,0,0,0,5,5.9,5.7,0,0,0,0,2,,2,0,0
D,Ziolkowski,Monza,1,1,1,0.46504095793982825,9,5.94,5.78,0,0,0,0,0,,3,0,0,,,,,,,,,,,,
D,Pieragnolo,Sassuolo,1,,,0. N.D.,0,0,0,0,0,0,0,0,,0,0,0,,,,,,,,,,,,
,Mlacic,,,1,1,False,3,5.83,5.67,0,0,0,0,0,,2,0,0,,,,,,,,,,,,
C,Paz N.,Como,29,1,1,0.9306294106823501,35,6.37,7.3,12,2,0,2,5,,5,0,0,33,6.38,6.95,6,1,0,1,6,,6,0,0
C,McTominay,Napoli,27,-1,-1,0.8839551856922576,33,6.39,7.26,10,1,0,1,2,,1,0,0,34,6.56,7.66,12,0,0,0,3,,3,0,0
C,Calhanoglu,Inter,28,1,1,0.813011695906433,22,6.52,7.64,9,5,4,1,4,,7,0,0,28,6.34,6.89,5,4,3,1,5,,5,0,0
C,Orsolini,Bologna,25,-1,-1,0.8568796548379053,34,6.06,6.76,10,6,4,2,1,,2,0,0,29,6.53,8.19,15,3,3,0,2,,2,0,0
C,Pulisic,Milan,24,-1,-1,0.8213896594933303,27,6.15,7.07,8,1,0,1,4,,0,0,0,34,6.38,7.49,11,4,3,1,1,,1,0,0
C,Rabiot,Milan,23,1,1,0.7124623791139859,29,6.33,6.98,6,0,0,0,4,,4,1,0,,,,,,,,,,,,
C,Baturina,Como,20,1,1,0.7284081425418171,25,6.3,7.14,6,0,0,0,3,,0,0,0,,,,,,,,,,,,
C,Da Cunha,Como,18,1,1,0.8175156142156804,35,6.34,6.91,6,4,4,0,4,,4,0,0,35,6.1,6.36,3,0,0,0,4,,4,0,0
C,Zaniolo,Udinese,18,1,1,0.7149472480438778,31,6.26,6.77,5,0,0,0,5,,8,0,0,18,6.03,6.22,2,0,0,0,6,,6,1,0
C,Atta,Fiorentina,15,1,1,0.7329035034990555,32,6.36,6.88,5,0,0,0,3,,3,0,0,23,6,5.89,0,0,0,0,5,,5,0,0
C,Barella,Inter,18,1,-1,0.7222398554926489,34,6.28,6.71,3,0,0,0,9,,7,0,0,33,6.26,6.65,3,0,0,0,4,,4,0,0
C,McKennie,Juventus,17,1,1,0.7406628119941715,34,6.13,6.68,5,0,0,0,6,,5,0,0,31,5.94,6.18,2,0,0,0,3,,3,0,0
C,Zaccagni,Lazio,16,-1,-1,0.6268025744024728,26,5.88,5.96,3,1,0,1,0,,6,1,0,34,6.28,7.01,8,2,2,0,10,,10,0,0
C,De Bruyne,Napoli,17,1,1,0.7119000357723613,17,6.26,7.24,5,3,3,0,2,,1,0,0,,,,,,,,,,,,
C,Vlasic,Torino,13,-1,1,0.8290517169968574,37,6.03,6.66,8,5,5,0,3,,7,0,0,30,6.07,6.67,5,2,2,0,0,,0,0,0
C,Gudmundsson A.,Lazio,12,-1,-1,0.7254720228928087,32,5.88,6.34,5,3,3,0,3,,4,1,0,21,6.12,6.98,6,2,2,0,2,,2,0,0
C,Taylor K.,Lazio,13,1,1,0.5903449717077414,17,6.06,6.56,3,0,0,0,2,,5,0,0,,,,,,,,,,,,
C,Rodriguez Je.,Como,11,1,1,0.6554952542653865,28,6.25,6.66,2,0,0,0,8,,3,1,0,,,,,,,,,,,,
C,Alajbegovic,Juventus,11,,,0. N.D,,,,,,,,,,,,,,,,,,,,,,,,
C,Ederson D.S.,Atalanta,12,-1,-1,0.6961117387575944,30,6.25,6.43,2,1,1,0,1,,3,0,0,36,6.17,6.49,4,0,0,0,3,,3,1,0
C,Samardzic,Atalanta,13,1,-1,0.5979608580171616,21,5.93,6.29,2,0,0,0,2,,1,0,0,28,6.09,6.25,2,0,0,0,3,,3,0,0
C,Conceicao,Juventus,13,1,-1,0.6929889358724814,30,6.28,6.7,3,0,0,0,5,,3,0,0,25,6.12,6.5,3,0,0,0,3,,3,1,0
C,Modric,Milan,12,1,1,0.6818585868197299,33,6.45,6.67,2,0,0,0,3,,4,0,0,,,,,,,,,,,,
C,Rowe,Atalanta,10,1,1,0.6695893686614315,28,6.2,6.59,3,0,0,0,3,,2,0,0,,,,,,,,,,,,
C,Baldanzi,Genoa,11,1,-1,0.565774618400196,17,6.15,6.38,1,0,0,0,2,,2,0,0,21,6,6.14,1,0,0,0,2,,2,0,0
C,Zambo Anguissa,Napoli,10,-1,-1,0.6322325912694993,18,6.17,6.86,4,0,0,0,1,,1,0,0,35,6.41,6.97,6,0,0,0,5,,5,0,0
C,Perrone,Como,10,1,1,0.6932937516222812,36,6.22,6.47,3,0,0,0,4,,8,0,0,25,5.94,5.94,0,0,0,0,6,,6,0,0
C,Zielinski,Inter,12,1,1,0.7780198248541621,30,6.25,6.8,6,1,1,0,2,,3,0,1,20,5.98,6.32,2,2,2,0,0,,0,0,0
C,Thuram K.,Juventus,9,-1,-1,0.6875714538221914,34,6.1,6.4,3,0,0,0,2,,2,0,0,33,6.3,6.74,4,0,0,0,5,,5,0,0
C,Saelemaekers,Milan,11,-1,-1,0.6891646555279409,35,6.14,6.41,3,0,0,0,3,,5,0,0,22,6.39,7.36,7,0,0,0,5,,5,0,0
C,Politano,Napoli,9,-1,-1,0.6738115698994916,33,6.09,6.36,2,0,0,0,5,,4,0,0,37,6.11,6.42,3,0,0,0,3,,3,0,0
C,Konè M.,Roma,10,1,1,0.6584556700587754,29,6.26,6.53,2,0,0,0,3,,2,0,0,,,,,,,,,,,,
C,Thorstvedt,Sassuolo,10,1,1,0.6726321855291879,31,6.15,6.48,4,0,0,0,3,,9,0,0,,,,,,,,,,,,
C,Casadei,Torino,9,1,1,0.7025409116695314,32,5.97,6.45,6,0,0,0,0,,5,0,0,15,6.03,6.27,1,0,0,0,1,,1,0,0
C,Ekkelenkamp,Udinese,12,1,1,0.7182059374659631,31,6.05,6.61,5,0,0,0,3,,1,0,0,33,5.97,6.27,3,0,0,0,2,,2,0,0
C,Cancellieri,Lazio,9,1,1,0.6447235982009543,28,5.93,6.29,4,0,0,0,1,,6,0,0,25,5.76,6.04,3,0,0,0,2,,2,1,0
C,Pasalic,Atalanta,8,1,-1,0.6654549903007286,31,5.94,6.27,3,0,0,0,3,,3,0,0,33,5.91,6.14,3,1,0,1,1,,1,0,0
C,Bernardeschi,Bologna,10,1,1,0.7003831038479077,24,6.04,6.56,4,1,1,0,2,,3,0,0,,,,,,,,,,,,
C,Mandragora,Torino,8,-1,1,0.7902996491378342,34,6.04,6.62,7,1,1,0,2,,7,0,0,27,6.19,6.67,4,1,1,0,7,,7,0,0
C,Isaksen,Lazio,9,1,1,0.6898304350904995,27,6.04,6.63,5,0,0,0,1,,0,0,0,37,6.05,6.34,4,0,0,0,5,,5,0,0
C,Konè I.,Sassuolo,8,1,1,0.7119337506390845,35,6.19,6.63,6,0,0,0,0,,3,1,0,,,,,,,,,,,,
C,Cambiaghi,Bologna,8,-1,1,0.6143221360288376,24,5.98,6.42,3,0,0,0,4,,3,1,0,17,6.15,6.5,1,0,0,0,0,,0,0,0
C,Colpani,Monza,9,,,0. N.D,,,,,,,,,,,,,24,5.81,6.04,2,0,0,0,1,,1,0,0
C,Odgaard,Bologna,8,-1,-1,0.6554319267746129,22,5.91,6.61,5,0,0,0,1,,1,0,0,28,6.14,6.84,6,0,0,0,1,,1,0,0
C,Fagioli,Fiorentina,7,1,1,0.6538853980581494,33,6.03,6.23,2,0,0,0,3,,5,0,0,24,5.92,6.04,1,0,0,0,4,,4,0,0
C,Ndour,Fiorentina,7,1,1,0.6375665136889055,30,5.8,6.07,3,0,0,0,0,,2,0,0,7,5.71,5.64,0,0,0,0,1,,1,0,0
C,Diouf,Inter,9,1,1,0.5232252913303399,10,6.15,6.45,1,0,0,0,0,,1,0,0,,,,,,,,,,,,
C,Sucic P.,Inter,9,1,1,0.6242881673127884,28,6.07,6.27,2,0,0,0,2,,5,0,0,,,,,,,,,,,,
C,Locatelli,Juventus,9,-1,-1,0.6891750295395017,36,6.26,6.19,1,1,0,1,2,,9,0,0,35,6.19,6.26,2,1,1,0,9,,9,0,0
C,Vergara,Napoli,10,1,1,0.5135039321555745,8,6.25,6.5,1,0,0,0,0,,2,0,0,,,,,,,,,,,,
C,Cristante,Roma,9,-1,-1,0.6624476975799063,37,6.11,6.22,2,0,0,0,1,,6,0,0,28,6.2,6.59,4,0,0,0,8,,8,0,0
C,Calò,Frosinone,8,,,0. N.D,,,,,,,,,,,,,,,,,,,,,,,,
C,Pessina,Monza,6,,,0. N.D,,,,,,,,,,,,,11,6.09,6,0,0,0,0,2,,2,0,0
C,Unai Gomez,Udinese,7,,,0. N.D,,,,,,,,,,,,,,,,,,,,,,,,
C,Gaetano,Atalanta,7,-1,-1,0.6607637105268659,32,6.06,6.31,2,0,0,0,4,,4,0,0,27,6.04,6.41,2,0,0,0,0,,0,0,0
C,Ferguson,Bologna,7,-1,-1,0.5240851663414793,23,5.8,5.78,1,0,0,0,0,,5,1,0,14,6.11,6.39,1,1,1,0,0,,0,0,0
C,Fazzini,Cagliari,6,-1,-1,0.4890009368006146,12,5.88,5.83,0,0,0,0,0,,2,0,0,20,6.42,6.98,4,0,0,0,2,,2,1,0
C,Frendrup,Genoa,7,-1,-1,0.6273880164227098,36,5.96,5.97,1,0,0,0,0,,5,0,0,35,6,6.04,2,0,0,0,5,,5,0,1
C,Frattesi,Lazio,10,-1,-1,0.5085475388274754,14,5.89,5.89,0,0,0,0,0,,0,0,0,23,6.02,6.72,5,0,0,0,1,,1,0,0
C,Lobotka,Napoli,8,1,1,0.6143789616494583,31,6.05,6.1,1,0,0,0,0,,3,0,0,31,6.05,6.03,0,0,0,0,3,,3,0,0
C,Bernabè,Parma,7,1,1,0.6828739197215193,32,6.17,6.48,3,0,0,0,1,,0,0,0,,,,,,,,,,,,
C,Volpato,Sassuolo,9,1,1,0.6108203436137749,21,6.14,6.52,2,0,0,0,4,,4,0,0,,,,,,,,,,,,
C,Oristanio,Torino,6,-1,-1,0.5401065156869627,18,5.78,5.92,1,0,0,0,0,,1,0,0,37,6.05,6.34,3,0,0,0,3,,3,0,0
C,Winks,Cagliari,6,,,0. N.D,,,,,,,,,,,,,,,,,,,,,,,,
C,Liberali,Como,6,,,0. N.D.,0,0,0,0,0,0,0,0,,0,0,0,1,6,6,0,0,0,0,0,,0,0,0
C,Oulai,Fiorentina,6,,,0. N.D,,,,,,,,,,,,,,,,,,,,,,,,
C,Chukwueze,Milan,8,-1,-1,0.41795387192807765,1,5.5,5.5,0,0,0,0,0,,0,0,0,16,6.09,6.78,3,0,0,0,0,,0,0,0
C,Zalewski,Atalanta,7,1,1,0.6682105515665523,31,6.1,6.4,2,0,0,0,5,,3,0,0,19,6.03,6.21,1,0,0,0,3,,3,0,0
C,Pobega,Bologna,6,-1,1,0.5848180104271965,23,5.83,6.17,3,0,0,0,1,,2,1,0,20,6.05,6.25,2,0,0,0,4,,4,2,0
C,Adopo,Cagliari,7,-1,-1,0.6406975653354096,38,5.83,5.88,1,0,0,0,1,,4,0,0,34,5.87,5.91,1,0,0,0,3,,3,1,0
C,Caqueret,Como,6,-1,-1,0.647434050897756,28,6.11,6.41,2,0,0,0,4,,3,0,0,16,6.34,6.78,2,0,0,0,4,,4,0,0
C,Ellertsson,Genoa,6,-1,-1,0.6117144661458785,35,5.84,5.91,1,0,0,0,1,,1,1,0,35,6.01,6.21,2,0,0,0,2,,2,0,0
C,Zhegrova,Juventus,6,1,1,0.4984294944633611,12,5.96,5.96,0,0,0,0,0,,1,0,0,,,,,,,,,,,,
C,Rovella,Lazio,7,-1,-1,0.45471828547803955,11,5.73,5.64,0,0,0,0,1,,2,1,0,33,6.11,6,0,0,0,0,13,,13,0,0
C,Coulibaly L.,Lecce,7,1,1,0.6651965597459211,33,6.05,6.29,3,0,0,0,1,,4,0,0,37,5.96,6,1,0,0,0,3,,3,0,0
C,Pierotti,Lecce,6,-1,-1,0.6337288217277636,37,5.8,5.85,1,0,0,0,1,,4,0,0,35,5.81,6.1,4,0,0,0,4,,4,1,0
C,Akinsanmiro,Monza,7,1,1,0.5492119011540779,23,5.8,5.8,0,0,0,0,1,,2,0,0,,,,,,,,,,,,
C,Nicolussi Caviglia,Parma,6,-1,-1,0.5672556091778714,23,5.89,6.02,0,0,0,0,4,,4,0,0,35,6.2,6.53,4,0,0,0,5,,5,1,0
C,Karlstrom,Udinese,7,1,1,0.6235548077465692,36,5.96,5.96,1,0,0,0,0,,6,0,0,37,5.85,5.78,0,0,0,0,9,,9,0,0
C,Basic,Venezia,6,1,1,0.6011870548597107,23,6.09,6.43,2,0,0,0,3,,0,1,0,0,0,0,0,0,0,0,0,,0,0,0
C,Amondarain,Bologna,5,,,0. N.D,,,,,,,,,,,,,,,,,,,,,,,,
C,Romano,Cagliari,7,,,0. N.D,,,,,,,,,,,,,,,,,,,,,,,,
C,Milla,Como,6,,,0. N.D,,,,,,,,,,,,,,,,,,,,,,,,
C,Addai,Como,4,1,1,0.5528984548223739,12,5.96,6.54,3,0,0,0,0,,4,0,0,,,,,,,,,,,,
C,Meichtry,Genoa,5,,,0. N.D,,,,,,,,,,,,,,,,,,,,,,,,
C,Traorè Hj.,Genoa,4,,,0. N.D,,,,,,,,,,,,,,,,,,,,,,,,
C,Cacciamani,Torino,6,,,0. N.D,,,,,,,,,,,,,1,6,6,0,0,0,0,0,,0,0,0
C,Busio,Venezia,5,,,0. N.D,,,,,,,,,,,,,31,5.9,6.03,2,0,0,0,4,,4,0,0
C,Perez K.,Venezia,5,,,0. N.D,,,,,,,,,,,,,16,6.03,6.16,1,0,0,0,4,,4,0,0
C,Felici,Cagliari,5,1,1,0.5431181306889855,11,6.05,6.55,2,0,0,0,1,,3,0,0,18,5.83,5.97,0,0,0,0,1,,1,0,0
C,Zerbin,Frosinone,6,-1,-1,0.5848576301083119,29,5.76,5.79,0,0,0,0,2,,2,0,0,18,6,6.11,1,0,0,0,4,,4,0,0
C,Mkhitaryan,Inter,4,1,1,0.6647373869689589,28,6.21,6.59,4,0,0,0,1,,5,0,0,32,6.06,6.25,1,0,0,0,4,,4,0,0
C,Koopmeiners,Juventus,7,-1,-1,0.553068529174734,29,5.64,5.55,0,0,0,0,0,,5,0,0,28,5.98,6.39,3,0,0,0,3,,3,0,0
C,Dele-Bashiru,Lazio,5,-1,-1,0.5543506608038743,21,5.69,5.83,1,0,0,0,0,,0,0,0,17,6.06,6.65,3,0,0,0,0,,0,0,0
C,Berisha M.,Lecce,4,1,1,0.5835735308785567,12,6.17,6.92,2,0,0,0,3,,0,0,0,14,6.07,5.96,0,0,0,0,5,,5,0,0
C,Gandelman,Lecce,4,1,1,0.5740292966809255,16,5.97,6.41,2,0,0,0,1,,0,0,0,,,,,,,,,,,,
,Fofana Y.,,,-1,1,False,33,5.85,6.06,2,0,0,0,3,,4,0,0,34,6.03,6.22,1,0,0,0,5,,5,0,0
C,Keita M.,Parma,5,1,1,0.6511190495376764,36,6.01,6.06,1,0,0,0,1,,1,0,1,28,5.73,5.66,0,0,0,0,4,,4,1,0
,Ondrejka,,,-1,-1,False,15,5.7,5.63,0,0,0,0,0,,2,0,0,10,6.35,7.85,5,0,0,0,0,,0,0,0
C,Pisilli,Roma,7,1,-1,0.6170740673298039,22,6.09,6.48,2,0,0,0,4,,3,0,0,24,5.98,6.12,2,0,0,0,7,,7,0,0
C,Matic,Sassuolo,6,1,1,0.5935840475126511,34,5.96,5.96,1,0,0,0,1,,6,1,0,,,,,,,,,,,,
C,Adzic,Sassuolo,6,1,1,0.5055540716371921,4,6.12,6.88,1,0,0,0,0,,0,0,0,1,6,6,0,0,0,0,0,,0,0,0
C,Bakola,Sassuolo,6,1,1,0.466571601972522,3,6.17,6.17,0,0,0,0,0,,0,0,0,,,,,,,,,,,,
C,Gineitis,Torino,5,-1,-1,0.5619592663872554,27,5.87,5.81,0,0,0,0,1,,5,0,0,28,5.95,6.21,3,0,0,0,5,,5,0,0
C,Piotrowski,Udinese,6,1,1,0.603545806829089,30,5.88,5.95,1,0,0,0,0,,2,0,0,,,,,,,,,,,,
C,Sohm,Venezia,5,-1,-1,0.5415903615987046,24,5.65,5.62,0,0,0,0,1,,3,0,0,37,6.03,6.26,4,0,0,0,7,,7,0,0
C,Cichella,Frosinone,4,,,0. N.D,,,,,,,,,,,,,,,,,,,,,,,,
C,Koutsoupias,Frosinone,4,,,0. N.D,,,,,,,,,,,,,,,,,,,,,,,,
C,Douglas Luiz,Juventus,4,,,0. N.D.,0,0,0,0,0,0,0,0,,0,0,0,15,5.87,5.8,0,0,0,0,2,,2,0,0
C,Almqvist,Parma,4,1,-1,0.49377130902073973,9,5.94,6.06,0,0,0,0,1,,0,0,0,26,5.79,5.85,1,0,0,0,5,,5,0,0
C,Fitz-Jim,Torino,5,,,0. N.D,,,,,,,,,,,,,,,,,,,,,,,,
C,Njie,Fiorentina,4,-1,-1,0.4833434544347571,9,6,5.94,0,0,0,0,0,,1,0,0,9,6,5.94,0,0,0,0,1,,1,0,0
C,De Roon,Roma,4,-1,-1,0.6004934719533125,34,5.97,6,1,0,0,0,2,,6,1,0,36,6.15,6.53,4,0,0,0,5,,5,0,0
C,Moro N.,Bologna,4,1,1,0.6192415903891035,28,5.93,6.12,2,0,0,0,0,,1,0,0,16,6,6.03,0,0,0,0,1,,1,0,0
,Prati,,,1,1,False,32,5.88,5.88,1,0,0,0,0,,6,0,0,10,5.85,5.8,0,0,0,0,1,,1,0,0
C,Fabbian,Parma,4,-1,-1,0.5782710236549199,22,5.8,6.05,2,0,0,0,0,,2,0,0,22,6.09,6.48,3,0,0,0,2,,2,0,0
C,Amorim,Genoa,4,1,1,0.4676864345523173,9,5.72,5.67,0,0,0,0,0,,1,0,0,,,,,,,,,,,,
C,Luis Henrique,Inter,5,1,1,0.6056252024455082,27,5.89,6.06,1,0,0,0,2,,1,0,0,,,,,,,,,,,,
C,Cataldi,Lazio,4,1,-1,0.691340724534814,27,6.07,6.41,3,2,2,0,3,,6,0,0,24,6.04,6.4,3,0,0,0,1,,1,0,0
C,Ngom,Lecce,4,1,1,0.4872952605230676,13,5.69,5.65,0,0,0,0,0,,1,0,0,,,,,,,,,,,,
C,Ricci S.,Como,4,1,-1,0.6158166531383225,28,6,6.18,1,0,0,0,3,,3,0,0,34,6.06,6.03,1,0,0,0,8,,8,1,0
C,Jashari,Milan,5,1,1,0.49543750515379875,12,5.71,5.79,0,0,0,0,1,,0,0,0,,,,,,,,,,,,
C,Loftus-Cheek,Milan,4,1,1,0.6167362068916014,21,6.1,6.52,3,0,0,0,1,,2,0,0,18,5.86,5.78,0,0,0,0,3,,3,0,0
C,Folorunsho,Monza,4,1,1,0.6073026715280155,26,6.04,6.21,2,0,0,0,0,,3,0,0,13,5.96,5.77,0,0,0,0,5,,5,0,0
,El Aynaoui,,,1,1,False,21,5.98,6.1,1,0,0,0,2,,5,0,0,,,,,,,,,,,,
C,Ilkhan,Torino,4,1,1,0.5207042750346353,17,5.82,6,1,0,0,0,2,,2,1,0,,,,,,,,,,,,
C,Dominguez B.,Sassuolo,4,-1,-1,0.5132026719063745,12,5.83,6.04,0,0,0,0,3,,1,0,0,20,6.28,6.82,3,0,0,0,0,,0,0,0
C,Gelli F.,Frosinone,3,,,0. N.D,,,,,,,,,,,,,,,,,,,,,,,,
C,Fini ,Frosinone,4,,,0. N.D,,,,,,,,,,,,,,,,,,,,,,,,
C,Stankovic A.,Inter,3,,,0. N.D,,,,,,,,,,,,,,,,,,,,,,,,
C,Colombo L.,Monza,3,,,0. N.D,,,,,,,,,,,,,,,,,,,,,,,,
C,Diallo O.,Parma,3,,,0. N.D,,,,,,,,,,,,,,,,,,,,,,,,
C,Aboukhlal,Torino,3,1,1,0.4682468666446574,11,5.77,5.64,0,0,0,0,0,,4,0,0,,,,,,,,,,,,
C,Sulemana I.,Sassuolo,3,-1,-1,0.5265380008818179,18,5.69,5.78,1,0,0,0,0,,3,0,0,6,6.17,7.08,2,0,0,0,1,,1,0,0
C,Deiola,Cagliari,3,-1,-1,0.5392991728617575,20,5.98,5.95,0,0,0,0,1,,3,0,0,25,5.98,6.14,2,0,0,0,6,,6,0,0
C,Brescianini,Fiorentina,3,-1,-1,0.5747949542804216,18,5.97,6.31,2,0,0,0,1,,2,0,0,23,6.13,6.72,4,0,0,0,1,,1,0,0
C,Messias,Genoa,4,1,1,0.6664237890790103,19,6.18,6.68,3,1,1,0,1,,1,0,0,16,6,6.03,1,1,0,1,1,,1,0,0
,Miretti,,,-1,-1,False,15,5.97,6.2,1,0,0,0,1,,1,0,0,25,5.98,6.42,3,0,0,0,2,,2,0,0
C,Gilmour,Napoli,3,1,1,0.5321554838659299,13,6.08,6.27,1,0,0,0,0,,1,0,0,17,6,6.06,0,0,0,0,0,,0,0,0
,Sorensen O.,,,1,1,False,30,5.85,5.95,1,0,0,0,1,,2,0,0,,,,,,,,,,,,
C,Miller L.,Udinese,4,1,1,0.5341796511536017,19,5.92,5.95,0,0,0,0,2,,4,0,0,,,,,,,,,,,,
C,Helgason,Venezia,3,-1,-1,0.44056568846392474,4,5.62,5.62,0,0,0,0,0,,0,0,0,17,6.03,6.26,0,0,0,0,0,,0,0,0
C,El Azzouzi O.,Bologna,2,,,0. N.D,,,,,,,,,,,,,,,,,,,,,,,,
C,Hasa,Frosinone,2,,,0. N.D,,,,,,,,,,,,,0,0,0,0,0,0,0,0,,0,0,0
C,Ciurria,Monza,2,,,0. N.D,,,,,,,,,,,,,17,5.79,6,1,0,0,0,1,,1,0,0
C,Chakvetadze,Udinese,2,,,0. N.D,,,,,,,,,,,,,,,,,,,,,,,,
C,Duncan,Venezia,2,,,0. N.D,,,,,,,,,,,,,14,5.86,5.79,0,0,0,0,2,,2,0,0
C,Fadera,Cagliari,2,-1,1,0.589937391927876,24,5.92,6.15,2,0,0,0,1,,5,0,0,24,6,6.19,1,0,0,0,1,,1,1,0
C,Masini,Frosinone,3,-1,-1,0.536110573090077,21,5.98,5.9,0,0,0,0,1,,5,0,0,18,6.06,6.17,1,0,0,0,2,,2,0,0
C,Venturino,Genoa,2,-1,-1,0.46999984785140836,7,5.86,5.86,0,0,0,0,0,,0,0,0,3,6.83,8.83,2,0,0,0,0,,0,0,0
C,Maleh,Lecce,3,-1,1,0.5154950138330441,21,5.69,5.71,1,0,0,0,0,,3,1,0,22,5.82,5.75,0,0,0,0,3,,3,1,0
C,Musah,Milan,3,1,1,0.5389384371377164,16,5.94,6.09,1,0,0,0,0,,1,0,0,26,5.69,5.67,0,0,0,0,5,,5,0,0
C,Ordonez C.,Parma,3,1,1,0.5211802995427413,21,5.79,5.81,1,0,0,0,0,,3,1,0,,,,,,,,,,,,
C,Boloca,Sassuolo,2,1,1,0.4374302440970573,2,5.75,5.75,0,0,0,0,0,,0,0,0,,,,,,,,,,,,
C,Lipani,Sassuolo,2,1,1,0.5417196879016458,21,5.93,5.9,0,0,0,0,1,,3,0,0,,,,,,,,,,,,
C,El Azzouzi A.,Frosinone,1,,,0. N.D,,,,,,,,,,,,,,,,,,,,,,,,
C,Kone B.,Frosinone,1,,,0. N.D,,,,,,,,,,,,,1,6,6,0,0,0,0,1,,1,0,0
C,Kaba,Lecce,1,-1,-1,0.48131717330135154,11,5.77,5.73,0,0,0,0,0,,1,0,0,12,5.88,5.83,0,0,0,0,1,,1,0,0
,Camara A.,,,,,0. N.D,,,,,,,,,,,,,,,,,,,,,,,,
,Bjarkason,,,,,0. N.D,,,,,,,,,,,,,4,5.88,5.75,0,0,0,0,2,,2,0,0
C,Dagasso,Venezia,1,,,0. N.D,,,,,,,,,,,,,,,,,,,,,,,,
C,Liteta,Cagliari,1,1,1,0.44795655988653094,4,5.75,5.75,0,0,0,0,0,,0,0,0,,,,,,,,,,,,
C,Lahdo,Como,1,,,0. N.D.,0,0,0,0,0,0,0,0,,0,0,0,,,,,,,,,,,,
C,Belahyane,Lazio,2,1,-1,0.4697843053548711,11,5.77,5.82,0,0,0,0,2,,1,1,0,26,5.77,5.69,0,0,0,0,4,,4,2,0
C,Przyborek,Lazio,1,,,0. N.D.,0,0,0,0,0,0,0,0,,0,0,0,,,,,,,,,,,,
C,Gorter,Lecce,3,1,1,0.41795387192807765,1,5.5,5.5,0,0,0,0,0,,0,0,0,,,,,,,,,,,,
C,Fofana Sa.,Lecce,1,1,1,0.4232170298228145,2,5.5,5.5,0,0,0,0,0,,0,0,0,,,,,,,,,,,,
C,Cremaschi,Parma,2,1,1,0.4463803004765632,1,6,6,0,0,0,0,0,,0,0,0,,,,,,,,,,,,
,Iannoni,,,1,1,False,5,6,6.5,1,0,0,0,0,,3,0,0,,,,,,,,,,,,
C,Ilic,Lecce,1,-1,-1,0.47293818734031945,8,6,5.88,0,0,0,0,0,,2,0,0,16,5.91,5.97,1,0,0,0,4,,4,0,0
C,Anjorin,Torino,1,-1,-1,0.47083582587342354,9,5.78,5.72,0,0,0,0,0,,1,0,0,22,6.3,6.64,2,0,0,0,3,,3,0,0
C,Zarraga,Udinese,2,-1,-1,0.4710837495885347,10,5.75,5.7,0,0,0,0,0,,2,0,0,18,5.78,5.94,1,0,0,0,0,,0,0,0
A,Martinez L.,Inter,33,1,1,0.8483142133684727,30,6.42,8.25,17,0,0,0,6,,4,0,0,31,6.19,7.44,12,0,0,0,1,,1,0,0
A,Malen,Roma,38,1,1,0.8219073805141517,18,6.72,8.97,14,4,3,1,2,,1,0,0,,,,,,,,,,,,
A,Thuram,Inter,28,1,-1,0.8019201315903465,29,6.43,7.95,13,0,0,0,6,,2,0,0,32,6.33,7.75,14,0,0,0,1,,1,0,0
A,Hojlund,Napoli,28,1,1,0.8436021115807509,33,6.21,7.44,12,1,1,0,5,,1,0,0,,,,,,,,,,,,
A,Ramos G.,Milan,27,,,0. N.D,,,,,,,,,,,,,,,,,,,,,,,,
A,Kolo Muani,Juventus,25,,,0. N.D,,,,,,,,,,,,,16,6.22,7.78,8,1,1,0,0,,0,0,0
A,Kean,Como,24,-1,-1,0.6934547785473387,26,5.88,6.77,8,2,2,0,1,,4,0,0,32,6.42,8.08,19,2,1,1,6,,6,0,0
A,Yildiz,Juventus,22,1,1,0.8321107739532783,35,6.39,7.3,10,2,1,1,6,,2,0,0,34,6.34,7.01,7,0,0,0,2,,2,1,0
A,Douvikas,Como,22,1,1,0.864671948721612,36,6.18,7.38,14,1,1,0,1,,0,0,0,12,6.21,6.75,2,0,0,0,1,,1,0,0
A,Scamacca,Atalanta,19,1,1,0.7353235309316348,22,6.18,7.55,10,2,2,0,1,,2,0,0,0,0,0,0,0,0,0,0,,0,0,0
A,Davis K.,Udinese,19,1,1,0.7754322757317796,30,6.32,7.37,10,4,4,0,4,,5,0,0,16,6,6.38,2,0,0,0,2,,2,0,0
A,Krstovic,Atalanta,18,1,-1,0.7388284056614146,32,6.16,7.19,10,0,0,0,5,,4,0,0,37,6.05,6.92,11,3,2,1,6,,6,0,0
,Leao,,,-1,1,False,28,5.88,6.86,9,2,2,0,3,,5,0,0,34,6.19,7.06,8,0,0,0,5,,5,0,0
A,Berardi,Sassuolo,19,1,1,0.7201757691682208,26,6.31,7.19,8,3,2,1,4,,2,1,0,,,,,,,,,,,,
A,De Ketelaere,Atalanta,17,-1,-1,0.6391994565958053,31,6.21,6.6,3,0,0,0,5,,4,0,0,34,6.19,6.94,7,0,0,0,1,,1,0,0
A,Dovbyk,Bologna,15,-1,-1,0.5448192190603859,13,6,6.77,3,0,0,0,1,,0,0,0,32,6,7.19,12,2,2,0,0,,0,0,0
A,Esposito F.P.,Inter,17,1,1,0.70502292153975,31,6.26,7.02,7,0,0,0,3,,1,0,0,,,,,,,,,,,,
A,Pellegrino M.,Fiorentina,14,-1,1,0.7518677954994623,37,5.99,6.65,9,1,1,0,0,,5,0,0,11,6.14,6.86,3,0,0,0,2,,2,0,0
A,Laurientè,Sassuolo,15,1,1,0.749595661379039,37,6.23,6.99,7,0,0,0,9,,4,0,0,,,,,,,,,,,,
A,Simeone,Torino,14,1,1,0.7368683679838367,32,6.08,7.09,11,0,0,0,0,,1,0,0,19,5.92,6.11,1,0,0,0,1,,1,0,0
A,Santos A.,Napoli,14,1,1,0.5658430586016284,13,6.35,7.23,4,0,0,0,0,,1,0,0,,,,,,,,,,,,
A,Dybala,Roma,16,-1,-1,0.6656253733180739,21,6.26,6.74,2,1,0,1,7,,0,0,0,20,6.48,7.48,6,3,3,0,2,,2,0,0
A,Castro S.,Roma,14,-1,-1,0.6808557811802601,35,5.93,6.51,7,0,0,0,1,,3,0,0,33,6.17,6.76,8,1,0,1,8,,8,0,1
A,Raspadori,Atalanta,14,-1,-1,0.5509482874357919,13,6.12,6.88,3,0,0,0,1,,0,0,0,18,6.19,7.22,6,0,0,0,1,,1,0,0
A,Esposito Se.,Sassuolo,12,1,-1,0.7524369355266072,36,6.26,6.88,7,1,1,0,4,,6,0,0,33,6.17,6.79,8,2,1,1,1,,1,0,0
,Nkunku,,,1,1,False,26,5.94,6.87,7,5,5,0,3,,0,0,0,,,,,,,,,,,,
A,Pinamonti,Lazio,12,-1,-1,0.742499432581859,34,5.88,6.62,9,1,0,1,3,,2,1,0,36,5.96,6.68,10,1,0,1,4,,4,0,0
A,Adams A.,Venezia,11,,,0. N.D,,,,,,,,,,,,,,,,,,,,,,,,
A,Soulè,Roma,13,1,1,0.7010691519327934,32,6.12,6.83,6,0,0,0,5,,1,0,0,,,,,,,,,,,,
A,Diao,Como,12,-1,-1,0.5274092789584635,16,6,6.38,2,0,0,0,1,,2,0,0,14,6.5,7.93,7,0,0,0,2,,2,0,0
A,Colombo,Genoa,11,1,1,0.7450403943454756,37,5.92,6.41,7,2,1,1,1,,2,0,0,36,5.9,6.39,6,1,1,0,3,,3,1,0
,Dia,,,-1,-1,False,25,5.68,5.86,1,0,0,0,2,,1,0,0,35,6.01,6.87,9,0,0,0,2,,2,0,0
,Ratkov,,,1,1,False,7,5.64,5.64,0,0,0,0,0,,0,0,0,,,,,,,,,,,,
,Lukaku,,,1,-1,False,1,7,9.5,1,0,0,0,0,,1,0,0,36,6.29,7.57,14,4,3,1,4,,4,0,0
A,Bowie,Sassuolo,9,1,1,0.549296709912035,14,5.96,6.79,4,0,0,0,0,,1,0,0,,,,,,,,,,,,
A,Ghedjemis,Frosinone,8,,,0. N.D,,,,,,,,,,,,,,,,,,,,,,,,
A,Geubbels,Lecce,8,,,0. N.D,,,,,,,,,,,,,,,,,,,,,,,,
A,Cutrone,Monza,9,-1,-1,0.49303161886928765,14,5.71,5.93,1,0,0,0,0,,0,0,0,33,6.02,6.67,7,1,0,1,1,,1,0,0
,David,,,1,1,False,30,5.77,6.33,6,1,0,1,2,,0,0,0,,,,,,,,,,,,
A,Adams C.,Torino,10,-1,-1,0.6876447080912308,32,5.98,6.64,6,0,0,0,3,,0,0,0,35,6,6.76,9,1,0,1,3,,3,0,0
A,Yeboah J.,Venezia,9,,,0. N.D,,,,,,,,,,,,,28,5.91,5.98,1,0,0,0,6,,6,0,0
A,Rrahmani Al.,Venezia,7,,,0. N.D,,,,,,,,,,,,,,,,,,,,,,,,
,Dallinga,,,-1,-1,False,19,5.82,6.13,2,0,0,0,1,,2,0,0,23,5.96,6.41,3,0,0,0,1,,1,0,0
A,Piccoli,Bologna,8,-1,-1,0.6052595551695086,27,5.78,6.24,4,0,0,0,1,,1,0,0,37,6,6.76,10,1,1,0,6,,6,0,0
A,Vitinha O.,Genoa,8,1,1,0.6216261007025347,31,5.95,6.39,5,0,0,0,1,,5,0,0,22,5.89,6.25,2,0,0,0,2,,2,0,0
A,Raimondo,Frosinone,9,-1,-1,0.4231713303878252,1,6,6,0,0,0,0,0,,0,0,0,1,6,6,0,0,0,0,0,,0,0,0
A,Bonny,Inter,7,1,-1,0.6583353566602985,27,6.15,6.83,5,0,0,0,4,,1,0,0,37,6.03,6.51,6,3,2,1,2,,2,0,0
A,Stulic,Lecce,6,1,1,0.6612405730061965,30,5.73,6.12,4,1,1,0,0,,1,0,0,,,,,,,,,,,,
A,Zapata D.,Torino,6,-1,-1,0.6276759312876897,23,5.83,6.13,3,1,0,1,1,,0,0,0,7,6.57,7.79,3,0,0,0,1,,1,0,0
,Mutandwa,,,,,0. N.D,,,,,,,,,,,,,5,5.9,5.9,0,0,0,0,0,,0,0,0
A,Neres,Napoli,6,1,1,0.5602877550911847,16,6.19,6.84,3,0,0,0,3,,3,0,0,25,6.32,6.72,2,0,0,0,2,,2,0,0
A,Sulemana K.,Atalanta,6,1,1,0.5380177373897652,21,6,6.24,2,0,0,0,1,,4,0,0,,,,,,,,,,,,
A,Boga,Juventus,7,1,1,0.5647538234863488,13,6.19,7.15,4,0,0,0,1,,1,0,0,,,,,,,,,,,,
A,Noslin,Lazio,6,1,1,0.5591869961947521,23,6.02,6.5,4,0,0,0,2,,4,1,0,19,6,6.37,2,0,0,0,2,,2,0,0
,Gimenez,,,-1,-1,False,15,5.5,5.53,0,0,0,0,1,,2,0,0,12,5.88,6.75,5,1,0,1,3,,3,1,0
A,Maldini,Cagliari,5,-1,-1,0.5407774179485504,18,5.94,6.31,2,0,0,0,1,,1,0,0,27,6.02,6.59,6,0,0,0,5,,5,0,0
A,Mota,Monza,4,,,0. N.D,,,,,,,,,,,,,31,5.84,6.31,5,0,0,0,3,,3,0,0
A,Adorante,Venezia,4,,,0. N.D,,,,,,,,,,,,,,,,,,,,,,,,
A,Camarda,Milan,4,-1,1,0.5499874857702169,18,5.67,5.64,1,1,0,1,0,,1,0,0,6,5.92,5.92,0,0,0,0,0,,0,0,0
A,Frigan,Parma,4,,,0. N.D.,0,0,0,0,0,0,0,0,,0,0,0,,,,,,,,,,,,
A,Mendy P.,Cagliari,4,1,1,0.48969223075375934,8,5.94,6.62,2,0,0,0,0,,1,0,0,,,,,,,,,,,,
A,Kvernadze,Frosinone,6,,,0. N.D,,,,,,,,,,,,,,,,,,,,,,,,
A,Havel,Genoa,4,,,0. N.D,,,,,,,,,,,,,,,,,,,,,,,,
A,Borrelli,Cagliari,4,1,1,0.602261721110944,26,5.92,6.46,5,0,0,0,1,,4,0,0,,,,,,,,,,,,
,Morata,,,-1,-1,False,17,5.5,5.21,0,1,0,1,0,,2,1,0,16,6.09,6.88,5,0,0,0,5,,5,0,0
A,Giovane,Napoli,4,1,1,0.6475027965608381,31,6,6.45,3,0,0,0,6,,2,0,0,,,,,,,,,,,,
A,Kulenovic,Torino,4,1,1,0.43427303223694974,7,5.71,5.79,0,0,0,0,1,,2,0,0,,,,,,,,,,,,
A,Gueye,Udinese,4,1,1,0.4768438771782904,13,5.77,5.92,1,0,0,0,0,,2,0,0,,,,,,,,,,,,
A,Varela G.,Monza,7,,,0. N.D,,,,,,,,,,,,,,,,,,,,,,,,
A,Lang,Napoli,4,1,1,0.5105022499142541,14,6.04,6.32,1,0,0,0,2,,2,0,0,,,,,,,,,,,,
A,Lucca,Napoli,4,-1,-1,0.46237024679649397,9,5.72,6,1,0,0,0,0,,1,0,0,33,6.11,7.05,12,1,1,0,10,,10,0,0
,Kuhn,,,1,1,False,14,5.96,6.25,1,0,0,0,1,,0,0,0,,,,,,,,,,,,
A,Ekhator,Juventus,3,1,1,0.5712428920745365,25,5.96,6.28,3,0,0,0,0,,3,0,0,15,5.87,6.1,1,0,0,0,1,,1,0,0
A,N'Dri,Lecce,4,1,1,0.5088095903038372,17,5.82,6.09,2,0,0,0,0,,3,0,0,7,5.86,5.86,0,0,0,0,0,,0,0,0
A,Elphege,Parma,3,1,1,0.5092587695233637,8,6,6.88,2,0,0,0,1,,0,0,0,,,,,,,,,,,,
,Petagna,,,-1,-1,False,7,5.36,5.29,0,0,0,0,0,,1,0,0,7,5.36,5.29,0,0,0,0,1,,1,0,0
,Buksa ,,,,,0. N.D,,,,,,,,,,,,,,,,,,,,,,,,
,Azon,,,,,0. N.D.,0,0,0,0,0,0,0,0,,0,0,0,0,0,0,0,0,0,0,0,,0,0,0
A,Lisman,Venezia,1,,,0. N.D,,,,,,,,,,,,,,,,,,,,,,,,
A,Lauberbach,Venezia,1,,,0. N.D,,,,,,,,,,,,,,,,,,,,,,,,
,Albarracin,,,1,1,False,2,6,6,0,0,0,0,0,,0,0,0,,,,,,,,,,,,
A,Trepy,Cagliari,1,1,1,0.416212696690179,3,5.67,5.67,0,0,0,0,0,,0,0,0,,,,,,,,,,,,
,Vaz,,,1,1,False,7,5.93,6.36,1,0,0,0,0,,0,0,0,,,,,,,,,,,,
,Moro L.,,,1,1,False,6,5.58,5.5,0,0,0,0,0,,1,0,0,,,,,,,,,,,,
A,Bayo V.,Udinese,1,1,1,0.4752082095272545,12,5.75,5.83,0,0,0,0,1,,0,0,0,,,,,,,,,,,,
